kind|sim_ps|observe_ps|logical_ps|pc|bank|row|sector|tag|beat|arrival_ps|q_n|r_n
ACCEPT_WR|7500|1000|1000|-1|-1|-1|0|0|1|1000|-1|-1
ENQUEUE_WR|7500|1000|1000|0|0|0|0|0|0|1000|1|0
SCHEDULE|7500|1000|1000|0|0|0|0|0|0|1000|1|0
ACT_RESERVATION|7500|1000|11000|0|0|0|0|0|0|1000|1|0
WR_COLUMN_RESERVATION|7500|1000|20375|0|0|0|0|0|0|1000|1|0
ACCEPT_WR|8500|2000|2000|-1|-1|-1|4294967296|1|1|2000|-1|-1
ENQUEUE_WR|8500|2000|2000|0|0|131072|4294967296|1|0|2000|2|0
WR_POP|27500|21000|20375|0|0|0|0|0|0|1000|2|0
BACKING_STORE|27500|21000|21000|0|0|0|0|0|0|1000|2|0
SCHEDULE|27500|21000|21000|0|0|131072|4294967296|1|0|2000|1|0
PRE_RESERVATION|27500|21000|48274|0|0|131072|4294967296|1|0|2000|1|0
ACT_RESERVATION|27500|21000|64524|0|0|131072|4294967296|1|0|2000|1|0
WR_COLUMN_RESERVATION|27500|21000|73899|0|0|131072|4294967296|1|0|2000|1|0
WR_POP|80500|74000|73899|0|0|131072|4294967296|1|0|2000|1|0
BACKING_STORE|80500|74000|74000|0|0|131072|4294967296|1|0|2000|1|0
ACCEPT_RD|81500|75000|75000|-1|-1|-1|0|2|1|75000|-1|-1
ENQUEUE_RD|81500|75000|75000|0|0|0|0|2|0|75000|1|0
SCHEDULE|81500|75000|75000|0|0|0|0|2|0|75000|1|0
PRE_RESERVATION|81500|75000|101798|0|0|0|0|2|0|75000|1|0
ACT_RESERVATION|81500|75000|118048|0|0|0|0|2|0|75000|1|0
RD_COLUMN_RESERVATION|81500|75000|137423|0|0|0|0|2|0|75000|1|0
ACCEPT_RD|82500|76000|76000|-1|-1|-1|4294967296|3|1|76000|-1|-1
ENQUEUE_RD|82500|76000|76000|0|0|131072|4294967296|3|0|76000|2|0
RETURN_ENQUEUE|144500|138000|160947|0|0|0|0|2|0|75000|2|1
SCHEDULE|144500|138000|138000|0|0|131072|4294967296|3|0|76000|1|1
PRE_RESERVATION|144500|138000|146173|0|0|131072|4294967296|3|0|76000|1|1
ACT_RESERVATION|144500|138000|162423|0|0|131072|4294967296|3|0|76000|1|1
RD_COLUMN_RESERVATION|144500|138000|181798|0|0|131072|4294967296|3|0|76000|1|1
READ_TAKE|167500|161000|160947|0|-1|-1|-1|2|0|-1|1|1
RETURN_ENQUEUE|188500|182000|205322|0|0|131072|4294967296|3|0|76000|1|1
READ_TAKE|212500|206000|205322|0|-1|-1|-1|3|0|-1|0|1
