kind|sim_ps|model_ps|tag|len_or_beat|sector|owner
ACCEPT|7500|1000|0|1|0|0
ACCEPT|8500|2000|1|1|0|0
ACCEPT|9500|3000|2|1|0|0
ACCEPT|10500|4000|3|1|0|0
ACCEPT|11500|5000|4|1|0|0
ACCEPT|12500|6000|5|1|0|0
ACCEPT|13500|7000|6|1|0|0
ACCEPT|14500|8000|7|1|0|0
ACCEPT|15500|9000|8|1|0|0
ACCEPT|16500|10000|9|1|0|0
ACCEPT|17500|11000|10|1|0|0
ACCEPT|18500|12000|11|1|0|0
ACCEPT|19500|13000|12|1|0|0
ACCEPT|20500|14000|13|1|0|0
ACCEPT|21500|15000|14|1|0|0
ACCEPT|22500|16000|15|1|0|0
ACCEPT|23500|17000|16|1|0|0
ACCEPT|24500|18000|17|1|0|0
ACCEPT|25500|19000|18|1|0|0
ACCEPT|26500|20000|19|1|0|0
ACCEPT|27500|21000|20|1|0|0
ACCEPT|28500|22000|21|1|0|0
ACCEPT|29500|23000|22|1|0|0
ACCEPT|30500|24000|23|1|0|0
ACCEPT|31500|25000|24|1|0|0
ACCEPT|32500|26000|25|1|0|0
ACCEPT|33500|27000|26|1|0|0
ACCEPT|34500|28000|27|1|0|0
ACCEPT|35500|29000|28|1|0|0
ACCEPT|36500|30000|29|1|0|0
ACCEPT|37500|31000|30|1|0|0
ACCEPT|38500|32000|31|1|0|0
ACCEPT|39500|33000|32|1|1|0
ACCEPT|40500|34000|33|1|2|0
READ_TAKE|4106500|4100000|0|0|-1|0
READ_TAKE|4107500|4101000|1|0|-1|0
READ_TAKE|4108500|4102000|2|0|-1|0
READ_TAKE|4109500|4103000|3|0|-1|0
READ_TAKE|4110500|4104000|4|0|-1|0
READ_TAKE|4111500|4105000|5|0|-1|0
READ_TAKE|4112500|4106000|6|0|-1|0
READ_TAKE|4113500|4107000|7|0|-1|0
READ_TAKE|4114500|4108000|8|0|-1|0
READ_TAKE|4115500|4109000|9|0|-1|0
READ_TAKE|4116500|4110000|10|0|-1|0
READ_TAKE|4117500|4111000|11|0|-1|0
READ_TAKE|4118500|4112000|12|0|-1|0
READ_TAKE|4119500|4113000|13|0|-1|0
READ_TAKE|4120500|4114000|14|0|-1|0
READ_TAKE|4121500|4115000|15|0|-1|0
READ_TAKE|4122500|4116000|16|0|-1|0
READ_TAKE|4123500|4117000|32|0|-1|0
READ_TAKE|4124500|4118000|33|0|-1|0
READ_TAKE|4125500|4119000|17|0|-1|0
READ_TAKE|4126500|4120000|18|0|-1|0
READ_TAKE|4127500|4121000|19|0|-1|0
READ_TAKE|4128500|4122000|20|0|-1|0
READ_TAKE|4129500|4123000|21|0|-1|0
READ_TAKE|4130500|4124000|22|0|-1|0
READ_TAKE|4131500|4125000|23|0|-1|0
READ_TAKE|4132500|4126000|24|0|-1|0
READ_TAKE|4133500|4127000|25|0|-1|0
READ_TAKE|4134500|4128000|26|0|-1|0
READ_TAKE|4135500|4129000|27|0|-1|0
READ_TAKE|4136500|4130000|28|0|-1|0
READ_TAKE|4137500|4131000|29|0|-1|0
READ_TAKE|4138500|4132000|30|0|-1|0
READ_TAKE|4521500|4515000|31|0|-1|0
