model	family	PCs	H1_arithmetic_candidates	unexposed_native_ops	remaining_work	connected_family_qualified
Qwen	ALL_REDUCE	72	FADD,FMUL		C0,G1,N1	false
Qwen	ARGMAX	2		AND,FCMP_EQ,FCMP_GT,FCMP_NE,OR	C0,G1,R1,V1	false
Qwen	ARGMAX_REDUCE	1		AND,FCMP_EQ,FCMP_GT,FCMP_LT,OR	C0,G1,R1,V1	false
Qwen	EMBED	1	FMUL	I2F	C0,G1,V1	false
Qwen	EXP_SUM	72	FADD,FMUL	AND,BITCAST_F,BITCAST_U,COPY,F2I,FMAX,FMIN,IADD,SHL,SHR,XOR	C0,G1,M1,R1,S1,V1	false
Qwen	FINAL_NORM	1	FADD,FMUL	BITCAST_F,BITCAST_U,COPY,ISUB,SHR,XOR	C0,G1,M1,R1,S1,V1	false
Qwen	HEAD_NORM	144	FADD,FMUL	BITCAST_F,BITCAST_U,COPY,ISUB,SHR,XOR	C0,G1,M1,R1,S1,V1	false
Qwen	KV_FENCE	72			C0,G1,N1	false
Qwen	KV_READ	72		FP8_UNPACK	C0,G1,N1,V1	false
Qwen	KV_WRITE	72		FP8_PACK	C0,G1,N1,V1	false
Qwen	MATRIX	290	FADD,FMUL	AND,BITCAST_F,BITCAST_U,I2F,IADD,SHR	C0,G1,M1,T1,V1	false
Qwen	NORMALIZE	72	FADD,FMUL	AND,BITCAST_F,BITCAST_U,COPY,FCMP_EQ,FCMP_GT,FCMP_NE,ISUB,SELECT,XOR	C0,G1,M1,R1,S1,V1	false
Qwen	PV	72	FADD,FMUL		C0,G1,T1	false
Qwen	QKV_SPLIT	72			C0,G1,M1,N1	false
Qwen	RESIDUAL	72	FADD		C0,G1	false
Qwen	ROPE	144	FADD,FMUL	BITCAST_F,BITCAST_U,XOR	C0,G1,M1,V1	false
Qwen	ROW_SCALE	146	FMUL		C0,G1	false
Qwen	RSTD	72	FADD,FMUL	BITCAST_F,BITCAST_U,COPY,ISUB,SHR,XOR	C0,G1,M1,R1,S1,V1	false
Qwen	SCALAR_MUL	144	FMUL		C0,G1	false
Qwen	SCORES	72	FADD,FMUL	AND,BITCAST_F,BITCAST_U,IADD,SHR	C0,G1,M1,R1,T1,V1	false
Qwen	SILU_GATE	72	FADD,FMUL	AND,BITCAST_F,BITCAST_U,COPY,F2I,FCMP_EQ,FCMP_GT,FCMP_NE,FMAX,FMIN,IADD,ISUB,SELECT,SHL,XOR	C0,G1,M1,S1,V1	false
DeepSeek	all_gather	212		ASSERT,BROADCAST,CONST,FCMP_EQ,IADD,LOAD,RESHAPE,SELECT,SLICE	C0,G1,M1,N1,V1	false
DeepSeek	all_reduce	40	FADD	AND,BITCAST_F,BITCAST_U,CONST,IADD,LOAD,RESHAPE,SHR,SLICE	C0,G1,M1,N1,V1	false
DeepSeek	argmax_local	1		AND,BROADCAST,CONCAT,CONST,FCMP_EQ,FCMP_GT,FCMP_LT,IADD,IOTA,LOAD,OR,SELECT,SLICE,TAKE,XOR	C0,G1,M1,R1,V1	false
DeepSeek	attend	40	FADD,FMUL	AND,BITCAST_F,BITCAST_U,BROADCAST,CONCAT,CONST,DIV,F2I,FMAX,FMIN,IADD,LOAD,RESHAPE,SHL,SHR,SLICE,TRANSPOSE,XOR	C0,G1,M1,R1,S1,T1,V1	false
DeepSeek	cand_apply	1		AND,BROADCAST,CONST,FCMP_EQ,FCMP_GT,LOAD,OR,RESHAPE,SLICE	C0,G1,M1,V1	false
DeepSeek	cand_local	1		AND,BROADCAST,CONCAT,CONST,FCMP_EQ,FCMP_GT,FCMP_LT,FMAX,IADD,IMUL,IOTA,LOAD,OR,RESHAPE,SELECT,SLICE,TAKE,TRANSPOSE,XOR	C0,G1,M1,V1	false
DeepSeek	cand_mask	4		CONST,IOTA,LOAD,SELECT,SHR,TAKE	C0,G1,M1,V1	false
DeepSeek	compressor	4	FADD,FMUL	AND,BITCAST_F,BITCAST_U,BROADCAST,CONCAT,CONST,DIV,F2I,FCMP_EQ,FCMP_GT,FCMP_LT,FMAX,FMIN,IADD,IMUL,ISUB,LDEXP,LOAD,OR,PACKET_COMMIT,RESHAPE,SELECT,SHL,SHR,SLICE,TRANSPOSE,XOR	C0,G1,M1,N1,S1,V1	false
DeepSeek	engram_fetch	2		AND,ASSERT,BITCAST_F,BITCAST_U,CONCAT,CONST,FCMP_EQ,IADD,IMOD,IMUL,LDEXP,LOAD,RESHAPE,SHR,SLICE,TAKE,XOR	C0,G1,M1,N1,V1	false
DeepSeek	engram_mix	2	FADD,FMUL	AND,BITCAST_F,BITCAST_U,BROADCAST,CONCAT,CONST,DIV,F2I,FCMP_LT,FMAX,FMIN,IADD,ISUB,LOAD,RESHAPE,SELECT,SHL,SHR,SLICE,SQRT,TRANSPOSE,XOR	C0,G1,M1,S1,T1,V1	false
DeepSeek	expert_fetch	40		LOAD,PACKET_COMMIT,TAKE	C0,G1,M1,N1,S1,T1	false
DeepSeek	final_norm	1	FADD,FMUL	AND,BITCAST_F,BITCAST_U,BROADCAST,CONCAT,CONST,DIV,IADD,ISUB,LOAD,RESHAPE,SHR,SLICE,TRANSPOSE,XOR	C0,G1,M1,R1,S1,V1	false
DeepSeek	hc_mixes	80	FADD,FMUL	AND,BITCAST_F,BITCAST_U,BROADCAST,CONCAT,CONST,DIV,F2I,FMAX,FMIN,IADD,ISUB,LOAD,RESHAPE,SHL,SHR,SLICE,TRANSPOSE,XOR	C0,G1,M1,R1,S1,T1,V1	false
DeepSeek	hc_post	80	FADD,FMUL	AND,BITCAST_F,BITCAST_U,CONCAT,CONST,IADD,LOAD,RESHAPE,SHR,SLICE	C0,G1,M1,R1,S1,V1	false
DeepSeek	hc_pre_norm	80	FADD,FMUL	AND,BITCAST_F,BITCAST_U,BROADCAST,CONCAT,CONST,DIV,IADD,ISUB,LOAD,RESHAPE,SHR,SLICE,TRANSPOSE,XOR	C0,G1,M1,R1,S1,V1	false
DeepSeek	index_q	8	FADD,FMUL	AND,BITCAST_F,BITCAST_U,BROADCAST,CONCAT,CONST,FCMP_EQ,FCMP_GT,FCMP_LT,FMAX,IADD,IMUL,ISUB,LDEXP,LOAD,OR,RESHAPE,SELECT,SHL,SHR,SLICE,TRANSPOSE,XOR	C0,G1,M1,V1	false
DeepSeek	index_scores	8	FADD,FMUL	AND,ASSERT,BITCAST_F,BITCAST_U,BROADCAST,CONCAT,CONST,FCMP_EQ,FMAX,I2F,IADD,IMUL,IOTA,ISUB,LDEXP,LOAD,RESHAPE,SHR,SLICE,TAKE,TRANSPOSE	C0,G1,M1,R1,T1,V1	false
DeepSeek	kv_gather	8	FMUL	AND,ASSERT,BITCAST_F,BITCAST_U,CONCAT,CONST,FCMP_EQ,FCMP_LT,IADD,LOAD,PACKET_COMMIT,RESHAPE,SHR,TAKE	C0,G1,M1,N1,V1	false
DeepSeek	linear_bf16	9	FADD,FMUL	AND,BITCAST_F,BITCAST_U,BROADCAST,CONCAT,CONST,IADD,LOAD,RESHAPE,SHR,SLICE,TRANSPOSE	C0,G1,M1,T1,V1	false
DeepSeek	linear_q	1010	FADD,FMUL	AND,ASSERT,BITCAST_F,BITCAST_U,BROADCAST,CONCAT,CONST,F2I,FCMP_EQ,FCMP_GT,FCMP_LT,FMAX,I2F,IADD,IMUL,ISUB,LDEXP,LOAD,OR,RESHAPE,SELECT,SHR,SLICE,TAKE,TRANSPOSE,XOR	C0,G1,M1,T1,V1	false
DeepSeek	moe_sum	40	FADD	AND,BITCAST_F,BITCAST_U,BROADCAST,CONST,IADD,LOAD,RESHAPE,SHR,SLICE	C0,G1,M1,R1,V1	false
DeepSeek	mv	44	FADD,FMUL	AND,BITCAST_F,BITCAST_U,BROADCAST,CONCAT,CONST,IADD,LOAD,RESHAPE,SHR,SLICE,TRANSPOSE	C0,G1,M1,T1,V1	false
DeepSeek	q_norm_kv_row	40	FADD,FMUL	AND,BITCAST_F,BITCAST_U,BROADCAST,CONCAT,CONST,DIV,FCMP_EQ,FCMP_GT,FCMP_LT,FMAX,IADD,IMUL,ISUB,LDEXP,LOAD,OR,PACKET_COMMIT,RESHAPE,SELECT,SHR,SLICE,TRANSPOSE,XOR	C0,G1,M1,N1,R1,S1,V1	false
DeepSeek	q_rope	40	FADD,FMUL	AND,BITCAST_F,BITCAST_U,CONCAT,CONST,IADD,LOAD,RESHAPE,SHR,SLICE,XOR	C0,G1,M1,V1	false
DeepSeek	route	40	FADD,FMUL	AND,BITCAST_F,BITCAST_U,BROADCAST,CONCAT,CONST,DIV,FCMP_EQ,FCMP_GT,FCMP_LT,I2F,IOTA,LOAD,OR,RESHAPE,SELECT,SLICE,TAKE,TRANSPOSE,XOR	C0,G1,M1,R1,S1,V1	false
DeepSeek	router_act	40	FADD,FMUL	AND,BITCAST_F,BITCAST_U,CONST,DIV,F2I,FMAX,FMIN,IADD,LOAD,SHL,SQRT,XOR	C0,G1,M1,R1,S1,V1	false
DeepSeek	swiglu	280	FADD,FMUL	AND,BITCAST_F,BITCAST_U,CONCAT,CONST,DIV,F2I,FMAX,FMIN,IADD,LOAD,SHL,SHR,SLICE,XOR	C0,G1,M1,S1,V1	false
DeepSeek	topk_local	8		AND,BROADCAST,CONCAT,CONST,FCMP_EQ,FCMP_GT,FCMP_LT,IOTA,LOAD,OR,SELECT,SLICE,TAKE,XOR	C0,G1,M1,R1,V1	false
DeepSeek	topk_merge	10		AND,BITCAST_F,BITCAST_U,BROADCAST,CONCAT,CONST,FCMP_EQ,FCMP_GT,FCMP_LT,I2F,IOTA,LOAD,OR,SELECT,SLICE,TAKE,XOR	C0,G1,M1,N1,R1,V1	false
DeepSeek	wo_a_part	40	FADD,FMUL	AND,BITCAST_F,BITCAST_U,BROADCAST,CONST,IADD,LOAD,RESHAPE,SHR,SLICE,TRANSPOSE	C0,G1,M1,T1,V1	false
