top	direction	port	bits	literal_range	clock_domain
ot_hbm_accel_tu_endpoint	input	clk	1	-	clk
ot_hbm_accel_tu_endpoint	input	rst_n	1	-	clk
ot_hbm_accel_tu_endpoint	input	pclk	1	-	pclk
ot_hbm_accel_tu_endpoint	input	prst_n	1	-	pclk
ot_hbm_accel_tu_endpoint	input	rank	8	7:0	clk
ot_hbm_accel_tu_endpoint	input	pf	16	15:0	clk
ot_hbm_accel_tu_endpoint	input	go	1	-	clk
ot_hbm_accel_tu_endpoint	output	inj_idx	32	INJ*16-1:0	clk
ot_hbm_accel_tu_endpoint	output	inj_rd	2	INJ-1:0	clk
ot_hbm_accel_tu_endpoint	input	inj_data	1024	INJ*FW-1:0	clk
ot_hbm_accel_tu_endpoint	output	ph_tx_v	8	NPT-1:0	pclk
ot_hbm_accel_tu_endpoint	output	ph_tx_flit	4360	NPT*PWT-1:0	pclk
ot_hbm_accel_tu_endpoint	input	sw_cr_ret	8	NPT-1:0	clk
ot_hbm_accel_tu_endpoint	input	ph_rx_v	8	NPT-1:0	pclk
ot_hbm_accel_tu_endpoint	input	ph_rx_flit	4360	NPT*PWT-1:0	pclk
ot_hbm_accel_tu_endpoint	output	rx_credit	8	NPT-1:0	clk
ot_hbm_accel_tu_endpoint	output	del_valid	4	DEL-1:0	clk
ot_hbm_accel_tu_endpoint	output	del_flit	2180	DEL*PWT-1:0	clk
ot_hbm_accel_tu_endpoint	output	fault	1	-	clk
ot_hbm_accel_tu_endpoint	output	stat_credit_stall	32	31:0	clk
ot_hbm_accel_tu_endpoint_item9_owner	input	clk	1	-	clk
ot_hbm_accel_tu_endpoint_item9_owner	input	rst_n	1	-	clk
ot_hbm_accel_tu_endpoint_item9_owner	input	pclk	1	-	pclk
ot_hbm_accel_tu_endpoint_item9_owner	input	prst_n	1	-	pclk
ot_hbm_accel_tu_endpoint_item9_owner	input	rank	8	7:0	clk
ot_hbm_accel_tu_endpoint_item9_owner	input	context_operation	64	63:0	clk
ot_hbm_accel_tu_endpoint_item9_owner	input	context_phase	32	31:0	clk
ot_hbm_accel_tu_endpoint_item9_owner	output	endpoint_rearm_ready	1	-	clk
ot_hbm_accel_tu_endpoint_item9_owner	output	endpoint_quiet_core	1	-	clk
ot_hbm_accel_tu_endpoint_item9_owner	output	endpoint_quiet_phy	1	-	pclk
ot_hbm_accel_tu_endpoint_item9_owner	input	pf	16	15:0	clk
ot_hbm_accel_tu_endpoint_item9_owner	input	go	1	-	clk
ot_hbm_accel_tu_endpoint_item9_owner	output	inj_idx	32	INJ*16-1:0	clk
ot_hbm_accel_tu_endpoint_item9_owner	output	inj_rd	2	INJ-1:0	clk
ot_hbm_accel_tu_endpoint_item9_owner	input	inj_data	1024	INJ*FW-1:0	clk
ot_hbm_accel_tu_endpoint_item9_owner	output	ph_tx_v	8	NPT-1:0	pclk
ot_hbm_accel_tu_endpoint_item9_owner	output	ph_tx_flit	4360	NPT*PWT-1:0	pclk
ot_hbm_accel_tu_endpoint_item9_owner	input	sw_cr_ret	8	NPT-1:0	clk
ot_hbm_accel_tu_endpoint_item9_owner	input	ph_rx_v	8	NPT-1:0	pclk
ot_hbm_accel_tu_endpoint_item9_owner	input	ph_rx_flit	4360	NPT*PWT-1:0	pclk
ot_hbm_accel_tu_endpoint_item9_owner	output	rx_credit	8	NPT-1:0	clk
ot_hbm_accel_tu_endpoint_item9_owner	output	del_valid	4	DEL-1:0	clk
ot_hbm_accel_tu_endpoint_item9_owner	output	del_flit	2180	DEL*PWT-1:0	clk
ot_hbm_accel_tu_endpoint_item9_owner	output	fault	1	-	clk
ot_hbm_accel_tu_endpoint_item9_owner	output	stat_credit_stall	32	31:0	clk
ot_ds_hbm_cmdproc20	input	clk	1	-	clk
ot_ds_hbm_cmdproc20	input	rst_n	1	-	clk
ot_ds_hbm_cmdproc20	input	cmd_we	1	-	clk
ot_ds_hbm_cmdproc20	input	cmd_addr	8	$clog2(NCMD)-1:0	clk
ot_ds_hbm_cmdproc20	input	cmd_wdata	64	63:0	clk
ot_ds_hbm_cmdproc20	input	db_v	1	-	clk
ot_ds_hbm_cmdproc20	output	db_rdy	1	-	clk
ot_ds_hbm_cmdproc20	input	db_token	17	TW-1:0	clk
ot_ds_hbm_cmdproc20	input	db_pos	20	PW-1:0	clk
ot_ds_hbm_cmdproc20	input	db_job	32	31:0	clk
ot_ds_hbm_cmdproc20	input	db_generation	4	3:0	clk
ot_ds_hbm_cmdproc20	output	cpl_position	20	PW-1:0	clk
ot_ds_hbm_cmdproc20	output	cpl_job	32	31:0	clk
ot_ds_hbm_cmdproc20	output	cpl_generation	4	3:0	clk
ot_ds_hbm_cmdproc20	output	launch_v	2	NSM-1:0	clk
ot_ds_hbm_cmdproc20	output	launch_pc	32	31:0	clk
ot_ds_hbm_cmdproc20	output	launch_token	17	TW-1:0	clk
ot_ds_hbm_cmdproc20	output	launch_pos	20	PW-1:0	clk
ot_ds_hbm_cmdproc20	input	sm_done	2	NSM-1:0	clk
ot_ds_hbm_cmdproc20	input	sm_fault	2	NSM-1:0	clk
ot_ds_hbm_cmdproc20	input	res_v	2	NSM-1:0	clk
ot_ds_hbm_cmdproc20	input	res_data	64	NSM*32-1:0	clk
ot_ds_hbm_cmdproc20	output	cpl_v	1	-	clk
ot_ds_hbm_cmdproc20	input	cpl_rdy	1	-	clk
ot_ds_hbm_cmdproc20	output	cpl_token	17	TW-1:0	clk
ot_ds_hbm_cmdproc20	output	cpl_status	4	3:0	clk
ot_ds_hbm_cmdproc20	output	cpl_cycles	32	31:0	clk
ot_ds_hbm_cmdproc20	output	st_kernels	32	31:0	clk
ot_ds_hbm_cmdproc20	output	st_busy	32	31:0	clk
ot_hbm_integrated_su_cp_bind	input	clk	1	-	clk
ot_hbm_integrated_su_cp_bind	input	por_n	1	-	clk
ot_hbm_integrated_su_cp_bind	input	launch_v	2	1:0	clk
ot_hbm_integrated_su_cp_bind	input	launch_pc	32	31:0	clk
ot_hbm_integrated_su_cp_bind	input	cp_job	32	31:0	clk
ot_hbm_integrated_su_cp_bind	input	cp_gen	4	3:0	clk
ot_hbm_integrated_su_cp_bind	input	launch_token	17	16:0	clk
ot_hbm_integrated_su_cp_bind	input	launch_pos	20	19:0	clk
ot_hbm_integrated_su_cp_bind	output	native_launch	2	1:0	clk
ot_hbm_integrated_su_cp_bind	output	lease_v	1	-	clk
ot_hbm_integrated_su_cp_bind	input	lease_granted	1	-	clk
ot_hbm_integrated_su_cp_bind	output	release_v	1	-	clk
ot_hbm_integrated_su_cp_bind	input	release_r	1	-	clk
ot_hbm_integrated_su_cp_bind	input	exec_done	1	-	clk
ot_hbm_integrated_su_cp_bind	input	exec_fault	1	-	clk
ot_hbm_integrated_su_cp_bind	input	retired_original_ops	4	3:0	clk
ot_hbm_integrated_su_cp_bind	input	shared_fault	1	-	clk
ot_hbm_integrated_su_cp_bind	output	owned	1	-	clk
ot_hbm_integrated_su_cp_bind	output	pending	1	-	clk
ot_hbm_integrated_su_cp_bind	output	quiet	1	-	clk
ot_hbm_integrated_su_cp_bind	output	selected	1	-	clk
ot_hbm_integrated_su_cp_bind	output	done	1	-	clk
ot_hbm_integrated_su_cp_bind	output	fault	1	-	clk
ot_hbm_integrated_su_cp_bind	output	selected_pc	32	31:0	clk
ot_hbm_integrated_su_cp_bind	output	held_job	32	31:0	clk
ot_hbm_integrated_su_cp_bind	output	held_gen	4	3:0	clk
ot_hbm_integrated_su_cp_bind	output	held_token	17	16:0	clk
ot_hbm_integrated_su_cp_bind	output	held_pos	20	19:0	clk
ot_hbm_integrated_su_cp_bind	output	owned_frontier_terms	12	11:0	clk
