bd_r[0]	276.806549	274.011658
bd_r[10]	308.280090	242.598495
bd_r[11]	342.779602	205.882980
bd_r[12]	334.147614	218.103485
bd_r[13]	298.444458	247.538269
bd_r[14]	322.743317	229.267548
bd_r[15]	314.993286	232.991409
bd_r[16]	348.552277	197.273636
bd_r[17]	330.828888	220.723557
bd_r[18]	333.852203	212.464996
bd_r[19]	332.147675	212.596558
bd_r[1]	353.195618	193.513428
bd_r[20]	343.987091	204.482147
bd_r[21]	303.095795	249.115677
bd_r[22]	280.952942	268.411743
bd_r[23]	299.828125	250.933441
bd_r[24]	299.440338	249.606110
bd_r[25]	314.678375	238.449478
bd_r[26]	309.522644	241.667908
bd_r[27]	279.018738	272.394226
bd_r[28]	313.299255	237.096283
bd_r[29]	301.134766	247.644348
bd_r[2]	361.463959	184.772308
bd_r[30]	330.689667	220.985840
bd_r[31]	279.850739	270.078583
bd_r[3]	331.653839	212.828918
bd_r[4]	380.536896	160.818741
bd_r[5]	375.670685	174.873062
bd_r[6]	319.958923	227.505798
bd_r[7]	309.341797	239.958115
bd_r[8]	305.093079	243.567062
bd_r[9]	358.263611	187.837418
bv_r[0]	315.581543	230.347076
bv_r[1]	326.247559	219.296021
bv_r[2]	330.959076	215.001968
bv_r[3]	309.843079	237.529770
fault	332.501343	213.892853
go_d	331.716797	207.926178
res_bits[0]	357.860443	190.398972
res_bits[10]	417.583954	123.333397
res_bits[11]	327.727417	224.475052
res_bits[12]	347.358185	201.118851
res_bits[13]	324.614075	221.034470
res_bits[14]	298.266327	254.384903
res_bits[15]	302.322571	248.627731
res_bits[16]	293.837036	259.465332
res_bits[17]	309.298767	237.242844
res_bits[18]	362.980743	182.602264
res_bits[19]	331.388397	214.860519
res_bits[1]	284.156616	269.007538
res_bits[20]	329.256439	222.301620
res_bits[21]	327.377258	223.487015
res_bits[22]	289.765900	261.644440
res_bits[23]	302.480469	247.538437
res_bits[24]	309.728424	242.831589
res_bits[25]	339.688904	211.855148
res_bits[26]	323.043671	229.896103
res_bits[27]	309.473145	240.478531
res_bits[28]	297.966461	249.870010
res_bits[29]	292.819916	257.591461
res_bits[2]	286.354645	266.962830
res_bits[30]	283.430634	266.846222
res_bits[31]	287.431213	261.302582
res_bits[3]	293.073151	260.148407
res_bits[4]	282.997772	270.159607
res_bits[5]	280.069153	273.892853
res_bits[6]	279.735321	273.807770
res_bits[7]	298.205048	248.958740
res_bits[8]	295.650024	249.971161
res_bits[9]	364.007965	184.131989
res_row[0]	324.104004	227.844299
res_row[10]	332.380219	218.769394
res_row[11]	284.770172	264.264557
res_row[12]	331.365784	219.893661
res_row[13]	320.064606	229.895111
res_row[14]	305.235809	245.226898
res_row[15]	294.205139	254.941132
res_row[16]	320.434387	230.377823
res_row[1]	324.764404	225.871155
res_row[2]	314.761261	230.914185
res_row[3]	329.899872	221.125778
res_row[4]	314.220245	235.340302
res_row[5]	319.139923	230.968353
res_row[6]	318.651855	232.380447
res_row[7]	315.208771	237.124481
res_row[8]	332.708435	217.068924
res_row[9]	285.234741	263.855438
res_v	326.604340	218.866699
row0_a[0]	322.514252	230.323822
row0_a[10]	318.712738	235.286011
row0_a[11]	316.815002	233.453033
row0_a[12]	313.219360	239.058884
row0_a[13]	324.226288	226.596298
row0_a[14]	318.320465	234.235916
row0_a[15]	314.062653	236.466064
row0_a[16]	302.063446	248.886627
row0_a[17]	295.838440	254.508087
row0_a[18]	293.101196	257.648132
row0_a[19]	284.598145	266.934814
row0_a[1]	293.913879	256.655914
row0_a[20]	286.103607	267.185486
row0_a[21]	325.428284	227.481094
row0_a[22]	302.802429	248.431839
row0_a[23]	303.106232	245.946381
row0_a[24]	285.778473	262.843414
row0_a[25]	337.342834	211.248016
row0_a[26]	320.432770	234.217316
row0_a[27]	333.744354	218.355438
row0_a[28]	324.111755	226.978271
row0_a[29]	301.163727	251.422821
row0_a[2]	280.263550	274.186951
row0_a[30]	315.712097	235.628067
row0_a[31]	310.940247	238.733200
row0_a[32]	312.835022	237.919678
row0_a[33]	316.400482	235.710007
row0_a[34]	295.681671	254.705597
row0_a[35]	294.393036	256.064178
row0_a[36]	284.858398	266.618774
row0_a[37]	292.407471	257.629852
row0_a[38]	324.252502	228.931046
row0_a[39]	310.940186	239.147873
row0_a[3]	293.123291	256.784698
row0_a[40]	307.633514	239.431976
row0_a[41]	319.218414	231.398849
row0_a[42]	290.795349	256.518585
row0_a[43]	312.234833	237.093353
row0_a[44]	315.224365	237.588776
row0_a[45]	303.876495	248.549911
row0_a[46]	302.138611	250.297836
row0_a[47]	314.192139	235.226227
row0_a[48]	296.717072	254.772034
row0_a[49]	322.194916	228.834839
row0_a[4]	298.229919	252.292740
row0_a[50]	314.770294	234.957779
row0_a[51]	321.770203	231.250854
row0_a[52]	288.768372	264.845428
row0_a[53]	284.793671	266.684387
row0_a[54]	292.165588	257.916260
row0_a[55]	298.884460	251.507095
row0_a[56]	329.068909	224.834259
row0_a[57]	302.811859	247.031067
row0_a[58]	291.742432	257.944946
row0_a[59]	286.277100	261.654602
row0_a[5]	343.199219	208.193741
row0_a[60]	319.560455	234.024857
row0_a[61]	332.275238	220.535919
row0_a[62]	307.202972	244.081757
row0_a[63]	316.014740	232.786346
row0_a[64]	332.409729	219.146194
row0_a[65]	327.205505	225.741592
row0_a[66]	314.758484	236.261398
row0_a[67]	311.419434	241.179962
row0_a[6]	294.292023	252.491302
row0_a[7]	323.186218	221.688339
row0_a[8]	327.753174	224.103851
row0_a[9]	325.357269	227.060318
row0_b[0]	INF	INF
row0_b[10]	INF	INF
row0_b[11]	INF	INF
row0_b[12]	INF	INF
row0_b[13]	INF	INF
row0_b[14]	INF	INF
row0_b[15]	INF	INF
row0_b[16]	INF	INF
row0_b[1]	INF	INF
row0_b[2]	INF	INF
row0_b[3]	INF	INF
row0_b[4]	INF	INF
row0_b[5]	INF	INF
row0_b[6]	INF	INF
row0_b[7]	INF	INF
row0_b[8]	INF	INF
row0_b[9]	INF	INF
xsa[0]	310.265350	242.428238
xsa[100]	303.636475	252.162628
xsa[101]	287.426880	266.926819
xsa[102]	287.806488	268.566345
xsa[103]	298.894165	257.292633
xsa[104]	299.945984	256.029877
xsa[105]	309.848724	245.555969
xsa[106]	299.810486	256.428040
xsa[107]	299.164215	256.923706
xsa[108]	285.131439	270.393768
xsa[109]	297.603027	259.600616
xsa[10]	307.060669	244.477661
xsa[110]	305.729797	250.375946
xsa[111]	300.047791	256.447540
xsa[112]	307.490723	248.250305
xsa[113]	299.277252	256.591095
xsa[114]	304.681519	251.626938
xsa[115]	294.885040	261.710999
xsa[116]	302.536865	253.325134
xsa[117]	276.294617	279.753937
xsa[118]	295.856964	260.937286
xsa[119]	300.229858	254.985809
xsa[11]	301.112488	250.593658
xsa[120]	313.626984	241.956116
xsa[121]	293.771271	261.355774
xsa[122]	302.181854	252.657394
xsa[123]	292.666748	264.431854
xsa[124]	311.710846	243.732590
xsa[125]	295.209900	261.451904
xsa[126]	301.169617	254.763992
xsa[127]	299.096771	257.007568
xsa[128]	318.082764	232.244949
xsa[129]	291.929016	259.660950
xsa[12]	288.591888	265.490753
xsa[130]	301.264374	250.269257
xsa[131]	294.102875	259.945557
xsa[132]	306.078094	244.145309
xsa[133]	298.626587	254.159256
xsa[134]	295.088654	257.890259
xsa[135]	303.129730	252.190887
xsa[136]	310.516632	241.357941
xsa[137]	312.009735	238.846451
xsa[138]	308.398987	244.723907
xsa[139]	318.159180	231.049622
xsa[13]	307.686523	243.979950
xsa[140]	314.234833	238.826736
xsa[141]	296.206757	257.221130
xsa[142]	298.807220	254.443192
xsa[143]	313.625977	236.310135
xsa[144]	295.355499	257.247284
xsa[145]	286.763306	266.130188
xsa[146]	318.927734	230.509216
xsa[147]	308.849915	246.238693
xsa[148]	304.764862	250.396591
xsa[149]	281.290619	273.472565
xsa[14]	309.313934	242.875107
xsa[150]	282.249969	271.888184
xsa[151]	303.140106	248.076508
xsa[152]	278.643860	276.201172
xsa[153]	300.788879	254.195770
xsa[154]	313.480286	238.443649
xsa[155]	289.928162	263.888306
xsa[156]	289.172729	263.727264
xsa[157]	302.251129	248.862869
xsa[158]	304.038818	248.451813
xsa[159]	287.553558	266.913391
xsa[15]	288.584229	264.198608
xsa[160]	325.585266	226.626602
xsa[161]	305.435211	245.142303
xsa[162]	309.610352	243.177200
xsa[163]	314.359283	234.683990
xsa[164]	314.222900	235.852783
xsa[165]	275.598114	280.238831
xsa[166]	292.276855	259.633270
xsa[167]	302.816864	247.886108
xsa[168]	301.451630	251.375092
xsa[169]	309.643890	241.929871
xsa[16]	301.558319	254.587738
xsa[170]	302.014954	250.504837
xsa[171]	297.286774	255.496460
xsa[172]	322.764557	227.379395
xsa[173]	291.629242	262.580139
xsa[174]	308.296906	243.790039
xsa[175]	285.597626	269.208984
xsa[176]	326.239014	226.167923
xsa[177]	280.572144	273.457214
xsa[178]	282.217010	271.006287
xsa[179]	311.375732	240.158722
xsa[17]	311.378387	240.661270
xsa[180]	284.085236	270.569611
xsa[181]	281.940735	272.590057
xsa[182]	280.239471	274.635803
xsa[183]	290.437134	263.425171
xsa[184]	284.749969	267.817657
xsa[185]	285.092926	268.874603
xsa[186]	301.696136	250.385208
xsa[187]	282.378601	271.110199
xsa[188]	279.930511	275.650177
xsa[189]	294.008057	258.355835
xsa[18]	302.182465	254.353043
xsa[190]	283.976135	270.215790
xsa[191]	282.400909	271.496674
xsa[192]	282.967499	272.147705
xsa[193]	277.992096	277.187164
xsa[194]	284.354858	270.818756
xsa[195]	305.002167	251.207108
xsa[196]	281.653351	274.046448
xsa[197]	288.615601	264.820770
xsa[198]	309.937103	246.267456
xsa[199]	300.724487	254.023529
xsa[19]	294.292908	260.324646
xsa[1]	305.110016	247.771133
xsa[200]	295.846100	259.271942
xsa[201]	292.841064	263.020386
xsa[202]	281.058868	273.333405
xsa[203]	311.441284	245.098724
xsa[204]	285.103363	268.657928
xsa[205]	306.125549	248.088882
xsa[206]	289.439209	265.983307
xsa[207]	282.380981	272.968048
xsa[208]	278.422302	276.599792
xsa[209]	303.733337	252.248444
xsa[20]	313.807404	242.064377
xsa[210]	300.600952	254.622818
xsa[211]	285.062286	271.157257
xsa[212]	298.833496	256.367035
xsa[213]	307.415405	248.302429
xsa[214]	287.125061	269.168182
xsa[215]	298.469879	258.388855
xsa[216]	296.943878	258.734375
xsa[217]	300.465637	254.818497
xsa[218]	297.683228	258.458313
xsa[219]	307.107208	249.525742
xsa[21]	299.009399	253.657043
xsa[220]	302.055908	252.698090
xsa[221]	276.381439	279.013855
xsa[222]	309.055206	247.178726
xsa[223]	294.656891	261.447083
xsa[224]	276.456268	279.232849
xsa[225]	307.264618	247.931503
xsa[226]	287.164429	269.269287
xsa[227]	306.609375	249.926361
xsa[228]	303.270386	252.821655
xsa[229]	286.637695	270.262207
xsa[22]	307.253082	247.705688
xsa[230]	312.999054	243.320145
xsa[231]	281.184204	273.940918
xsa[232]	301.928497	253.590088
xsa[233]	292.842560	262.252838
xsa[234]	298.937897	257.213531
xsa[235]	301.285583	255.078522
xsa[236]	288.234009	268.041992
xsa[237]	305.765839	250.029663
xsa[238]	304.076141	251.625549
xsa[239]	308.536377	247.817993
xsa[23]	289.882416	262.227295
xsa[240]	303.749512	251.627670
xsa[241]	289.587555	266.368866
xsa[242]	306.013855	250.671036
xsa[243]	307.811584	248.443329
xsa[244]	275.769440	279.357483
xsa[245]	289.931549	267.001190
xsa[246]	294.637634	260.588440
xsa[247]	307.749634	247.069305
xsa[248]	291.316010	266.264618
xsa[249]	288.270447	268.473907
xsa[24]	314.974518	236.286270
xsa[250]	296.744934	258.501373
xsa[251]	295.910217	259.410217
xsa[252]	311.717560	243.804810
xsa[253]	298.180389	257.698517
xsa[254]	316.293640	240.005569
xsa[255]	288.309021	265.925507
xsa[25]	299.527252	254.130661
xsa[26]	293.507019	260.880707
xsa[27]	307.125641	243.987946
xsa[28]	309.451996	246.164917
xsa[29]	308.719147	243.053848
xsa[2]	296.364227	258.296997
xsa[30]	302.477509	251.188568
xsa[31]	287.420013	267.198334
xsa[32]	318.188904	232.112335
xsa[33]	320.747803	230.497955
xsa[34]	326.048676	226.419891
xsa[35]	301.844910	250.060364
xsa[36]	294.774963	259.216370
xsa[37]	312.585815	238.675797
xsa[38]	314.493469	239.249115
xsa[39]	307.184143	245.693970
xsa[3]	317.542145	230.531265
xsa[40]	303.706604	249.571136
xsa[41]	309.123810	242.937775
xsa[42]	283.314331	272.538269
xsa[43]	294.593536	257.195557
xsa[44]	316.069244	234.283096
xsa[45]	305.413116	247.343811
xsa[46]	303.485474	249.607727
xsa[47]	309.585327	240.858109
xsa[48]	293.114380	259.557220
xsa[49]	286.804382	266.267334
xsa[4]	313.304291	237.424255
xsa[50]	278.032196	276.070099
xsa[51]	285.800201	267.382172
xsa[52]	296.070465	259.429871
xsa[53]	303.058228	252.809113
xsa[54]	289.701294	264.837372
xsa[55]	285.874298	267.708862
xsa[56]	286.696472	267.255219
xsa[57]	282.639435	271.462524
xsa[58]	303.038788	251.935425
xsa[59]	275.692230	279.540497
xsa[5]	281.893219	271.743073
xsa[60]	282.600250	273.822083
xsa[61]	277.413940	277.640564
xsa[62]	285.111847	268.912567
xsa[63]	284.923157	270.166565
xsa[64]	301.419037	253.280182
xsa[65]	303.888763	252.188889
xsa[66]	306.876495	248.686676
xsa[67]	301.289795	254.606781
xsa[68]	300.632385	254.707809
xsa[69]	302.875763	253.167099
xsa[6]	287.810638	265.360748
xsa[70]	303.989410	249.237244
xsa[71]	303.391022	251.487991
xsa[72]	296.790466	259.514801
xsa[73]	304.214569	251.574646
xsa[74]	303.214050	253.024323
xsa[75]	277.502777	277.016968
xsa[76]	278.817261	276.219055
xsa[77]	284.006012	269.102234
xsa[78]	311.089355	244.434799
xsa[79]	301.643585	252.076523
xsa[7]	299.181885	252.434296
xsa[80]	298.202393	257.633179
xsa[81]	295.580688	262.235168
xsa[82]	277.446930	278.112030
xsa[83]	304.053650	251.567871
xsa[84]	306.060486	249.625214
xsa[85]	294.577454	260.310608
xsa[86]	280.414276	274.751434
xsa[87]	296.309998	260.143585
xsa[88]	303.899384	250.987900
xsa[89]	298.472046	257.906982
xsa[8]	287.651306	267.343811
xsa[90]	301.287842	253.692627
xsa[91]	288.929901	264.161743
xsa[92]	300.109528	255.678482
xsa[93]	294.852783	261.920868
xsa[94]	283.123108	273.357117
xsa[95]	300.075836	256.835236
xsa[96]	283.177948	271.803680
xsa[97]	311.848358	244.450912
xsa[98]	295.411499	260.031555
xsa[99]	299.113098	256.000061
xsa[9]	300.234863	253.478180
xsb[0]	272.941925	276.697510
xsb[100]	292.761108	262.548920
xsb[101]	304.926941	251.772324
xsb[102]	282.620514	271.933868
xsb[103]	298.251953	257.468811
xsb[104]	282.498779	272.827271
xsb[105]	297.964569	257.770813
xsb[106]	303.239410	252.312668
xsb[107]	305.903107	250.209015
xsb[108]	303.001770	252.171844
xsb[109]	299.849854	255.586441
xsb[10]	302.705902	249.005539
xsb[110]	294.308563	263.202301
xsb[111]	297.873260	259.996704
xsb[112]	306.617310	249.056381
xsb[113]	287.966003	267.985626
xsb[114]	298.373413	257.923676
xsb[115]	278.808685	276.399750
xsb[116]	281.225800	274.312805
xsb[117]	314.253937	241.843048
xsb[118]	292.902893	262.215851
xsb[119]	306.085785	249.969879
xsb[11]	319.250275	229.395554
xsb[120]	295.785828	259.372406
xsb[121]	304.622620	251.043961
xsb[122]	297.555725	258.609406
xsb[123]	303.037781	251.651703
xsb[124]	292.529419	265.387543
xsb[125]	294.799438	260.124023
xsb[126]	315.455963	239.309464
xsb[127]	285.736755	267.880280
xsb[128]	284.949860	269.474060
xsb[129]	308.064423	243.560059
xsb[12]	305.568939	246.150208
xsb[130]	302.280884	254.445801
xsb[131]	293.417419	258.906006
xsb[132]	313.656128	237.463989
xsb[133]	301.681030	248.786041
xsb[134]	303.588898	249.426208
xsb[135]	282.540894	271.443970
xsb[136]	296.595764	255.175598
xsb[137]	302.054352	251.170639
xsb[138]	299.136292	254.350479
xsb[139]	300.487152	252.519180
xsb[13]	309.078339	241.256744
xsb[140]	309.137909	242.869003
xsb[141]	292.490295	259.220032
xsb[142]	325.637421	227.088623
xsb[143]	301.450104	252.617813
xsb[144]	316.405090	235.168106
xsb[145]	285.784210	266.661469
xsb[146]	327.224121	224.114670
xsb[147]	310.564606	242.683701
xsb[148]	286.321167	268.912170
xsb[149]	302.574280	249.258499
xsb[14]	298.058777	256.068604
xsb[150]	302.583862	248.608475
xsb[151]	290.445190	262.460938
xsb[152]	303.567139	248.562332
xsb[153]	296.547638	255.070023
xsb[154]	300.177246	251.110794
xsb[155]	285.680908	269.103302
xsb[156]	319.432953	232.356628
xsb[157]	300.299530	255.989792
xsb[158]	282.063721	272.021118
xsb[159]	281.426300	273.455261
xsb[15]	281.916473	271.192017
xsb[160]	294.205414	258.193237
xsb[161]	316.116211	235.225113
xsb[162]	299.195435	255.971695
xsb[163]	320.043182	230.979233
xsb[164]	314.549255	236.344162
xsb[165]	316.970306	230.541870
xsb[166]	307.562408	246.870300
xsb[167]	312.003052	243.697784
xsb[168]	315.829224	234.517456
xsb[169]	326.809387	222.471481
xsb[16]	293.029175	259.892731
xsb[170]	315.215332	234.279434
xsb[171]	282.497711	273.771881
xsb[172]	279.128021	276.788086
xsb[173]	286.162354	269.189392
xsb[174]	292.915344	261.371033
xsb[175]	313.377686	236.393524
xsb[176]	285.409729	267.873932
xsb[177]	285.632874	267.990692
xsb[178]	283.679443	271.450867
xsb[179]	284.713684	269.324402
xsb[17]	289.907013	262.364410
xsb[180]	272.998535	282.475708
xsb[181]	279.988953	274.216705
xsb[182]	282.402130	272.769745
xsb[183]	311.572418	244.565643
xsb[184]	290.320404	263.206299
xsb[185]	298.172394	257.063599
xsb[186]	316.417206	234.552155
xsb[187]	279.509064	274.598846
xsb[188]	304.080109	251.310135
xsb[189]	281.060638	274.583191
xsb[18]	320.274719	229.483932
xsb[190]	289.026398	263.915161
xsb[191]	289.325592	262.969421
xsb[192]	283.086853	269.612549
xsb[193]	298.987640	257.171051
xsb[194]	277.483063	278.016724
xsb[195]	291.513885	261.308685
xsb[196]	307.940521	248.547455
xsb[197]	273.041992	283.031891
xsb[198]	280.865204	273.255707
xsb[199]	299.221130	257.164001
xsb[19]	296.728882	255.181992
xsb[1]	301.964996	253.367050
xsb[200]	288.902924	267.479156
xsb[201]	290.175476	262.628967
xsb[202]	292.428345	263.204529
xsb[203]	298.051117	258.678040
xsb[204]	284.930328	269.548706
xsb[205]	290.058014	266.528137
xsb[206]	287.693909	265.889313
xsb[207]	297.271454	258.794586
xsb[208]	296.840149	260.142029
xsb[209]	304.081970	250.840683
xsb[20]	312.217010	244.069763
xsb[210]	287.997314	268.229675
xsb[211]	303.353912	252.318161
xsb[212]	305.470276	251.022919
xsb[213]	299.657837	255.843796
xsb[214]	284.941498	268.878082
xsb[215]	290.215729	266.522186
xsb[216]	305.051239	250.467377
xsb[217]	286.256653	268.252472
xsb[218]	281.228180	273.109039
xsb[219]	293.280029	263.780609
xsb[21]	304.661438	246.196564
xsb[220]	288.743103	267.551025
xsb[221]	300.325836	255.337357
xsb[222]	301.855896	253.916443
xsb[223]	298.799072	257.194214
xsb[224]	287.091034	269.605896
xsb[225]	280.899109	273.640991
xsb[226]	276.224396	279.166626
xsb[227]	293.828003	263.030365
xsb[228]	307.926483	247.647354
xsb[229]	282.319153	271.445709
xsb[22]	297.784668	255.212402
xsb[230]	299.747192	255.747925
xsb[231]	289.027893	268.020996
xsb[232]	303.321106	253.482178
xsb[233]	298.900543	257.866119
xsb[234]	286.565796	269.318909
xsb[235]	283.658112	271.270233
xsb[236]	303.212372	252.552643
xsb[237]	286.784058	269.601501
xsb[238]	282.190582	273.429565
xsb[239]	298.398438	257.518066
xsb[23]	283.241791	270.559631
xsb[240]	300.422882	251.759949
xsb[241]	306.173218	248.966187
xsb[242]	307.202972	248.801865
xsb[243]	300.839661	257.369781
xsb[244]	289.619629	267.058990
xsb[245]	287.455078	267.432190
xsb[246]	300.695160	255.993500
xsb[247]	318.951843	236.734634
xsb[248]	286.080536	268.910828
xsb[249]	297.414001	257.576294
xsb[24]	284.930725	269.920532
xsb[250]	293.311615	261.806305
xsb[251]	307.706543	248.090546
xsb[252]	301.710693	256.645142
xsb[253]	314.521545	241.607895
xsb[254]	305.224701	249.949234
xsb[255]	301.570312	253.953354
xsb[25]	300.679504	250.869278
xsb[26]	294.244812	258.804382
xsb[27]	288.891663	263.699341
xsb[28]	307.338409	242.495911
xsb[29]	293.288147	260.435883
xsb[2]	296.076477	259.816284
xsb[30]	299.276306	254.382233
xsb[31]	296.995911	251.701157
xsb[32]	311.766479	243.548965
xsb[33]	283.209381	272.503571
xsb[34]	317.855225	231.277496
xsb[35]	275.924591	278.977905
xsb[36]	305.065063	248.536087
xsb[37]	301.635071	249.079376
xsb[38]	296.961823	255.083069
xsb[39]	282.738922	271.645142
xsb[3]	304.863892	247.673660
xsb[40]	310.715637	239.554596
xsb[41]	315.609680	232.878601
xsb[42]	308.596497	242.041946
xsb[43]	295.471466	257.351257
xsb[44]	311.755219	241.159485
xsb[45]	282.558228	271.496216
xsb[46]	313.590454	235.215134
xsb[47]	313.992645	236.148483
xsb[48]	283.900055	269.073486
xsb[49]	302.469482	253.512497
xsb[4]	323.579865	229.403000
xsb[50]	313.593903	242.330261
xsb[51]	284.640289	268.162506
xsb[52]	319.179321	235.446716
xsb[53]	280.157043	273.287354
xsb[54]	282.516327	272.080078
xsb[55]	286.112152	266.019257
xsb[56]	302.133026	248.137070
xsb[57]	278.522400	277.046173
xsb[58]	299.387939	255.955200
xsb[59]	287.686401	264.601166
xsb[5]	278.861237	275.572449
xsb[60]	284.835968	268.766388
xsb[61]	282.987732	270.537048
xsb[62]	310.236603	246.029037
xsb[63]	277.232391	278.876709
xsb[64]	309.771576	246.529358
xsb[65]	297.433655	258.000244
xsb[66]	295.466675	260.184814
xsb[67]	305.482941	249.370743
xsb[68]	302.709991	251.773819
xsb[69]	312.842957	243.637161
xsb[6]	287.352509	266.564758
xsb[70]	279.596649	274.132874
xsb[71]	280.935089	274.094299
xsb[72]	306.272827	250.071411
xsb[73]	281.869598	274.308746
xsb[74]	278.569580	276.235535
xsb[75]	308.475220	248.040039
xsb[76]	282.637451	270.728119
xsb[77]	306.386841	250.249542
xsb[78]	307.334351	249.188721
xsb[79]	300.493225	255.126358
xsb[7]	285.581696	268.694336
xsb[80]	289.186829	265.441956
xsb[81]	282.417175	271.819183
xsb[82]	300.728027	256.049225
xsb[83]	294.823914	260.979309
xsb[84]	283.735291	271.189240
xsb[85]	302.119202	252.718903
xsb[86]	300.289886	255.546204
xsb[87]	295.134460	262.321381
xsb[88]	277.644043	277.768433
xsb[89]	280.014587	274.271271
xsb[8]	289.237061	264.355652
xsb[90]	295.366211	260.870544
xsb[91]	286.929016	267.359924
xsb[92]	303.666077	251.857529
xsb[93]	299.294617	256.379486
xsb[94]	300.441437	255.264084
xsb[95]	283.459290	270.590271
xsb[96]	305.678894	248.981064
xsb[97]	299.062805	256.045135
xsb[98]	308.828217	245.652161
xsb[99]	297.225494	257.540894
xsb[9]	311.141357	239.657745
