bd_r[0]	26.918106	539.977722
bd_r[10]	37.272907	530.503845
bd_r[11]	52.259113	514.464233
bd_r[12]	49.481140	517.818359
bd_r[13]	33.197971	534.132446
bd_r[14]	44.676846	523.268677
bd_r[15]	42.108208	523.410522
bd_r[16]	56.217335	510.777527
bd_r[17]	48.255817	519.005493
bd_r[18]	52.967937	513.536255
bd_r[19]	51.074589	515.153870
bd_r[1]	58.548332	508.467926
bd_r[20]	54.504818	512.766602
bd_r[21]	35.309727	532.643921
bd_r[22]	26.683184	541.046570
bd_r[23]	34.732052	533.058472
bd_r[24]	35.229599	532.326416
bd_r[25]	41.616932	525.798889
bd_r[26]	39.076050	528.492493
bd_r[27]	24.082375	543.797791
bd_r[28]	40.272617	527.403320
bd_r[29]	35.988129	531.479004
bd_r[2]	63.788918	502.559448
bd_r[30]	49.325294	517.364014
bd_r[31]	30.622395	535.129700
bd_r[3]	51.747467	514.750610
bd_r[4]	74.679848	490.754547
bd_r[5]	70.790039	495.912079
bd_r[6]	44.606930	522.229919
bd_r[7]	41.227634	525.756287
bd_r[8]	39.302757	527.771057
bd_r[9]	64.488724	501.939819
bv_r[0]	43.171104	523.517578
bv_r[1]	48.977879	516.881348
bv_r[2]	48.536869	518.629700
bv_r[3]	40.419502	526.581543
fault	51.662231	514.761597
go_d	48.897831	517.056091
res_bits[0]	65.576935	501.444611
res_bits[10]	93.096947	473.397980
res_bits[11]	47.307129	520.966614
res_bits[12]	56.852161	511.379669
res_bits[13]	46.861458	521.086060
res_bits[14]	30.909803	537.148315
res_bits[15]	34.588276	533.953247
res_bits[16]	29.440283	538.376770
res_bits[17]	38.713562	529.628357
res_bits[18]	65.922798	501.858887
res_bits[19]	51.920525	515.085327
res_bits[1]	25.376646	542.109802
res_bits[20]	49.930031	517.972595
res_bits[21]	50.956963	516.459534
res_bits[22]	30.957987	537.561768
res_bits[23]	37.728821	530.162109
res_bits[24]	42.321396	524.188599
res_bits[25]	55.034645	512.818481
res_bits[26]	47.754635	519.629700
res_bits[27]	40.184357	528.042725
res_bits[28]	37.156197	530.345093
res_bits[29]	34.274082	533.487488
res_bits[2]	26.557228	540.622131
res_bits[30]	29.705099	538.317871
res_bits[31]	31.913471	535.968872
res_bits[3]	29.453468	537.811584
res_bits[4]	25.049185	542.153564
res_bits[5]	23.278019	544.017090
res_bits[6]	23.630848	543.550110
res_bits[7]	36.576077	531.363831
res_bits[8]	32.926994	535.320190
res_bits[9]	62.136768	506.253052
res_row[0]	45.634720	523.186951
res_row[10]	51.586681	516.131836
res_row[11]	28.668983	539.378357
res_row[12]	49.265701	519.065430
res_row[13]	46.397942	520.998352
res_row[14]	40.724895	526.023865
res_row[15]	35.068642	532.383118
res_row[16]	46.742249	520.657837
res_row[1]	46.332634	522.328491
res_row[2]	44.580368	522.672668
res_row[3]	48.390430	519.895264
res_row[4]	43.665684	524.011047
res_row[5]	45.684624	522.110657
res_row[6]	45.701054	521.962830
res_row[7]	43.623077	523.733582
res_row[8]	51.658482	516.202515
res_row[9]	28.920755	539.237976
res_v	47.934517	518.563416
row0_a[0]	41.909672	526.196838
row0_a[10]	41.858768	526.590454
row0_a[11]	44.865444	522.756287
row0_a[12]	40.638519	527.391418
row0_a[13]	46.380066	521.250916
row0_a[14]	44.332039	523.603088
row0_a[15]	42.067574	526.423035
row0_a[16]	36.798260	530.565063
row0_a[17]	30.235371	538.729065
row0_a[18]	28.748060	537.985535
row0_a[19]	26.258940	540.526489
row0_a[1]	29.307585	537.438538
row0_a[20]	25.080826	542.125183
row0_a[21]	43.246990	524.921692
row0_a[22]	35.112885	533.030151
row0_a[23]	38.091309	529.685547
row0_a[24]	30.363794	537.841309
row0_a[25]	53.431149	514.450073
row0_a[26]	42.568867	526.081177
row0_a[27]	49.562214	519.128906
row0_a[28]	47.827965	519.447021
row0_a[29]	35.508736	531.936279
row0_a[2]	23.602064	543.668640
row0_a[30]	41.617100	526.270264
row0_a[31]	40.610405	527.485107
row0_a[32]	40.259045	528.277283
row0_a[33]	41.774055	526.529175
row0_a[34]	30.132481	538.823547
row0_a[35]	29.522163	537.258545
row0_a[36]	26.410347	540.384155
row0_a[37]	28.756441	538.012207
row0_a[38]	42.549824	525.590881
row0_a[39]	39.347610	528.365784
row0_a[3]	29.247299	537.564758
row0_a[40]	39.754700	527.917297
row0_a[41]	43.289234	525.148682
row0_a[42]	33.418240	534.031311
row0_a[43]	41.678551	526.029785
row0_a[44]	41.238373	526.675720
row0_a[45]	37.771980	529.105225
row0_a[46]	36.502274	530.639648
row0_a[47]	43.584415	523.675964
row0_a[48]	32.910564	535.379089
row0_a[49]	45.694225	522.706360
row0_a[4]	31.249447	537.739807
row0_a[50]	42.724796	525.031555
row0_a[51]	41.493530	526.601013
row0_a[52]	26.141283	541.058228
row0_a[53]	26.402769	540.382935
row0_a[54]	28.629072	538.129089
row0_a[55]	31.655596	537.384460
row0_a[56]	46.860905	521.165710
row0_a[57]	37.526234	530.360229
row0_a[58]	30.173670	538.319397
row0_a[59]	32.354229	535.067322
row0_a[5]	54.430157	513.265442
row0_a[60]	43.047676	525.081604
row0_a[61]	48.416103	520.355408
row0_a[62]	39.669796	527.587402
row0_a[63]	43.278271	524.581360
row0_a[64]	50.102089	517.792358
row0_a[65]	46.099873	522.799133
row0_a[66]	41.534111	526.711548
row0_a[67]	40.297237	527.263428
row0_a[6]	33.740314	534.072144
row0_a[7]	47.967907	519.123413
row0_a[8]	48.114792	520.282410
row0_a[9]	45.911385	522.797241
row0_b[0]	INF	INF
row0_b[10]	INF	INF
row0_b[11]	INF	INF
row0_b[12]	INF	INF
row0_b[13]	INF	INF
row0_b[14]	INF	INF
row0_b[15]	INF	INF
row0_b[16]	INF	INF
row0_b[1]	INF	INF
row0_b[2]	INF	INF
row0_b[3]	INF	INF
row0_b[4]	INF	INF
row0_b[5]	INF	INF
row0_b[6]	INF	INF
row0_b[7]	INF	INF
row0_b[8]	INF	INF
row0_b[9]	INF	INF
xsa[0]	40.357941	527.545532
xsa[100]	32.086388	536.613281
xsa[101]	25.147635	544.449768
xsa[102]	23.846148	545.215393
xsa[103]	29.637987	539.028076
xsa[104]	29.264702	539.430725
xsa[105]	35.094955	533.360901
xsa[106]	30.004694	538.671753
xsa[107]	30.705660	537.606201
xsa[108]	24.168167	545.047791
xsa[109]	28.079872	541.255859
xsa[10]	36.822849	531.296448
xsa[110]	32.276016	536.304199
xsa[111]	30.268787	538.733582
xsa[112]	33.740929	534.871887
xsa[113]	29.882513	538.545776
xsa[114]	33.217289	535.164978
xsa[115]	28.221148	540.828613
xsa[116]	31.077085	537.646179
xsa[117]	20.161123	548.904846
xsa[118]	27.271185	542.115112
xsa[119]	30.459635	537.829895
xsa[11]	36.735893	530.339905
xsa[120]	37.035236	531.515320
xsa[121]	28.678616	539.309814
xsa[122]	31.931068	536.192078
xsa[123]	25.559111	543.915466
xsa[124]	35.842216	532.973755
xsa[125]	28.345354	540.710144
xsa[126]	31.336849	537.012390
xsa[127]	30.536268	537.846436
xsa[128]	43.869324	524.428284
xsa[129]	30.467352	537.283875
xsa[12]	29.015457	538.592834
xsa[130]	34.519497	533.653442
xsa[131]	30.676489	536.738586
xsa[132]	39.414917	527.764587
xsa[133]	36.445179	530.029236
xsa[134]	30.759201	537.164307
xsa[135]	32.270382	536.091492
xsa[136]	39.980740	527.879517
xsa[137]	38.911983	529.814087
xsa[138]	37.651855	530.276062
xsa[139]	50.631805	515.293030
xsa[13]	35.133896	534.435730
xsa[140]	37.750526	531.800537
xsa[141]	31.282087	536.885559
xsa[142]	35.169979	532.742615
xsa[143]	42.061714	525.901978
xsa[144]	31.223495	536.243835
xsa[145]	27.786661	539.975647
xsa[146]	48.070187	518.586182
xsa[147]	35.745602	532.473206
xsa[148]	33.866409	534.277405
xsa[149]	22.520458	546.746399
xsa[14]	40.446896	526.568542
xsa[150]	23.295811	544.249634
xsa[151]	40.343063	526.088379
xsa[152]	21.470936	547.616089
xsa[153]	31.222469	537.155945
xsa[154]	39.422466	528.791931
xsa[155]	28.857695	539.581177
xsa[156]	28.748032	538.926025
xsa[157]	36.172733	531.601013
xsa[158]	37.367527	530.100647
xsa[159]	25.389135	544.004089
xsa[15]	27.271908	540.109680
xsa[160]	43.870407	525.081055
xsa[161]	37.656406	529.807739
xsa[162]	37.355675	531.337158
xsa[163]	45.312614	521.772095
xsa[164]	41.818134	526.492737
xsa[165]	19.427626	549.747437
xsa[166]	30.559444	536.715881
xsa[167]	41.187969	524.780334
xsa[168]	33.246490	534.265198
xsa[169]	40.950882	526.280701
xsa[16]	31.176783	537.414124
xsa[170]	32.239155	536.561768
xsa[171]	30.884045	538.039368
xsa[172]	47.282597	520.770325
xsa[173]	27.653048	541.126038
xsa[174]	36.325027	532.641479
xsa[175]	24.995756	544.187439
xsa[176]	45.093819	523.706238
xsa[177]	21.741665	546.263916
xsa[178]	24.918707	542.233398
xsa[179]	46.510101	519.106567
xsa[17]	39.563824	528.331238
xsa[180]	23.934439	545.404663
xsa[181]	22.866848	546.513611
xsa[182]	21.778357	547.475098
xsa[183]	26.422726	543.133179
xsa[184]	26.189135	541.037109
xsa[185]	24.526520	543.141357
xsa[186]	32.629925	536.448181
xsa[187]	22.932766	544.990417
xsa[188]	21.411095	547.724731
xsa[189]	30.483006	537.685425
xsa[18]	31.471409	537.207275
xsa[190]	25.867697	541.758606
xsa[191]	24.289848	542.985535
xsa[192]	23.528097	545.342651
xsa[193]	21.010916	548.126831
xsa[194]	23.538282	545.852478
xsa[195]	33.802212	534.829102
xsa[196]	22.515711	546.808411
xsa[197]	25.972031	543.560425
xsa[198]	34.438618	534.304504
xsa[199]	31.344816	536.659668
xsa[19]	28.605007	540.619629
xsa[1]	35.782349	532.686890
xsa[200]	28.421848	539.895020
xsa[201]	28.431257	539.997925
xsa[202]	22.856966	546.302979
xsa[203]	35.496857	533.346924
xsa[204]	25.432961	541.755676
xsa[205]	33.749668	534.274780
xsa[206]	26.155466	543.004395
xsa[207]	22.749136	546.550232
xsa[208]	21.113056	548.217346
xsa[209]	31.208286	537.728271
xsa[20]	37.792103	530.704712
xsa[210]	31.066927	537.053162
xsa[211]	21.664003	547.316650
xsa[212]	29.689724	538.842407
xsa[213]	34.075855	534.297729
xsa[214]	23.528234	545.641174
xsa[215]	29.645868	539.326843
xsa[216]	28.509085	540.088562
xsa[217]	30.068920	538.323730
xsa[218]	29.644176	538.792236
xsa[219]	33.586384	535.471802
xsa[21]	34.908909	532.570312
xsa[220]	32.023273	536.208984
xsa[221]	20.287994	548.398865
xsa[222]	34.441784	534.239075
xsa[223]	28.016951	540.550537
xsa[224]	20.530439	548.392334
xsa[225]	33.824081	534.635864
xsa[226]	23.162638	545.498779
xsa[227]	32.650162	536.151672
xsa[228]	32.157497	536.100830
xsa[229]	22.340380	546.555115
xsa[22]	35.019154	533.310303
xsa[230]	36.206150	532.616455
xsa[231]	22.218866	547.046875
xsa[232]	32.126247	536.122620
xsa[233]	28.087811	540.036682
xsa[234]	30.374620	538.004211
xsa[235]	31.338348	537.033203
xsa[236]	23.678808	544.975281
xsa[237]	33.131859	535.476868
xsa[238]	33.232613	534.688599
xsa[239]	34.347054	534.325500
xsa[23]	28.677837	538.865295
xsa[240]	32.575832	535.694336
xsa[241]	24.871910	543.561218
xsa[242]	32.566143	536.282043
xsa[243]	34.533569	533.908447
xsa[244]	20.236534	548.489746
xsa[245]	24.453466	544.957520
xsa[246]	27.815472	540.664307
xsa[247]	34.354103	533.840698
xsa[248]	24.938967	544.567749
xsa[249]	23.963554	545.329346
xsa[24]	42.683578	525.398071
xsa[250]	28.746006	539.552063
xsa[251]	29.363096	538.735596
xsa[252]	36.229713	531.975220
xsa[253]	29.925478	538.465454
xsa[254]	38.366199	530.112427
xsa[255]	25.529245	543.970154
xsa[25]	31.804420	536.654297
xsa[26]	29.652086	538.383423
xsa[27]	38.987812	528.598633
xsa[28]	35.875301	532.309875
xsa[29]	38.451576	529.556152
xsa[2]	31.147057	536.963257
xsa[30]	35.404736	532.139771
xsa[31]	25.091984	544.306396
xsa[32]	43.903049	523.733032
xsa[33]	44.776905	523.537964
xsa[34]	46.260551	522.266846
xsa[35]	35.194210	532.218628
xsa[36]	27.364555	541.981567
xsa[37]	42.116642	525.407471
xsa[38]	37.555042	531.759277
xsa[39]	36.590786	532.147461
xsa[3]	45.443817	522.014038
xsa[40]	33.251373	535.766418
xsa[41]	37.983616	530.179260
xsa[42]	23.127251	546.016724
xsa[43]	30.508318	537.730286
xsa[44]	43.355873	524.800232
xsa[45]	36.565166	531.525269
xsa[46]	35.937893	531.224487
xsa[47]	46.242123	519.640686
xsa[48]	30.638769	537.133240
xsa[49]	27.626873	540.177063
xsa[4]	42.051971	525.398010
xsa[50]	21.277313	546.348328
xsa[51]	25.250246	542.539124
xsa[52]	28.438362	541.397461
xsa[53]	32.137516	536.374390
xsa[54]	26.213587	543.367310
xsa[55]	25.241003	542.406372
xsa[56]	25.498436	542.099365
xsa[57]	25.526747	542.024109
xsa[58]	32.859215	535.328003
xsa[59]	20.093288	548.923035
xsa[5]	23.771374	543.713501
xsa[60]	22.420538	546.754822
xsa[61]	20.460745	548.905273
xsa[62]	24.486801	544.887207
xsa[63]	22.542274	546.614197
xsa[64]	31.635944	536.684387
xsa[65]	32.246540	536.299133
xsa[66]	34.820480	533.413879
xsa[67]	30.800140	537.754150
xsa[68]	30.653868	537.673035
xsa[69]	31.903591	536.626526
xsa[6]	28.019560	539.598938
xsa[70]	35.138172	531.753662
xsa[71]	32.489624	535.686096
xsa[72]	29.934805	538.699646
xsa[73]	32.239712	536.281799
xsa[74]	31.014441	537.666687
xsa[75]	21.575214	546.520142
xsa[76]	20.736691	548.716797
xsa[77]	25.353302	541.926514
xsa[78]	37.231163	530.914856
xsa[79]	33.064163	534.176270
xsa[7]	33.927612	534.059143
xsa[80]	29.320545	539.220215
xsa[81]	27.189335	542.108276
xsa[82]	20.874357	548.006287
xsa[83]	31.868507	536.586914
xsa[84]	33.292728	535.324280
xsa[85]	29.039965	539.161255
xsa[86]	22.278290	546.842346
xsa[87]	27.484543	541.302551
xsa[88]	32.739143	535.419006
xsa[89]	29.136389	539.567810
xsa[8]	23.791664	545.379883
xsa[90]	31.820963	536.171570
xsa[91]	28.583969	539.980042
xsa[92]	31.325720	536.935608
xsa[93]	26.555258	542.932800
xsa[94]	23.255898	545.677551
xsa[95]	30.372843	538.282715
xsa[96]	23.414742	545.800598
xsa[97]	35.828369	532.824646
xsa[98]	28.083231	540.455444
xsa[99]	29.379000	539.071594
xsa[9]	33.206104	534.588684
xsb[0]	23.069351	545.415588
xsb[100]	27.800068	540.327148
xsb[101]	32.193302	536.521179
xsb[102]	23.181402	546.131470
xsb[103]	30.378588	537.908630
xsb[104]	22.786716	546.617493
xsb[105]	29.253378	539.091553
xsb[106]	31.977200	536.568970
xsb[107]	32.581242	536.193970
xsb[108]	31.246006	537.273010
xsb[109]	30.623781	537.614197
xsb[10]	36.393417	531.218018
xsb[110]	26.628838	542.790161
xsb[111]	27.901793	541.662598
xsb[112]	33.744869	534.423645
xsb[113]	24.116514	544.324280
xsb[114]	29.692499	539.150635
xsb[115]	21.151108	548.105957
xsb[116]	22.141623	547.206970
xsb[117]	37.375019	531.213623
xsb[118]	26.992464	541.502319
xsb[119]	33.087448	535.331238
xsb[11]	50.667500	515.451050
xsb[120]	29.363539	538.707092
xsb[121]	33.583107	534.715698
xsb[122]	29.004883	539.452515
xsb[123]	32.668201	535.477600
xsb[124]	24.814457	544.220337
xsb[125]	29.229342	538.720947
xsb[126]	38.615223	529.642883
xsb[127]	24.848484	544.559082
xsb[128]	27.111341	540.565735
xsb[129]	40.534492	527.136108
xsb[12]	36.903759	531.064026
xsb[130]	32.826714	535.794434
xsb[131]	29.854675	538.421448
xsb[132]	41.537800	526.703247
xsb[133]	36.631058	531.282776
xsb[134]	35.057152	532.952271
xsb[135]	26.319113	541.320923
xsb[136]	35.025761	531.974670
xsb[137]	36.231461	531.943848
xsb[138]	31.229185	537.626831
xsb[139]	33.228752	534.913025
xsb[13]	39.485249	528.431580
xsb[140]	39.114044	528.650024
xsb[141]	34.102997	532.472961
xsb[142]	46.893822	521.200745
xsb[143]	33.739429	534.161255
xsb[144]	43.981346	524.030334
xsb[145]	26.218916	541.978821
xsb[146]	47.507332	520.826477
xsb[147]	39.616753	527.911804
xsb[148]	26.684599	541.697998
xsb[149]	36.239735	531.371399
xsb[14]	32.651630	535.280701
xsb[150]	36.691650	530.935181
xsb[151]	27.053999	540.916199
xsb[152]	36.666336	530.521545
xsb[153]	33.519604	534.163208
xsb[154]	35.581398	532.010681
xsb[155]	26.639969	541.706787
xsb[156]	43.878983	524.040955
xsb[157]	30.594166	538.055603
xsb[158]	24.628021	543.164734
xsb[159]	22.446545	546.853699
xsb[15]	23.240660	544.608276
xsb[160]	31.648184	535.570923
xsb[161]	43.171688	524.565796
xsb[162]	30.604963	538.075500
xsb[163]	45.922794	521.519714
xsb[164]	42.350178	525.955627
xsb[165]	50.333458	515.766846
xsb[166]	33.551273	535.788086
xsb[167]	36.213200	532.531921
xsb[168]	48.252872	517.724854
xsb[169]	48.921146	518.809692
xsb[16]	30.752846	536.696045
xsb[170]	47.660183	518.294189
xsb[171]	22.788465	546.138611
xsb[172]	20.960789	548.223328
xsb[173]	24.332092	545.015381
xsb[174]	26.763618	542.266602
xsb[175]	46.089409	520.337646
xsb[176]	26.314062	540.838257
xsb[177]	26.993935	540.615173
xsb[178]	23.836266	545.351868
xsb[179]	25.167507	542.843323
xsb[17]	28.712561	538.599365
xsb[180]	18.749947	550.256592
xsb[181]	22.980034	545.046326
xsb[182]	22.651991	546.755615
xsb[183]	36.809944	531.519165
xsb[184]	29.125841	538.567200
xsb[185]	29.746428	538.749939
xsb[186]	44.374283	522.960144
xsb[187]	21.288971	546.677979
xsb[188]	33.399616	534.908203
xsb[189]	22.460312	546.669373
xsb[18]	49.066307	517.349731
xsb[190]	28.246878	539.071777
xsb[191]	28.199276	539.148193
xsb[192]	24.876213	542.475037
xsb[193]	29.556135	538.954468
xsb[194]	20.488777	548.682007
xsb[195]	29.737823	538.905457
xsb[196]	34.001968	534.645813
xsb[197]	18.702206	550.181885
xsb[198]	24.143270	543.572205
xsb[199]	29.491714	539.021301
xsb[19]	33.879787	533.752014
xsb[1]	31.522646	537.027100
xsb[200]	24.377695	544.750366
xsb[201]	27.479353	541.928345
xsb[202]	28.256342	540.187439
xsb[203]	30.841663	537.763733
xsb[204]	24.200808	545.318298
xsb[205]	24.874630	544.266296
xsb[206]	28.049978	540.325439
xsb[207]	28.821335	539.753113
xsb[208]	29.007463	539.874146
xsb[209]	32.963631	535.394165
xsb[20]	36.366936	532.290466
xsb[210]	24.175440	544.823303
xsb[211]	32.450237	535.699585
xsb[212]	31.623232	537.189880
xsb[213]	29.832941	538.685791
xsb[214]	25.100256	543.976746
xsb[215]	24.686281	544.137329
xsb[216]	32.650688	535.999939
xsb[217]	25.113884	544.089355
xsb[218]	22.503860	546.816101
xsb[219]	26.075171	542.772156
xsb[21]	38.417465	529.301819
xsb[220]	24.343277	544.791443
xsb[221]	30.440233	537.971741
xsb[222]	31.739805	536.674072
xsb[223]	30.441816	537.854675
xsb[224]	22.926271	545.845825
xsb[225]	22.035540	547.424866
xsb[226]	19.615532	549.373352
xsb[227]	26.298880	542.509155
xsb[228]	34.465599	533.929138
xsb[229]	25.484753	542.969421
xsb[22]	32.217175	535.826538
xsb[230]	31.033342	537.053101
xsb[231]	24.149378	545.291016
xsb[232]	32.218449	536.314514
xsb[233]	29.833609	539.059937
xsb[234]	22.772478	545.921875
xsb[235]	23.553936	545.414246
xsb[236]	31.184444	537.306763
xsb[237]	22.764984	546.002747
xsb[238]	21.729092	547.531372
xsb[239]	29.699715	538.866516
xsb[23]	23.690355	544.004395
xsb[240]	31.987745	537.757080
xsb[241]	34.225262	534.093567
xsb[242]	33.551746	535.070557
xsb[243]	29.254404	540.352539
xsb[244]	24.541729	544.771423
xsb[245]	27.426477	540.905762
xsb[246]	30.122683	538.702087
xsb[247]	39.771297	528.825867
xsb[248]	24.562574	544.837158
xsb[249]	28.918478	539.419617
xsb[24]	24.003216	545.382080
xsb[250]	28.355373	539.662109
xsb[251]	34.617310	533.723389
xsb[252]	29.396957	540.207520
xsb[253]	37.280708	531.255920
xsb[254]	33.535786	534.709473
xsb[255]	31.186415	537.092957
xsb[25]	35.568104	531.628174
xsb[26]	31.259911	536.145935
xsb[27]	28.072683	539.307129
xsb[28]	37.580189	530.818481
xsb[29]	30.462410	537.134644
xsb[2]	29.909159	538.547241
xsb[30]	29.786507	539.716370
xsb[31]	31.864983	537.059814
xsb[32]	36.751297	531.507080
xsb[33]	23.374386	545.843384
xsb[34]	48.570202	517.950195
xsb[35]	19.792612	549.517090
xsb[36]	32.574997	536.694702
xsb[37]	41.964432	523.805359
xsb[38]	34.083153	533.369019
xsb[39]	23.898272	545.309326
xsb[3]	35.432076	532.724426
xsb[40]	42.028324	525.490417
xsb[41]	49.611149	516.448425
xsb[42]	40.722759	526.676575
xsb[43]	29.931862	539.054749
xsb[44]	37.669174	531.286682
xsb[45]	23.670259	545.486023
xsb[46]	48.489353	517.581421
xsb[47]	48.376026	517.354309
xsb[48]	24.255737	543.518921
xsb[49]	31.514097	537.140198
xsb[4]	47.236576	520.793945
xsb[50]	37.187698	531.390259
xsb[51]	26.107643	541.251221
xsb[52]	40.817600	528.361267
xsb[53]	22.525398	545.132141
xsb[54]	23.119894	546.059998
xsb[55]	26.587593	540.805725
xsb[56]	36.301960	531.266785
xsb[57]	21.391277	547.744202
xsb[58]	29.976604	538.630493
xsb[59]	27.837093	539.423523
xsb[5]	23.102798	544.612915
xsb[60]	25.607683	541.567688
xsb[61]	23.070074	544.953735
xsb[62]	35.992958	532.357178
xsb[63]	20.077135	549.086121
xsb[64]	35.635216	532.750732
xsb[65]	29.074326	539.263611
xsb[66]	28.107544	540.260742
xsb[67]	31.877529	536.734131
xsb[68]	31.974285	536.137451
xsb[69]	36.263519	532.572205
xsb[6]	28.329117	539.315918
xsb[70]	23.719221	544.090332
xsb[71]	22.484264	546.638855
xsb[72]	33.062691	535.551941
xsb[73]	22.170488	547.119934
xsb[74]	21.804253	546.379578
xsb[75]	34.446392	534.199585
xsb[76]	24.701490	542.490784
xsb[77]	32.987778	535.688721
xsb[78]	32.835705	535.807495
xsb[79]	31.950109	536.250488
xsb[7]	27.680136	539.934082
xsb[80]	26.412483	542.805603
xsb[81]	22.998131	546.442993
xsb[82]	30.710518	538.203247
xsb[83]	26.914637	541.763306
xsb[84]	23.844149	544.994141
xsb[85]	32.367527	535.855896
xsb[86]	30.299318	538.256104
xsb[87]	26.566555	542.428223
xsb[88]	20.584894	548.774353
xsb[89]	22.037567	547.286865
xsb[8]	29.049374	538.891357
xsb[90]	27.947256	540.792297
xsb[91]	24.938995	544.584717
xsb[92]	32.173016	536.272705
xsb[93]	29.821396	538.699890
xsb[94]	30.326159	538.089661
xsb[95]	25.266262	543.416443
xsb[96]	33.741508	534.523621
xsb[97]	29.449749	538.898071
xsb[98]	35.502102	532.719116
xsb[99]	28.872154	539.481201
xsb[9]	40.566441	527.312622
