# ot_rb_dump min 6 instances, UI per ps 1.0000000039958028
E	min	sp_collective	f_mtp	input	f_hb_mtp_collective_6/dq[123]	sp_collective/f_mtp[123]	2.0
E	min	sp_collective	pll_hbm	output	sp_collective/pll_hbm[0]	ctrl_SW/ckh[0]	866534.4
E	min	sp_collective	pll_serial	output	sp_collective/pll_serial[0]	g_hb_su_s_hc_s_d0_f_hb_su_s_hc_s_1_0/ck[0]	234354.9
E	min	sp_collective	pll_stream	output	sp_collective/pll_stream[0]	ctrl_SE/cks[0]	5337755.0
E	min	sp_collective	rE0	input	hl_E0/o[509]	sp_collective/rE0[509]	10.3
E	min	sp_collective	rE1	input	hl_E1/o[514]	sp_collective/rE1[514]	0.3
E	min	sp_collective	rE2	input	hl_E2/o[507]	sp_collective/rE2[507]	0.5
E	min	sp_collective	rE3	input	hl_E3/o[507]	sp_collective/rE3[507]	0.4
E	min	sp_collective	rE4	input	hl_E4/o[514]	sp_collective/rE4[514]	0.4
E	min	sp_collective	rE5	input	hl_E5/o[507]	sp_collective/rE5[507]	0.4
E	min	sp_collective	rW0	input	hl_W0/o[514]	sp_collective/rW0[514]	1.8
E	min	sp_collective	rW1	input	hl_W1/o[514]	sp_collective/rW1[514]	1.1
E	min	sp_collective	rW2	input	hl_W2/o[507]	sp_collective/rW2[507]	0.8
E	min	sp_collective	rW3	input	hl_W3/o[507]	sp_collective/rW3[507]	1.1
E	min	sp_collective	rW4	input	hl_W4/o[507]	sp_collective/rW4[507]	1.2
E	min	sp_collective	rW5	input	hl_W5/o[514]	sp_collective/rW5[514]	0.7
E	min	sp_collective	rW6	input	hl_W6/o[514]	sp_collective/rW6[514]	1.2
E	min	sp_collective	rst_hbm	output	sp_collective/rst_hbm[0]	ctrl_SW/rst[0]	868921.6
E	min	sp_collective	rst_serial	output	sp_collective/rst_serial[0]	sp_hc_s/rst[0]	28015.5
E	min	sp_collective	rst_stream	output	sp_collective/rst_stream[0]	hqe_SE/rs[0]	5147285.5
E	min	sp_collective	t_mtp	output	sp_collective/t_mtp[127]	g_hb_collective_mtp_d0_f_hb_collective_mtp_1_0/di[127]	11.3
E	min	sp_collective	t_vm	output	sp_collective/t_vm[511]	g_hb_collective_vm_d0_f_hb_collective_vm_1_0/di[511]	8.3
E	min	sp_collective	tdE0	output	sp_collective/tdE0[510]	g_KE0t_d0_f_KE0t_1_0/di0[510]	11.3
E	min	sp_collective	tdE1	output	sp_collective/tdE1[510]	g_KE1t_d0_f_KE1t_1_0/di0[510]	11.2
E	min	sp_collective	tdE2	output	sp_collective/tdE2[510]	g_KE2t_d0_f_KE2t_1_0/di0[510]	17.2
E	min	sp_collective	tdE3	output	sp_collective/tdE3[510]	g_KE3t_d0_f_KE3t_1_0/di0[510]	14.8
E	min	sp_collective	tdE4	output	sp_collective/tdE4[510]	g_KE4t_d0_f_KE4t_1_0/di0[510]	15.1
E	min	sp_collective	tdE5	output	sp_collective/tdE5[510]	g_KE5t_d0_f_KE5t_1_0/di0[510]	12.9
E	min	sp_collective	tdW0	output	sp_collective/tdW0[510]	g_KW0t_d0_f_KW0t_1_0/di0[510]	10.4
E	min	sp_collective	tdW1	output	sp_collective/tdW1[510]	g_KW1t_d0_f_KW1t_1_0/di0[510]	10.6
E	min	sp_collective	tdW2	output	sp_collective/tdW2[510]	g_KW2t_d0_f_KW2t_1_0/di0[510]	25.1
E	min	sp_collective	tdW3	output	sp_collective/tdW3[510]	g_KW3t_d0_f_KW3t_1_0/di0[510]	14.6
E	min	sp_collective	tdW4	output	sp_collective/tdW4[510]	g_KW4t_d0_f_KW4t_1_0/di0[510]	13.5
E	min	sp_collective	tdW5	output	sp_collective/tdW5[507]	f_KW5t_1/di0[507]	10.7
E	min	sp_collective	tdW6	output	sp_collective/tdW6[510]	g_KW6t_d0_f_KW6t_1_0/di0[510]	15.7
E	min	sp_collective	tfE0	output	sp_collective/tfE0[0]	g_KE0t_d0_f_KE0t_1_0/fi0[0]	18.1
E	min	sp_collective	tfE1	output	sp_collective/tfE1[0]	g_KE1t_d0_f_KE1t_1_0/fi0[0]	25.7
E	min	sp_collective	tfE2	output	sp_collective/tfE2[0]	g_KE2t_d0_f_KE2t_1_0/fi0[0]	25.5
E	min	sp_collective	tfE3	output	sp_collective/tfE3[0]	g_KE3t_d0_f_KE3t_1_0/fi0[0]	29.3
E	min	sp_collective	tfE4	output	sp_collective/tfE4[0]	g_KE4t_d0_f_KE4t_1_0/fi0[0]	25.5
E	min	sp_collective	tfE5	output	sp_collective/tfE5[0]	g_KE5t_d0_f_KE5t_1_0/fi0[0]	22.4
E	min	sp_collective	tfW0	output	sp_collective/tfW0[0]	g_KW0t_d0_f_KW0t_1_0/fi0[0]	19.9
E	min	sp_collective	tfW1	output	sp_collective/tfW1[0]	g_KW1t_d0_f_KW1t_1_0/fi0[0]	28.9
E	min	sp_collective	tfW2	output	sp_collective/tfW2[0]	g_KW2t_d0_f_KW2t_1_0/fi0[0]	40.9
E	min	sp_collective	tfW3	output	sp_collective/tfW3[0]	g_KW3t_d0_f_KW3t_1_0/fi0[0]	19.3
E	min	sp_collective	tfW4	output	sp_collective/tfW4[0]	g_KW4t_d0_f_KW4t_1_0/fi0[0]	20.3
E	min	sp_collective	tfW5	output	sp_collective/tfW5[0]	f_KW5t_1/fi0[0]	16.3
E	min	sp_collective	tfW6	output	sp_collective/tfW6[0]	g_KW6t_d0_f_KW6t_1_0/fi0[0]	19.7
P	min	ctrl_SW	rd	output	ctrl_SW/rd[1038]	svc_SW/rd[1038]	clk_stream	clk_stream	833.333	2285.6	2266.1	2578.5	2579.5	2386.9	70.8	192.6	-	-	-	-
E	min	ctrl_SW	rst	input	sp_collective/rst_hbm[0]	ctrl_SW/rst[0]	868921.6
P	min	svc_SW	ad	output	svc_SW/ad[280]	g_aSW_d0_f_aSW_1_0/di0[280]	clk_stream	ot_fw_0	833.333	2266.1	2303.4	2584.9	2590.0	2368.4	15.0	221.6	-	-	18.9	svc_SW/af[0]
E	min	svc_SW	af	output	svc_SW/af[0]	g_aSW_d0_f_aSW_1_0/fi0[0]	18.5
P	min	svc_SW	od	output	svc_SW/od[505]	g_coSW_d0_f_coSW_1_0/di0[505]	clk_stream	ot_fw_1	833.333	2266.1	2308.7	2503.1	3344.6	2857.3	81.9	487.3	-	-	20.3	svc_SW/of[0]
E	min	svc_SW	of	output	svc_SW/of[0]	g_coSW_d0_f_coSW_1_0/fi0[0]	22.2
P	min	svc_SW	q	input	hqe_SW/o[329]	svc_SW/q[329]	clk_stream	clk_stream	833.333	2274.3	2266.1	2390.7	2395.3	2445.4	129.3	-50.1	-	-	-	-
P	min	svc_SW	rd	input	ctrl_SW/rd[1038]	svc_SW/rd[1038]	clk_stream	clk_stream	833.333	2285.6	2266.1	2578.5	2579.5	2386.9	70.8	192.6	-	-	-	-
E	min	svc_SW	rst	input	sp_collective/rst_stream[0]	svc_SW/rst[0]	2484500.2
P	min	svc_SW	xd	output	svc_SW/xd[505]	g_ixSW_d0_f_ixSW_1_0/di0[505]	clk_stream	ot_fw_2	833.333	2266.1	2474.9	2486.2	3328.0	3023.5	81.9	304.6	-	-	186.4	svc_SW/xf[0]
E	min	svc_SW	xf	output	svc_SW/xf[0]	g_ixSW_d0_f_ixSW_1_0/fi0[0]	22.2
P	min	bk_selector	iNE	input	xsix_NE/o[408]	bk_selector/iNE[408]	clk_stream	clk_stream	833.333	2412.1	2411.8	2444.1	2457.2	2476.8	15.0	-19.6	-	-	-	-
P	min	bk_selector	iNW	input	xsix_NW/o[368]	bk_selector/iNW[368]	clk_stream	clk_stream	833.333	2412.3	2411.8	2444.3	2456.8	2476.8	15.0	-20.0	-	-	-	-
P	min	bk_selector	iSE	input	xsix_SE/o[75]	bk_selector/iSE[75]	clk_stream	clk_stream	833.333	2411.9	2411.8	2443.9	2455.5	2476.8	15.0	-21.3	-	-	-	-
P	min	bk_selector	iSW	input	xsix_SW/o[508]	bk_selector/iSW[508]	clk_stream	clk_stream	833.333	2411.9	2411.8	2443.9	2456.2	2476.8	15.0	-20.6	-	-	-	-
E	min	bk_selector	rst	input	sp_collective/rst_stream[0]	bk_selector/rst[0]	5000448.5
P	min	bk_selector	vd	output	bk_selector/vd[90]	g_sel_d0_f_sel_1_0/di0[90]	clk_stream	ot_fw_3	833.333	2411.8	2468.5	2443.8	3285.8	3018.8	83.6	267.1	-	-	32.0	bk_selector/vf[0]
E	min	bk_selector	vf	output	bk_selector/vf[0]	g_sel_d0_f_sel_1_0/fi0[0]	24.7
P	min	bk_collector	cSW	input	xsco_SW/o[473]	bk_collector/cSW[473]	clk_stream	clk_stream	833.333	2412.6	2156.6	2444.6	2496.2	2467.0	260.4	29.2	-	-	-	-
E	min	bk_collector	rst	input	sp_collective/rst_stream[0]	bk_collector/rst[0]	3393357.7
P	min	bk_collector	vd	output	bk_collector/vd[90]	g_col_d0_f_col_1_0/di0[90]	clk_stream	ot_fw_4	833.333	2156.6	2196.9	2506.8	3348.3	2747.2	83.6	601.1	-	-	18.3	bk_collector/vf[0]
E	min	bk_collector	vf	output	bk_collector/vf[0]	g_col_d0_f_col_1_0/fi0[0]	21.9
E	min	hq_SW	fo	output	hq_SW/fo[0]	f_qSW_1/fi0[0]	208.7
P	min	hq_SW	i	input	sp_vm/qSW[260]	hq_SW/i[260]	clk_serial	clk_serial	1111.111	832.5	734.7	864.5	865.6	740.7	63.6	124.8	-	-	-	-
P	min	hq_SW	od	output	hq_SW/od[321]	f_qSW_1/di0[321]	clk_stream	ot_fw_5	833.333	2314.6	2551.0	2516.8	3501.9	3083.3	65.6	418.6	-	-	27.6	hq_SW/fo[0]
E	min	hq_SW	rs	input	sp_collective/rst_serial[0]	hq_SW/rs[0]	23658.2
E	min	hq_SW	rss	input	sp_collective/rst_stream[0]	hq_SW/rss[0]	2229378.7
P	min	hq_SW	st	output	hq_SW/st[1]	sp_vm/qSWs[1]	clk_serial	clk_serial	1111.111	734.7	832.5	834.5	835.3	897.5	15.0	-62.2	-	-	-	-
