# ot_rb_dump max 6 instances, UI per ps 1.0000000039958028
E	max	sp_collective	f_mtp	input	f_hb_mtp_collective_6/dq[123]	sp_collective/f_mtp[123]	2.0
E	max	sp_collective	pll_hbm	output	sp_collective/pll_hbm[0]	ctrl_SW/ckh[0]	866534.4
E	max	sp_collective	pll_serial	output	sp_collective/pll_serial[0]	g_hb_su_s_hc_s_d0_f_hb_su_s_hc_s_1_0/ck[0]	234331.7
E	max	sp_collective	pll_stream	output	sp_collective/pll_stream[0]	ctrl_SE/cks[0]	5332511.5
E	max	sp_collective	rE0	input	hl_E0/o[507]	sp_collective/rE0[507]	10.7
E	max	sp_collective	rE1	input	hl_E1/o[514]	sp_collective/rE1[514]	0.3
E	max	sp_collective	rE2	input	hl_E2/o[507]	sp_collective/rE2[507]	0.5
E	max	sp_collective	rE3	input	hl_E3/o[507]	sp_collective/rE3[507]	0.4
E	max	sp_collective	rE4	input	hl_E4/o[514]	sp_collective/rE4[514]	0.4
E	max	sp_collective	rE5	input	hl_E5/o[507]	sp_collective/rE5[507]	0.4
E	max	sp_collective	rW0	input	hl_W0/o[514]	sp_collective/rW0[514]	1.8
E	max	sp_collective	rW1	input	hl_W1/o[514]	sp_collective/rW1[514]	1.1
E	max	sp_collective	rW2	input	hl_W2/o[507]	sp_collective/rW2[507]	0.8
E	max	sp_collective	rW3	input	hl_W3/o[507]	sp_collective/rW3[507]	1.1
E	max	sp_collective	rW4	input	hl_W4/o[507]	sp_collective/rW4[507]	1.2
E	max	sp_collective	rW5	input	hl_W5/o[514]	sp_collective/rW5[514]	0.7
E	max	sp_collective	rW6	input	hl_W6/o[514]	sp_collective/rW6[514]	1.2
E	max	sp_collective	rst_hbm	output	sp_collective/rst_hbm[0]	ctrl_SW/rst[0]	869746.6
E	max	sp_collective	rst_serial	output	sp_collective/rst_serial[0]	sp_hc_s/rst[0]	28018.7
E	max	sp_collective	rst_stream	output	sp_collective/rst_stream[0]	hqe_SE/rs[0]	5142268.0
E	max	sp_collective	t_mtp	output	sp_collective/t_mtp[127]	g_hb_collective_mtp_d0_f_hb_collective_mtp_1_0/di[127]	11.3
E	max	sp_collective	t_vm	output	sp_collective/t_vm[511]	g_hb_collective_vm_d0_f_hb_collective_vm_1_0/di[511]	8.3
E	max	sp_collective	tdE0	output	sp_collective/tdE0[510]	g_KE0t_d0_f_KE0t_1_0/di0[510]	11.7
E	max	sp_collective	tdE1	output	sp_collective/tdE1[510]	g_KE1t_d0_f_KE1t_1_0/di0[510]	11.5
E	max	sp_collective	tdE2	output	sp_collective/tdE2[510]	g_KE2t_d0_f_KE2t_1_0/di0[510]	17.6
E	max	sp_collective	tdE3	output	sp_collective/tdE3[510]	g_KE3t_d0_f_KE3t_1_0/di0[510]	15.2
E	max	sp_collective	tdE4	output	sp_collective/tdE4[510]	g_KE4t_d0_f_KE4t_1_0/di0[510]	15.6
E	max	sp_collective	tdE5	output	sp_collective/tdE5[510]	g_KE5t_d0_f_KE5t_1_0/di0[510]	13.3
E	max	sp_collective	tdW0	output	sp_collective/tdW0[510]	g_KW0t_d0_f_KW0t_1_0/di0[510]	10.8
E	max	sp_collective	tdW1	output	sp_collective/tdW1[510]	g_KW1t_d0_f_KW1t_1_0/di0[510]	10.9
E	max	sp_collective	tdW2	output	sp_collective/tdW2[510]	g_KW2t_d0_f_KW2t_1_0/di0[510]	25.6
E	max	sp_collective	tdW3	output	sp_collective/tdW3[510]	g_KW3t_d0_f_KW3t_1_0/di0[510]	15.0
E	max	sp_collective	tdW4	output	sp_collective/tdW4[510]	g_KW4t_d0_f_KW4t_1_0/di0[510]	14.0
E	max	sp_collective	tdW5	output	sp_collective/tdW5[507]	f_KW5t_1/di0[507]	10.6
E	max	sp_collective	tdW6	output	sp_collective/tdW6[510]	g_KW6t_d0_f_KW6t_1_0/di0[510]	16.1
E	max	sp_collective	tfE0	output	sp_collective/tfE0[0]	g_KE0t_d0_f_KE0t_1_0/fi0[0]	17.5
E	max	sp_collective	tfE1	output	sp_collective/tfE1[0]	g_KE1t_d0_f_KE1t_1_0/fi0[0]	25.1
E	max	sp_collective	tfE2	output	sp_collective/tfE2[0]	g_KE2t_d0_f_KE2t_1_0/fi0[0]	24.9
E	max	sp_collective	tfE3	output	sp_collective/tfE3[0]	g_KE3t_d0_f_KE3t_1_0/fi0[0]	28.6
E	max	sp_collective	tfE4	output	sp_collective/tfE4[0]	g_KE4t_d0_f_KE4t_1_0/fi0[0]	24.9
E	max	sp_collective	tfE5	output	sp_collective/tfE5[0]	g_KE5t_d0_f_KE5t_1_0/fi0[0]	21.8
E	max	sp_collective	tfW0	output	sp_collective/tfW0[0]	g_KW0t_d0_f_KW0t_1_0/fi0[0]	19.4
E	max	sp_collective	tfW1	output	sp_collective/tfW1[0]	g_KW1t_d0_f_KW1t_1_0/fi0[0]	28.2
E	max	sp_collective	tfW2	output	sp_collective/tfW2[0]	g_KW2t_d0_f_KW2t_1_0/fi0[0]	40.1
E	max	sp_collective	tfW3	output	sp_collective/tfW3[0]	g_KW3t_d0_f_KW3t_1_0/fi0[0]	18.7
E	max	sp_collective	tfW4	output	sp_collective/tfW4[0]	g_KW4t_d0_f_KW4t_1_0/fi0[0]	19.8
E	max	sp_collective	tfW5	output	sp_collective/tfW5[0]	f_KW5t_1/fi0[0]	16.2
E	max	sp_collective	tfW6	output	sp_collective/tfW6[0]	g_KW6t_d0_f_KW6t_1_0/fi0[0]	19.2
P	max	ctrl_SW	rd	output	ctrl_SW/rd[1138]	svc_SW/rd[1138]	clk_stream	clk_stream	833.333	3277.5	3256.6	3761.4	3763.3	4032.0	-27.0	268.6	-	-	-	-
E	max	ctrl_SW	rst	input	sp_collective/rst_hbm[0]	ctrl_SW/rst[0]	869746.6
P	max	svc_SW	ad	output	svc_SW/ad[138]	g_aSW_d0_f_aSW_1_0/di0[138]	clk_stream	ot_fw_0	833.333	3256.6	3628.0	3793.2	3803.9	4358.3	18.0	554.4	-	-	352.5	svc_SW/af[0]
E	max	svc_SW	af	output	svc_SW/af[0]	g_aSW_d0_f_aSW_1_0/fi0[0]	18.9
P	max	svc_SW	od	output	svc_SW/od[119]	g_coSW_d0_f_coSW_1_0/di0[119]	clk_stream	ot_fw_1	833.333	3256.6	3590.6	3693.3	3714.1	4011.4	-89.1	297.3	-	-	311.7	svc_SW/of[0]
E	max	svc_SW	of	output	svc_SW/of[0]	g_coSW_d0_f_coSW_1_0/fi0[0]	22.4
P	max	svc_SW	q	input	hqe_SW/o[0]	svc_SW/q[0]	clk_stream	clk_stream	833.333	3270.9	3256.6	3569.7	3574.1	4054.5	-49.5	480.4	-	-	-	-
P	max	svc_SW	rd	input	ctrl_SW/rd[1138]	svc_SW/rd[1138]	clk_stream	clk_stream	833.333	3277.5	3256.6	3761.4	3763.3	4032.0	-27.0	268.6	-	-	-	-
E	max	svc_SW	rst	input	sp_collective/rst_stream[0]	svc_SW/rst[0]	2482091.5
P	max	svc_SW	xd	output	svc_SW/xd[323]	g_ixSW_d0_f_ixSW_1_0/di0[323]	clk_stream	ot_fw_2	833.333	3256.6	16312.6	3590.2	3608.3	16716.4	-72.2	13108.2	-	-	13033.6	svc_SW/xf[0]
E	max	svc_SW	xf	output	svc_SW/xf[0]	g_ixSW_d0_f_ixSW_1_0/fi0[0]	37.3
P	max	bk_selector	iNE	input	xsix_NE/o[268]	bk_selector/iNE[268]	clk_stream	clk_stream	833.333	3440.6	3440.1	3495.6	3512.2	4170.4	18.0	658.2	-	-	-	-
P	max	bk_selector	iNW	input	xsix_NW/o[467]	bk_selector/iNW[467]	clk_stream	clk_stream	833.333	3440.9	3440.1	3495.9	3520.0	4170.4	18.0	650.4	-	-	-	-
P	max	bk_selector	iSE	input	xsix_SE/o[168]	bk_selector/iSE[168]	clk_stream	clk_stream	833.333	3440.2	3440.1	3495.2	3511.8	4170.4	18.0	658.6	-	-	-	-
P	max	bk_selector	iSW	input	xsix_SW/o[367]	bk_selector/iSW[367]	clk_stream	clk_stream	833.333	3440.2	3440.1	3495.2	3515.1	4170.4	18.0	655.3	-	-	-	-
E	max	bk_selector	rst	input	sp_collective/rst_stream[0]	bk_selector/rst[0]	4995608.5
P	max	bk_selector	vd	output	bk_selector/vd[436]	g_sel_d0_f_sel_1_0/di0[436]	clk_stream	ot_fw_3	833.333	3440.1	3519.5	3495.1	3514.4	3922.9	-71.7	408.5	-	-	55.0	bk_selector/vf[0]
E	max	bk_selector	vf	output	bk_selector/vf[0]	g_sel_d0_f_sel_1_0/fi0[0]	24.4
P	max	bk_collector	cSW	input	xsco_SW/o[173]	bk_collector/cSW[173]	clk_stream	clk_stream	833.333	3441.4	3120.9	3496.4	3568.7	3907.3	-38.1	338.6	-	-	-	-
E	max	bk_collector	rst	input	sp_collective/rst_stream[0]	bk_collector/rst[0]	3390128.2
P	max	bk_collector	vd	output	bk_collector/vd[436]	g_col_d0_f_col_1_0/di0[436]	clk_stream	ot_fw_4	833.333	3120.9	3507.4	3600.8	3618.3	3910.8	-71.7	292.5	-	-	364.4	bk_collector/vf[0]
E	max	bk_collector	vf	output	bk_collector/vf[0]	g_col_d0_f_col_1_0/fi0[0]	22.2
E	max	hq_SW	fo	output	hq_SW/fo[0]	f_qSW_1/fi0[0]	230.5
P	max	hq_SW	i	input	sp_vm/qSW[81]	hq_SW/i[81]	clk_serial	clk_serial	1111.111	1162.3	1039.0	1217.3	1218.5	1907.8	12.3	689.3	-	-	-	-
P	max	hq_SW	od	output	hq_SW/od[471]	f_qSW_1/di0[471]	clk_stream	ot_fw_5	833.333	3317.6	3910.6	3862.8	4093.1	4334.6	-92.3	241.4	-	-	368.1	hq_SW/fo[0]
E	max	hq_SW	rs	input	sp_collective/rst_serial[0]	hq_SW/rs[0]	23677.6
E	max	hq_SW	rss	input	sp_collective/rst_stream[0]	hq_SW/rss[0]	2227301.5
P	max	hq_SW	st	output	hq_SW/st[0]	sp_vm/qSWs[0]	clk_serial	clk_serial	1111.111	1039.0	1162.3	1246.0	1246.8	2170.4	18.0	923.6	-	-	-	-
