study_slice,model,scenario,architecture,window_frames,cache_mode,clip_duration_s,denoise_calls,attention_density,noc_critical_cut_fraction,cache_remote_fraction,rom_row_reuse,tensor_operations,weight_read_bytes,mutable_hbm_bytes,rom_latency_s,same_compute_hbm_latency_s,rom_storage_speedup,generated_rate_fps,real_time_factor,main_compute_service_s,main_immutable_service_s,main_mutable_service_s,main_storage_service_s,main_noc_serialization_floor_s,main_largest_modeled_term
baseline,Oasis-500M-public-code,reference_recompute-W1,ROM-wafer-N4-class-HBM3e-conservative,1,reference_recompute,,,,0.5,0.0,whole_call,1369485856768,12463683168,0.0,0.001075755049590134,0.0015752785259525695,1.4643468571704643,929.5796476911758,0.021515100991802677,0.0007068487506966364,2.311522153369774e-05,0.0,2.311522153369774e-05,0.00022075284210526316,compute
baseline,Oasis-500M-public-code,reference_recompute-W1,ROM-wafer-N4-class-HBM3e-central,1,reference_recompute,,,,0.5,0.0,whole_call,1369485856768,12463683168,0.0,0.0004386380231594931,0.000839516942952778,1.913917395728189,2279.784120849893,0.00877276046318986,0.00014048998334347229,5.656646426876059e-06,0.0,5.656646426876059e-06,0.00023937662337662337,noc_serialization_floor
baseline,Oasis-500M-public-code,reference_recompute-W1,ROM-wafer-N4-class-HBM3e-aggressive,1,reference_recompute,,,,0.5,0.0,whole_call,1369485856768,12463683168,0.0,0.00019078756128448784,0.0004464014499204152,2.3397827767963104,5241.43184842578,0.003815751225689757,6.280583241934625e-05,2.3554407016980226e-06,0.0,2.3554407016980226e-06,0.0001024,noc_serialization_floor
baseline,Oasis-500M-public-code,causal_kv_cache-W1,ROM-wafer-N4-class-HBM3e-conservative,1,causal_kv_cache,,,,0.5,0.0,whole_call,1487265634304,13679570656,9437184.0,0.0011685152088703242,0.0017189273659418906,1.4710355097591616,855.7868929808468,0.023370304177406483,0.0007775336257663002,2.542674368706751e-05,9.363330728875992e-07,2.542674368706751e-05,0.00024282812631578948,compute
baseline,Oasis-500M-public-code,causal_kv_cache-W1,ROM-wafer-N4-class-HBM3e-central,1,causal_kv_cache,,,,0.5,0.0,whole_call,1487265634304,13679570656,9437184.0,0.00047662468383150264,0.0009180116823402412,1.9260682744345206,2098.086888746874,0.009532493676630052,0.0001545389816778195,6.222311069563665e-06,4.2018673612502505e-07,6.222311069563665e-06,0.00026331428571428573,noc_serialization_floor
baseline,Oasis-500M-public-code,causal_kv_cache-W1,ROM-wafer-N4-class-HBM3e-aggressive,1,causal_kv_cache,,,,0.5,0.0,whole_call,1487265634304,13679570656,9437184.0,0.00020730814452642247,0.0004887305654110406,2.3575077888401506,4823.737158443117,0.004146162890528449,6.908641566128088e-05,2.590984771867825e-06,2.471433850980866e-07,2.590984771867825e-06,0.00011264,noc_serialization_floor
baseline,Oasis-500M-public-code,reference_recompute-W8,ROM-wafer-N4-class-HBM3e-conservative,8,reference_recompute,,,,0.5,0.0,whole_call,9616712695808,12463683168,0.0,0.007570552027705415,0.007570552027705415,1.0,132.09076383602815,0.15141104055410828,0.005656375834075075,2.311522153369774e-05,0.0,2.311522153369774e-05,0.0017660227368421052,compute
baseline,Oasis-500M-public-code,reference_recompute-W8,ROM-wafer-N4-class-HBM3e-central,8,reference_recompute,,,,0.5,0.0,whole_call,9616712695808,12463683168,0.0,0.003098019462127162,0.003098019462127162,1.0,322.78686826369386,0.06196038924254324,0.0011242350586747778,5.656646426876059e-06,0.0,5.656646426876059e-06,0.001915012987012987,noc_serialization_floor
baseline,Oasis-500M-public-code,reference_recompute-W8,ROM-wafer-N4-class-HBM3e-aggressive,8,reference_recompute,,,,0.5,0.0,whole_call,9616712695808,12463683168,0.0,0.0013473692942893405,0.0013473692942893405,1.0,742.1870189846076,0.02694738588578681,0.000502587565424199,2.3554407016980226e-06,0.0,2.3554407016980226e-06,0.0008192,noc_serialization_floor
baseline,Oasis-500M-public-code,causal_kv_cache-W8,ROM-wafer-N4-class-HBM3e-conservative,8,causal_kv_cache,,,,0.5,0.0,whole_call,1487992297472,13679570656,736100352.0,0.0011689513117083695,0.0017910250125542358,1.5321639101775195,855.4676229744293,0.023379026234167388,0.0007779697286043456,2.542674368706751e-05,7.303397968523274e-05,7.303397968523274e-05,0.00024282812631578948,compute
baseline,Oasis-500M-public-code,causal_kv_cache-W8,ROM-wafer-N4-class-HBM3e-central,8,causal_kv_cache,,,,0.5,0.0,whole_call,1487992297472,13679570656,736100352.0,0.00047671136161142754,0.0009503660610218681,1.9935880231789431,2097.705405257596,0.00953422723222855,0.00015462565945774436,6.222311069563665e-06,3.2774565417751954e-05,3.2774565417751954e-05,0.00026331428571428573,noc_serialization_floor
baseline,Oasis-500M-public-code,causal_kv_cache-W8,ROM-wafer-N4-class-HBM3e-aggressive,8,causal_kv_cache,,,,0.5,0.0,whole_call,1487992297472,13679570656,736100352.0,0.0002073468936955154,0.0005077606060635933,2.448845975041368,4822.835694218208,0.004146937873910308,6.912516483037382e-05,2.590984771867825e-06,1.9277184037650755e-05,1.9277184037650755e-05,0.00011264,noc_serialization_floor
baseline,Oasis-500M-public-code,reference_recompute-W16,ROM-wafer-N4-class-HBM3e-conservative,16,reference_recompute,,,,0.5,0.0,whole_call,19047777107968,12463683168,0.0,0.014996575349484273,0.014996575349484273,1.0,66.68189081145047,0.29993150698968546,0.011316376419011828,2.311522153369774e-05,0.0,2.311522153369774e-05,0.0035320454736842105,compute
baseline,Oasis-500M-public-code,reference_recompute-W16,ROM-wafer-N4-class-HBM3e-central,16,reference_recompute,,,,0.5,0.0,whole_call,19047777107968,12463683168,0.0,0.006137987946505212,0.006137987946505212,1.0,162.91983769198671,0.12275975893010424,0.0022491905560398403,5.656646426876059e-06,0.0,5.656646426876059e-06,0.003830025974025974,noc_serialization_floor
baseline,Oasis-500M-public-code,reference_recompute-W16,ROM-wafer-N4-class-HBM3e-aggressive,16,reference_recompute,,,,0.5,0.0,whole_call,19047777107968,12463683168,0.0,0.002669478930729377,0.002669478930729377,1.0,374.60494199396874,0.05338957861458754,0.0010054972018642353,2.3554407016980226e-06,0.0,2.3554407016980226e-06,0.0016384,noc_serialization_floor
baseline,Oasis-500M-public-code,causal_kv_cache-W16,ROM-wafer-N4-class-HBM3e-conservative,16,causal_kv_cache,,,,0.5,0.0,whole_call,1488822769664,13679570656,1566572544.0,0.00116944971495185,0.0018734223229683444,1.6019691133495886,855.1030345423387,0.023388994299037,0.000778468131847826,2.542674368706751e-05,0.00015543129009934148,0.00015543129009934148,0.00024282812631578948,compute
baseline,Oasis-500M-public-code,causal_kv_cache-W16,ROM-wafer-N4-class-HBM3e-central,16,causal_kv_cache,,,,0.5,0.0,whole_call,1488822769664,13679570656,1566572544.0,0.0004768104219313416,0.0009873424938008704,2.0707233910735345,2097.2695939603336,0.00953620843862683,0.00015472471977765847,6.222311069563665e-06,6.975099819675416e-05,6.975099819675416e-05,0.00026331428571428573,noc_serialization_floor
baseline,Oasis-500M-public-code,causal_kv_cache-W16,ROM-wafer-N4-class-HBM3e-aggressive,16,causal_kv_cache,,,,0.5,0.0,whole_call,1488822769664,13679570656,1566572544.0,0.00020739117846019307,0.0005295092239522249,2.553190679968384,4821.805861872477,0.004147823569203861,6.916944959505148e-05,2.590984771867825e-06,4.102580192628237e-05,4.102580192628237e-05,0.00011264,noc_serialization_floor
baseline,Oasis-500M-public-code,reference_recompute-W32,ROM-wafer-N4-class-HBM3e-conservative,32,reference_recompute,,,,0.5,0.0,whole_call,37928025325568,12463683168,0.0,0.029859496245627015,0.029859496245627015,1.0,33.490183215882354,0.5971899249125403,0.02264725184147036,2.311522153369774e-05,0.0,2.311522153369774e-05,0.007064090947368421,compute
baseline,Oasis-500M-public-code,reference_recompute-W32,ROM-wafer-N4-class-HBM3e-central,32,reference_recompute,,,,0.5,0.0,whole_call,37928025325568,12463683168,0.0,0.012220086231332163,0.012220086231332163,1.0,81.83248309950639,0.24440172462664325,0.004501262866840818,5.656646426876059e-06,0.0,5.656646426876059e-06,0.007660051948051948,noc_serialization_floor
baseline,Oasis-500M-public-code,reference_recompute-W32,ROM-wafer-N4-class-HBM3e-aggressive,32,reference_recompute,,,,0.5,0.0,whole_call,37928025325568,12463683168,0.0,0.005314664416656962,0.005314664416656962,1.0,188.1586346008694,0.10629328833313922,0.0020122826877918207,2.3554407016980226e-06,0.0,2.3554407016980226e-06,0.0032768,noc_serialization_floor
baseline,Oasis-500M-public-code,causal_kv_cache-W32,ROM-wafer-N4-class-HBM3e-conservative,32,causal_kv_cache,,,,0.5,0.0,whole_call,1490483714048,13679570656,3227516928.0,0.001170446521438811,0.002038216943796562,1.741401171657988,854.3747891793604,0.02340893042877622,0.000779464938334787,2.542674368706751e-05,0.00032022591092755896,0.00032022591092755896,0.00024282812631578948,compute
baseline,Oasis-500M-public-code,causal_kv_cache-W32,ROM-wafer-N4-class-HBM3e-central,32,causal_kv_cache,,,,0.5,0.0,whole_call,1490483714048,13679570656,3227516928.0,0.00047700854257116986,0.0010612953593588748,2.2248980146944204,2096.398514395158,0.009540170851423396,0.00015492284041748673,6.222311069563665e-06,0.00014370386375475857,0.00014370386375475857,0.00026331428571428573,noc_serialization_floor
baseline,Oasis-500M-public-code,causal_kv_cache-W32,ROM-wafer-N4-class-HBM3e-aggressive,32,causal_kv_cache,,,,0.5,0.0,whole_call,1490483714048,13679570656,3227516928.0,0.0002227447665686872,0.0005730064597294882,2.572480011793192,4489.443300530397,0.004454895331373744,6.925801912440678e-05,2.590984771867825e-06,8.452303770354561e-05,8.452303770354561e-05,0.00011264,noc_serialization_floor
baseline,MiniMax-H3,5.17s-base_dense,ROM-wafer-N4-class-HBM3e-conservative,,,5.166666666666667,49,1.0,0.5,0.0,whole_call,1.747961292578816e+17,1972716232256,0.0,107.65068375337788,107.65068375337788,1.0,1.151873779864488,20.8356162103312,104.90291981981062,0.003750328314236174,0.0,0.003750328314236174,2.7477639335672515,compute
baseline,MiniMax-H3,5.17s-base_dense,ROM-wafer-N4-class-HBM3e-central,,,5.166666666666667,49,1.0,0.5,0.0,whole_call,1.747961292578816e+17,1972716232256,0.0,23.829597036540363,23.829597036540363,1.0,5.203612961220372,4.612180071588457,20.850018400176726,0.000917762402900169,0.0,0.000917762402900169,2.9795786363636365,compute
baseline,MiniMax-H3,5.17s-base_dense,ROM-wafer-N4-class-HBM3e-aggressive,,,5.166666666666667,49,1.0,0.5,0.0,whole_call,1.747961292578816e+17,1972716232256,0.0,10.595566399845268,10.595566399845268,1.0,11.70300815648806,2.050754787066826,9.32096887206749,0.00038215839477049967,0.0,0.00038215839477049967,1.2745975277777777,compute
baseline,MiniMax-H3,5.17s-accelerated_best_case,ROM-wafer-N4-class-HBM3e-conservative,,,5.166666666666667,4,0.1,0.5,0.0,whole_call,6729315466280960.0,161038059776,0.0,4.060991784511588,4.060991784511588,1.0,30.53441291679771,0.7859984099054685,4.038561058523284,0.0003061492501417285,0.0,0.0003061492501417285,0.02243072598830409,compute
baseline,MiniMax-H3,5.17s-accelerated_best_case,ROM-wafer-N4-class-HBM3e-central,,,5.166666666666667,4,0.1,0.5,0.0,whole_call,6729315466280960.0,161038059776,0.0,0.8270087790203762,0.8270087790203762,1.0,149.93794884122366,0.16006621529426635,0.8026856881112853,7.491937982858522e-05,0.0,7.491937982858522e-05,0.024323090909090905,compute
baseline,MiniMax-H3,5.17s-accelerated_best_case,ROM-wafer-N4-class-HBM3e-aggressive,,,5.166666666666667,4,0.1,0.5,0.0,whole_call,6729315466280960.0,161038059776,0.0,0.3692442883404057,0.3692442883404057,1.0,335.821037496143,0.07146663645298174,0.3588394105626279,3.119660365473467e-05,0.0,3.119660365473467e-05,0.010404877777777776,compute
baseline,MiniMax-H3,10.12s-base_dense,ROM-wafer-N4-class-HBM3e-conservative,,,10.125,49,1.0,0.5,0.0,whole_call,5.231454979874816e+17,1972716232256,0.0,319.2753430716892,319.2753430716892,1.0,0.7610985479246277,31.533367216956957,313.96284610233243,0.003750328314236174,0.0,0.003750328314236174,5.312496969356725,compute
baseline,MiniMax-H3,10.12s-base_dense,ROM-wafer-N4-class-HBM3e-central,,,10.125,49,1.0,0.5,0.0,whole_call,5.231454979874816e+17,1972716232256,0.0,68.16248591697759,68.16248591697759,1.0,3.565010822756315,6.732097374516305,62.401800916977585,0.000917762402900169,0.0,0.000917762402900169,5.760685,compute
baseline,MiniMax-H3,10.12s-base_dense,ROM-wafer-N4-class-HBM3e-aggressive,,,10.125,49,1.0,0.5,0.0,whole_call,5.231454979874816e+17,1972716232256,0.0,30.360922793014364,30.360922793014364,1.0,8.003709296211214,2.99860965856932,27.896629765236586,0.00038215839477049967,0.0,0.00038215839477049967,2.464293027777778,compute
baseline,MiniMax-H3,10.12s-accelerated_best_case,ROM-wafer-N4-class-HBM3e-conservative,,,10.125,4,0.1,0.5,0.0,whole_call,1.452219413528576e+16,161038059776,0.0,8.758780949774424,8.758780949774424,1.0,27.743586852261476,0.8650647851629061,8.715413627575593,0.0003061492501417285,0.0,0.0003061492501417285,0.04336732219883041,compute
baseline,MiniMax-H3,10.12s-accelerated_best_case,ROM-wafer-N4-class-HBM3e-central,,,10.125,4,0.1,0.5,0.0,whole_call,1.452219413528576e+16,161038059776,0.0,1.7792612400889556,1.7792612400889556,1.0,136.57353654702837,0.17572950519397093,1.7322352400889556,7.491937982858522e-05,0.0,7.491937982858522e-05,0.047026,compute
baseline,MiniMax-H3,10.12s-accelerated_best_case,ROM-wafer-N4-class-HBM3e-aggressive,,,10.125,4,0.1,0.5,0.0,whole_call,1.452219413528576e+16,161038059776,0.0,0.7945097954275279,0.7945097954275279,1.0,305.8489667446341,0.07847010325210152,0.77439311764975,3.119660365473467e-05,0.0,3.119660365473467e-05,0.02011667777777778,compute
baseline,MiniMax-H3,14.38s-base_dense,ROM-wafer-N4-class-HBM3e-conservative,,,14.375,49,1.0,0.5,0.0,whole_call,9.640630774849536e+17,1972716232256,0.0,586.0879472488504,586.0879472488504,1.0,0.5886488565742753,40.77133546078959,578.5770665976223,0.003750328314236174,0.0,0.003750328314236174,7.51088065122807,compute
baseline,MiniMax-H3,14.38s-base_dense,ROM-wafer-N4-class-HBM3e-central,,,14.375,49,1.0,0.5,0.0,whole_call,9.640630774849536e+17,1972716232256,0.0,123.13983260660268,123.13983260660268,1.0,2.8016929428690918,8.566249224807143,114.99529760660268,0.000917762402900169,0.0,0.000917762402900169,8.144535,compute
baseline,MiniMax-H3,14.38s-base_dense,ROM-wafer-N4-class-HBM3e-aggressive,,,14.375,49,1.0,0.5,0.0,whole_call,9.640630774849536e+17,1972716232256,0.0,54.89252319365989,54.89252319365989,1.0,6.285008958011383,3.8186103091241663,51.40847211032656,0.00038215839477049967,0.0,0.00038215839477049967,3.484051083333333,compute
baseline,MiniMax-H3,14.38s-accelerated_best_case,ROM-wafer-N4-class-HBM3e-conservative,,,14.375,4,0.1,0.5,0.0,whole_call,2.236378088964096e+16,161038059776,0.0,13.482811393199098,13.482811393199098,1.0,25.588135140273668,0.9379347056138503,13.421498081760502,0.0003061492501417285,0.0,0.0003061492501417285,0.06131331143859649,compute
baseline,MiniMax-H3,14.38s-accelerated_best_case,ROM-wafer-N4-class-HBM3e-central,,,14.375,4,0.1,0.5,0.0,whole_call,2.236378088964096e+16,161038059776,0.0,2.734080786144326,2.734080786144326,1.0,126.18500585219657,0.19019692425351833,2.6675947861443263,7.491937982858522e-05,0.0,7.491937982858522e-05,0.066486,compute
baseline,MiniMax-H3,14.38s-accelerated_best_case,ROM-wafer-N4-class-HBM3e-aggressive,,,14.375,4,0.1,0.5,0.0,whole_call,2.236378088964096e+16,161038059776,0.0,1.2209854070463906,1.2209854070463906,1.0,282.55865959493156,0.0849381152727924,1.1925441737130573,3.119660365473467e-05,0.0,3.119660365473467e-05,0.028441233333333333,compute
oasis_cache_placement_row_reuse,Oasis-500M-public-code,causal_kv_cache-W32,ROM-wafer-N4-class-HBM3e-central,32,causal_kv_cache,,,,0.5,0.0,whole_call,1490483714048,13679570656,3227516928.0,0.00047700854257116986,0.0010612953593588748,2.2248980146944204,2096.398514395158,0.009540170851423396,0.00015492284041748673,6.222311069563665e-06,0.00014370386375475857,0.00014370386375475857,0.00026331428571428573,noc_serialization_floor
oasis_cache_placement_row_reuse,Oasis-500M-public-code,causal_kv_cache-W32,ROM-wafer-N4-class-HBM3e-central,32,causal_kv_cache,,,,0.5,0.0,64,1490483714048,13679570656,3227516928.0,0.00047700854257116986,0.0010612953593588748,2.2248980146944204,2096.398514395158,0.009540170851423396,0.00015492284041748673,1.4471360707827476e-05,0.00014370386375475857,0.00014370386375475857,0.00026331428571428573,noc_serialization_floor
oasis_cache_placement_row_reuse,Oasis-500M-public-code,causal_kv_cache-W32,ROM-wafer-N4-class-HBM3e-central,32,causal_kv_cache,,,,0.5,0.0,8,1490483714048,13679570656,3227516928.0,0.00047700854257116986,0.0010612953593588748,2.2248980146944204,2096.398514395158,0.009540170851423396,0.00015492284041748673,7.633923299480605e-05,0.00014370386375475857,0.00014370386375475857,0.00026331428571428573,noc_serialization_floor
oasis_cache_placement_row_reuse,Oasis-500M-public-code,causal_kv_cache-W32,ROM-wafer-N4-class-HBM3e-central,32,causal_kv_cache,,,,0.5,0.0,1,1490483714048,13679570656,3227516928.0,0.0009769299833758543,0.0010612953593588748,1.0863576483664568,1023.6148106995606,0.019538599667517087,0.00015492284041748673,0.0005960293602054261,0.00014370386375475857,0.0005960293602054261,0.00026331428571428573,storage
oasis_cache_placement_row_reuse,Oasis-500M-public-code,causal_kv_cache-W32,ROM-wafer-N4-class-HBM3e-central,32,causal_kv_cache,,,,0.5,0.25,whole_call,1490483714048,13679570656,3227516928.0,0.0014973513997140271,0.0020816382165017317,1.3902135576854537,667.8459045692185,0.02994702799428054,0.00015492284041748673,6.222311069563665e-06,0.00014370386375475857,0.00014370386375475857,0.001283657142857143,noc_serialization_floor
oasis_cache_placement_row_reuse,Oasis-500M-public-code,causal_kv_cache-W32,ROM-wafer-N4-class-HBM3e-central,32,causal_kv_cache,,,,0.5,0.25,64,1490483714048,13679570656,3227516928.0,0.0014973513997140271,0.0020816382165017317,1.3902135576854537,667.8459045692185,0.02994702799428054,0.00015492284041748673,1.4471360707827476e-05,0.00014370386375475857,0.00014370386375475857,0.001283657142857143,noc_serialization_floor
oasis_cache_placement_row_reuse,Oasis-500M-public-code,causal_kv_cache-W32,ROM-wafer-N4-class-HBM3e-central,32,causal_kv_cache,,,,0.5,0.25,8,1490483714048,13679570656,3227516928.0,0.0014973513997140271,0.0020816382165017317,1.3902135576854537,667.8459045692185,0.02994702799428054,0.00015492284041748673,7.633923299480605e-05,0.00014370386375475857,0.00014370386375475857,0.001283657142857143,noc_serialization_floor
oasis_cache_placement_row_reuse,Oasis-500M-public-code,causal_kv_cache-W32,ROM-wafer-N4-class-HBM3e-central,32,causal_kv_cache,,,,0.5,0.25,1,1490483714048,13679570656,3227516928.0,0.0019972728405187115,0.0020816382165017317,1.0422402859897246,500.68272081459344,0.03994545681037423,0.00015492284041748673,0.0005960293602054261,0.00014370386375475857,0.0005960293602054261,0.001283657142857143,noc_serialization_floor
oasis_cache_placement_row_reuse,Oasis-500M-public-code,causal_kv_cache-W32,ROM-wafer-N4-class-HBM3e-central,32,causal_kv_cache,,,,0.5,0.5,whole_call,1490483714048,13679570656,3227516928.0,0.0025176942568568843,0.003101981073644589,1.2320721887482613,397.18881563022285,0.050353885137137684,0.00015492284041748673,6.222311069563665e-06,0.00014370386375475857,0.00014370386375475857,0.002304,noc_serialization_floor
oasis_cache_placement_row_reuse,Oasis-500M-public-code,causal_kv_cache-W32,ROM-wafer-N4-class-HBM3e-central,32,causal_kv_cache,,,,0.5,0.5,64,1490483714048,13679570656,3227516928.0,0.0025176942568568843,0.003101981073644589,1.2320721887482613,397.18881563022285,0.050353885137137684,0.00015492284041748673,1.4471360707827476e-05,0.00014370386375475857,0.00014370386375475857,0.002304,noc_serialization_floor
oasis_cache_placement_row_reuse,Oasis-500M-public-code,causal_kv_cache-W32,ROM-wafer-N4-class-HBM3e-central,32,causal_kv_cache,,,,0.5,0.5,8,1490483714048,13679570656,3227516928.0,0.0025176942568568843,0.003101981073644589,1.2320721887482613,397.18881563022285,0.050353885137137684,0.00015492284041748673,7.633923299480605e-05,0.00014370386375475857,0.00014370386375475857,0.002304,noc_serialization_floor
oasis_cache_placement_row_reuse,Oasis-500M-public-code,causal_kv_cache-W32,ROM-wafer-N4-class-HBM3e-central,32,causal_kv_cache,,,,0.5,0.5,1,1490483714048,13679570656,3227516928.0,0.003017615697661569,0.003101981073644589,1.0279576276224958,331.38745956780605,0.06035231395323138,0.00015492284041748673,0.0005960293602054261,0.00014370386375475857,0.0005960293602054261,0.002304,noc_serialization_floor
oasis_cache_placement_row_reuse,Oasis-500M-public-code,causal_kv_cache-W32,ROM-wafer-N4-class-HBM3e-central,32,causal_kv_cache,,,,0.5,1.0,whole_call,1490483714048,13679570656,3227516928.0,0.004558379971142598,0.005142666787930303,1.1281786118065205,219.37618327796864,0.09116759942285196,0.00015492284041748673,6.222311069563665e-06,0.00014370386375475857,0.00014370386375475857,0.004344685714285714,noc_serialization_floor
oasis_cache_placement_row_reuse,Oasis-500M-public-code,causal_kv_cache-W32,ROM-wafer-N4-class-HBM3e-central,32,causal_kv_cache,,,,0.5,1.0,64,1490483714048,13679570656,3227516928.0,0.004558379971142598,0.005142666787930303,1.1281786118065205,219.37618327796864,0.09116759942285196,0.00015492284041748673,1.4471360707827476e-05,0.00014370386375475857,0.00014370386375475857,0.004344685714285714,noc_serialization_floor
oasis_cache_placement_row_reuse,Oasis-500M-public-code,causal_kv_cache-W32,ROM-wafer-N4-class-HBM3e-central,32,causal_kv_cache,,,,0.5,1.0,8,1490483714048,13679570656,3227516928.0,0.004558379971142598,0.005142666787930303,1.1281786118065205,219.37618327796864,0.09116759942285196,0.00015492284041748673,7.633923299480605e-05,0.00014370386375475857,0.00014370386375475857,0.004344685714285714,noc_serialization_floor
oasis_cache_placement_row_reuse,Oasis-500M-public-code,causal_kv_cache-W32,ROM-wafer-N4-class-HBM3e-central,32,causal_kv_cache,,,,0.5,1.0,1,1490483714048,13679570656,3227516928.0,0.005058301411947282,0.005142666787930303,1.0166785980336714,197.6948225422242,0.10116602823894563,0.00015492284041748673,0.0005960293602054261,0.00014370386375475857,0.0005960293602054261,0.004344685714285714,noc_serialization_floor
oasis_noc_cut,Oasis-500M-public-code,reference_recompute-W32,ROM-wafer-N4-class-HBM3e-central,32,reference_recompute,,,,0.0,0.0,whole_call,37928025325568,12463683168,0.0,0.004524127789773721,0.004524127789773721,1.0,221.03708084028634,0.09048255579547443,0.004501262866840818,5.656646426876059e-06,0.0,5.656646426876059e-06,0.0,compute
oasis_noc_cut,Oasis-500M-public-code,reference_recompute-W32,ROM-wafer-N4-class-HBM3e-central,32,reference_recompute,,,,0.25,0.0,whole_call,37928025325568,12463683168,0.0,0.008372107010552942,0.008372107010552942,1.0,119.44424488835507,0.16744214021105883,0.004501262866840818,5.656646426876059e-06,0.0,5.656646426876059e-06,0.003830025974025974,compute
oasis_noc_cut,Oasis-500M-public-code,reference_recompute-W32,ROM-wafer-N4-class-HBM3e-central,32,reference_recompute,,,,0.5,0.0,whole_call,37928025325568,12463683168,0.0,0.012220086231332163,0.012220086231332163,1.0,81.83248309950639,0.24440172462664325,0.004501262866840818,5.656646426876059e-06,0.0,5.656646426876059e-06,0.007660051948051948,noc_serialization_floor
oasis_noc_cut,Oasis-500M-public-code,reference_recompute-W32,ROM-wafer-N4-class-HBM3e-central,32,reference_recompute,,,,1.0,0.0,whole_call,37928025325568,12463683168,0.0,0.019916044672890605,0.019916044672890605,1.0,50.210773093976016,0.3983208934578121,0.004501262866840818,5.656646426876059e-06,0.0,5.656646426876059e-06,0.015320103896103896,noc_serialization_floor
oasis_noc_cut,Oasis-500M-public-code,causal_kv_cache-W32,ROM-wafer-N4-class-HBM3e-central,32,causal_kv_cache,,,,0.0,0.0,whole_call,1490483714048,13679570656,3227516928.0,0.00017778776335039065,0.0007620745801380955,4.286428749520691,5624.684067987082,0.003555755267007813,0.00015492284041748673,6.222311069563665e-06,0.00014370386375475857,0.00014370386375475857,0.0,compute
oasis_noc_cut,Oasis-500M-public-code,causal_kv_cache-W32,ROM-wafer-N4-class-HBM3e-central,32,causal_kv_cache,,,,0.25,0.0,whole_call,1490483714048,13679570656,3227516928.0,0.0003273981529607803,0.0009116849697484851,2.784636875632276,3054.3849773025204,0.006547963059215605,0.00015492284041748673,6.222311069563665e-06,0.00014370386375475857,0.00014370386375475857,0.00013165714285714287,compute
oasis_noc_cut,Oasis-500M-public-code,causal_kv_cache-W32,ROM-wafer-N4-class-HBM3e-central,32,causal_kv_cache,,,,0.5,0.0,whole_call,1490483714048,13679570656,3227516928.0,0.00047700854257116986,0.0010612953593588748,2.2248980146944204,2096.398514395158,0.009540170851423396,0.00015492284041748673,6.222311069563665e-06,0.00014370386375475857,0.00014370386375475857,0.00026331428571428573,noc_serialization_floor
oasis_noc_cut,Oasis-500M-public-code,causal_kv_cache-W32,ROM-wafer-N4-class-HBM3e-central,32,causal_kv_cache,,,,1.0,0.0,whole_call,1490483714048,13679570656,3227516928.0,0.0007762293217919491,0.001360516138579654,1.7527244853864332,1288.2790844482265,0.015524586435838981,0.00015492284041748673,6.222311069563665e-06,0.00014370386375475857,0.00014370386375475857,0.0005266285714285715,noc_serialization_floor
h3_row_reuse,MiniMax-H3,5.17s-base_dense,ROM-wafer-N4-class-HBM3e-central,,,5.166666666666667,49,1.0,0.5,0.0,whole_call,1.747961292578816e+17,1972716232256,0.0,23.829597036540363,23.829597036540363,1.0,5.203612961220372,4.612180071588457,20.850018400176726,0.000917762402900169,0.0,0.000917762402900169,2.9795786363636365,compute
h3_row_reuse,MiniMax-H3,5.17s-base_dense,ROM-wafer-N4-class-HBM3e-central,,,5.166666666666667,49,1.0,0.5,0.0,64,1.747961292578816e+17,1972716232256,0.0,23.829597036540363,23.829597036540363,1.0,5.203612961220372,4.612180071588457,20.850018400176726,0.548821916934301,0.0,0.548821916934301,2.9795786363636365,compute
h3_row_reuse,MiniMax-H3,5.17s-base_dense,ROM-wafer-N4-class-HBM3e-central,,,5.166666666666667,49,1.0,0.5,0.0,8,1.747961292578816e+17,1972716232256,0.0,23.829597036540363,23.829597036540363,1.0,5.203612961220372,4.612180071588457,20.850018400176726,4.385068761057007,0.0,4.385068761057007,2.9795786363636365,compute
h3_row_reuse,MiniMax-H3,5.17s-base_dense,ROM-wafer-N4-class-HBM3e-central,,,5.166666666666667,49,1.0,0.5,0.0,1,1.747961292578816e+17,1972716232256,0.0,38.05829320001389,23.829597036540363,0.6261341492984154,3.2581597747519253,7.366121264518817,20.850018400176726,35.07871456365026,0.0,35.07871456365026,2.9795786363636365,storage
h3_row_reuse,MiniMax-H3,5.17s-accelerated_best_case,ROM-wafer-N4-class-HBM3e-central,,,5.166666666666667,4,0.1,0.5,0.0,whole_call,6729315466280960.0,161038059776,0.0,0.8270087790203762,0.8270087790203762,1.0,149.93794884122366,0.16006621529426635,0.8026856881112853,7.491937982858522e-05,0.0,7.491937982858522e-05,0.024323090909090905,compute
h3_row_reuse,MiniMax-H3,5.17s-accelerated_best_case,ROM-wafer-N4-class-HBM3e-central,,,5.166666666666667,4,0.1,0.5,0.0,64,6729315466280960.0,161038059776,0.0,0.8270087790203762,0.8270087790203762,1.0,149.93794884122366,0.16006621529426635,0.8026856881112853,0.04480178913749396,0.0,0.04480178913749396,0.024323090909090905,compute
h3_row_reuse,MiniMax-H3,5.17s-accelerated_best_case,ROM-wafer-N4-class-HBM3e-central,,,5.166666666666667,4,0.1,0.5,0.0,8,6729315466280960.0,161038059776,0.0,0.8270087790203762,0.8270087790203762,1.0,149.93794884122366,0.16006621529426635,0.8026856881112853,0.3579647968209802,0.0,0.3579647968209802,0.024323090909090905,compute
h3_row_reuse,MiniMax-H3,5.17s-accelerated_best_case,ROM-wafer-N4-class-HBM3e-central,,,5.166666666666667,4,0.1,0.5,0.0,1,6729315466280960.0,161038059776,0.0,2.887891626717275,0.8270087790203762,0.28637112673111415,42.937899349413364,0.5589467664614081,0.8026856881112853,2.8635685358081844,0.0,2.8635685358081844,0.024323090909090905,storage
h3_row_reuse,MiniMax-H3,10.12s-base_dense,ROM-wafer-N4-class-HBM3e-central,,,10.125,49,1.0,0.5,0.0,whole_call,5.231454979874816e+17,1972716232256,0.0,68.16248591697759,68.16248591697759,1.0,3.565010822756315,6.732097374516305,62.401800916977585,0.000917762402900169,0.0,0.000917762402900169,5.760685,compute
h3_row_reuse,MiniMax-H3,10.12s-base_dense,ROM-wafer-N4-class-HBM3e-central,,,10.125,49,1.0,0.5,0.0,64,5.231454979874816e+17,1972716232256,0.0,68.16248591697759,68.16248591697759,1.0,3.565010822756315,6.732097374516305,62.401800916977585,1.0600155753496951,0.0,1.0600155753496951,5.760685,compute
h3_row_reuse,MiniMax-H3,10.12s-base_dense,ROM-wafer-N4-class-HBM3e-central,,,10.125,49,1.0,0.5,0.0,8,5.231454979874816e+17,1972716232256,0.0,68.16248591697759,68.16248591697759,1.0,3.565010822756315,6.732097374516305,62.401800916977585,8.47828907799176,0.0,8.47828907799176,5.760685,compute
h3_row_reuse,MiniMax-H3,10.12s-base_dense,ROM-wafer-N4-class-HBM3e-central,,,10.125,49,1.0,0.5,0.0,1,5.231454979874816e+17,1972716232256,0.0,73.58149104951669,68.16248591697759,0.9263536922771465,3.3024609386683004,7.2673077579769565,62.401800916977585,67.82080604951669,0.0,67.82080604951669,5.760685,storage
h3_row_reuse,MiniMax-H3,10.12s-accelerated_best_case,ROM-wafer-N4-class-HBM3e-central,,,10.125,4,0.1,0.5,0.0,whole_call,1.452219413528576e+16,161038059776,0.0,1.7792612400889556,1.7792612400889556,1.0,136.57353654702837,0.17572950519397093,1.7322352400889556,7.491937982858522e-05,0.0,7.491937982858522e-05,0.047026,compute
h3_row_reuse,MiniMax-H3,10.12s-accelerated_best_case,ROM-wafer-N4-class-HBM3e-central,,,10.125,4,0.1,0.5,0.0,64,1.452219413528576e+16,161038059776,0.0,1.7792612400889556,1.7792612400889556,1.0,136.57353654702837,0.17572950519397093,1.7322352400889556,0.08653188370201594,0.0,0.08653188370201594,0.047026,compute
h3_row_reuse,MiniMax-H3,10.12s-accelerated_best_case,ROM-wafer-N4-class-HBM3e-central,,,10.125,4,0.1,0.5,0.0,8,1.452219413528576e+16,161038059776,0.0,1.7792612400889556,1.7792612400889556,1.0,136.57353654702837,0.17572950519397093,1.7322352400889556,0.6921052308564702,0.0,0.6921052308564702,0.047026,compute
h3_row_reuse,MiniMax-H3,10.12s-accelerated_best_case,ROM-wafer-N4-class-HBM3e-central,,,10.125,4,0.1,0.5,0.0,1,1.452219413528576e+16,161038059776,0.0,5.5834183305727905,1.7792612400889556,0.3186688037230456,43.521725511667185,0.5514487240071891,1.7322352400889556,5.536392330572791,0.0,5.536392330572791,0.047026,storage
h3_row_reuse,MiniMax-H3,14.38s-base_dense,ROM-wafer-N4-class-HBM3e-central,,,14.375,49,1.0,0.5,0.0,whole_call,9.640630774849536e+17,1972716232256,0.0,123.13983260660268,123.13983260660268,1.0,2.8016929428690918,8.566249224807143,114.99529760660268,0.000917762402900169,0.0,0.000917762402900169,8.144535,compute
h3_row_reuse,MiniMax-H3,14.38s-base_dense,ROM-wafer-N4-class-HBM3e-central,,,14.375,49,1.0,0.5,0.0,64,9.640630774849536e+17,1972716232256,0.0,123.13983260660268,123.13983260660268,1.0,2.8016929428690918,8.566249224807143,114.99529760660268,1.4987060039359759,0.0,1.4987060039359759,8.144535,compute
h3_row_reuse,MiniMax-H3,14.38s-base_dense,ROM-wafer-N4-class-HBM3e-central,,,14.375,49,1.0,0.5,0.0,8,9.640630774849536e+17,1972716232256,0.0,123.13983260660268,123.13983260660268,1.0,2.8016929428690918,8.566249224807143,114.99529760660268,11.985976981876206,0.0,11.985976981876206,8.144535,compute
h3_row_reuse,MiniMax-H3,14.38s-base_dense,ROM-wafer-N4-class-HBM3e-central,,,14.375,49,1.0,0.5,0.0,1,9.640630774849536e+17,1972716232256,0.0,123.13983260660268,123.13983260660268,1.0,2.8016929428690918,8.566249224807143,114.99529760660268,95.88598033020385,0.0,95.88598033020385,8.144535,compute
h3_row_reuse,MiniMax-H3,14.38s-accelerated_best_case,ROM-wafer-N4-class-HBM3e-central,,,14.375,4,0.1,0.5,0.0,whole_call,2.236378088964096e+16,161038059776,0.0,2.734080786144326,2.734080786144326,1.0,126.18500585219657,0.19019692425351833,2.6675947861443263,7.491937982858522e-05,0.0,7.491937982858522e-05,0.066486,compute
h3_row_reuse,MiniMax-H3,14.38s-accelerated_best_case,ROM-wafer-N4-class-HBM3e-central,,,14.375,4,0.1,0.5,0.0,64,2.236378088964096e+16,161038059776,0.0,2.734080786144326,2.734080786144326,1.0,126.18500585219657,0.19019692425351833,2.6675947861443263,0.12234334726007967,0.0,0.12234334726007967,0.066486,compute
h3_row_reuse,MiniMax-H3,14.38s-accelerated_best_case,ROM-wafer-N4-class-HBM3e-central,,,14.375,4,0.1,0.5,0.0,8,2.236378088964096e+16,161038059776,0.0,2.734080786144326,2.734080786144326,1.0,126.18500585219657,0.19019692425351833,2.6675947861443263,0.978447100561323,0.0,0.978447100561323,0.066486,compute
h3_row_reuse,MiniMax-H3,14.38s-accelerated_best_case,ROM-wafer-N4-class-HBM3e-central,,,14.375,4,0.1,0.5,0.0,1,2.236378088964096e+16,161038059776,0.0,7.8939129657309275,2.734080786144326,0.34635304417638296,43.70456090632298,0.549141771529108,2.6675947861443263,7.827426965730927,0.0,7.827426965730927,0.066486,storage
