clk	M6	17245	17344	17315	17376
por_n	M6	17245	17472	17315	17504
launch_v[0]	M6	17245	17600	17315	17632
launch_v[1]	M6	17245	17728	17315	17760
launch_pc[0]	M6	17245	17856	17315	17888
launch_pc[1]	M6	17245	17984	17315	18016
launch_pc[2]	M6	17245	18112	17315	18144
launch_pc[3]	M6	17245	18240	17315	18272
launch_pc[4]	M6	17245	18368	17315	18400
launch_pc[5]	M6	17245	18496	17315	18528
launch_pc[6]	M6	17245	18624	17315	18656
launch_pc[7]	M6	17245	18752	17315	18784
launch_pc[8]	M6	17245	18880	17315	18912
launch_pc[9]	M6	17245	19008	17315	19040
launch_pc[10]	M6	17245	19136	17315	19168
launch_pc[11]	M6	17245	19264	17315	19296
launch_pc[12]	M6	17245	19392	17315	19424
launch_pc[13]	M6	17245	19520	17315	19552
launch_pc[14]	M6	17245	19648	17315	19680
launch_pc[15]	M6	17245	19776	17315	19808
launch_pc[16]	M6	17245	19904	17315	19936
launch_pc[17]	M6	17245	20032	17315	20064
launch_pc[18]	M6	17245	20160	17315	20192
launch_pc[19]	M6	17245	20288	17315	20320
launch_pc[20]	M6	17245	20416	17315	20448
launch_pc[21]	M6	17245	20544	17315	20576
launch_pc[22]	M6	17245	20672	17315	20704
launch_pc[23]	M6	17245	20800	17315	20832
launch_pc[24]	M6	17245	20928	17315	20960
launch_pc[25]	M6	17245	21056	17315	21088
launch_pc[26]	M6	17245	21184	17315	21216
launch_pc[27]	M6	17245	21312	17315	21344
launch_pc[28]	M6	17245	21440	17315	21472
launch_pc[29]	M6	17245	21568	17315	21600
launch_pc[30]	M6	17245	21696	17315	21728
launch_pc[31]	M6	17245	21824	17315	21856
cp_job[0]	M6	17245	21952	17315	21984
cp_job[1]	M6	17245	22080	17315	22112
cp_job[2]	M6	17245	22208	17315	22240
cp_job[3]	M6	17245	22336	17315	22368
cp_job[4]	M6	17245	22464	17315	22496
cp_job[5]	M6	17245	22592	17315	22624
cp_job[6]	M6	17245	22720	17315	22752
cp_job[7]	M6	17245	22848	17315	22880
cp_job[8]	M6	17245	22976	17315	23008
cp_job[9]	M6	17245	23104	17315	23136
cp_job[10]	M6	17245	23232	17315	23264
cp_job[11]	M6	17245	23360	17315	23392
cp_job[12]	M6	17245	23488	17315	23520
cp_job[13]	M6	17245	23616	17315	23648
cp_job[14]	M6	17245	23744	17315	23776
cp_job[15]	M6	17245	23872	17315	23904
cp_job[16]	M6	17245	24000	17315	24032
cp_job[17]	M6	17245	24128	17315	24160
cp_job[18]	M6	17245	24256	17315	24288
cp_job[19]	M6	17245	24384	17315	24416
cp_job[20]	M6	17245	24512	17315	24544
cp_job[21]	M6	17245	24640	17315	24672
cp_job[22]	M6	17245	24768	17315	24800
cp_job[23]	M6	17245	24896	17315	24928
cp_job[24]	M6	17245	25024	17315	25056
cp_job[25]	M6	17245	25152	17315	25184
cp_job[26]	M6	17245	25280	17315	25312
cp_job[27]	M6	17245	25408	17315	25440
cp_job[28]	M6	17245	25536	17315	25568
cp_job[29]	M6	17245	25664	17315	25696
cp_job[30]	M6	17245	25792	17315	25824
cp_job[31]	M6	17245	25920	17315	25952
cp_gen[0]	M6	17245	26048	17315	26080
cp_gen[1]	M6	17245	26176	17315	26208
cp_gen[2]	M6	17245	26304	17315	26336
cp_gen[3]	M6	17245	26432	17315	26464
launch_token[0]	M6	17245	26560	17315	26592
launch_token[1]	M6	17245	26688	17315	26720
launch_token[2]	M6	17245	26816	17315	26848
launch_token[3]	M6	17245	26944	17315	26976
launch_token[4]	M6	17245	27072	17315	27104
launch_token[5]	M6	17245	27200	17315	27232
launch_token[6]	M6	17245	27328	17315	27360
launch_token[7]	M6	17245	27456	17315	27488
launch_token[8]	M6	17245	27584	17315	27616
launch_token[9]	M6	17245	27712	17315	27744
launch_token[10]	M6	17245	27840	17315	27872
launch_token[11]	M6	17245	27968	17315	28000
launch_token[12]	M6	17245	28096	17315	28128
launch_token[13]	M6	17245	28224	17315	28256
launch_token[14]	M6	17245	28352	17315	28384
launch_token[15]	M6	17245	28480	17315	28512
launch_token[16]	M6	17245	28608	17315	28640
launch_pos[0]	M6	17245	28736	17315	28768
launch_pos[1]	M6	17245	28864	17315	28896
launch_pos[2]	M6	17245	28992	17315	29024
launch_pos[3]	M6	17245	29120	17315	29152
launch_pos[4]	M6	17245	29248	17315	29280
launch_pos[5]	M6	17245	29376	17315	29408
launch_pos[6]	M6	17245	29504	17315	29536
launch_pos[7]	M6	17245	29632	17315	29664
launch_pos[8]	M6	17245	29760	17315	29792
launch_pos[9]	M6	17245	29888	17315	29920
launch_pos[10]	M6	17245	30016	17315	30048
launch_pos[11]	M6	17245	30144	17315	30176
launch_pos[12]	M6	17245	30272	17315	30304
launch_pos[13]	M6	17245	30400	17315	30432
launch_pos[14]	M6	17245	30528	17315	30560
launch_pos[15]	M6	17245	30656	17315	30688
launch_pos[16]	M6	17245	30784	17315	30816
launch_pos[17]	M6	17245	30912	17315	30944
launch_pos[18]	M6	17245	31040	17315	31072
launch_pos[19]	M6	17245	31168	17315	31200
native_launch[0]	M6	17245	31296	17315	31328
native_launch[1]	M6	17245	31424	17315	31456
lease_v	M6	17245	31552	17315	31584
lease_granted	M6	17245	31680	17315	31712
release_v	M6	17245	31808	17315	31840
release_r	M6	17245	31936	17315	31968
exec_done	M6	17245	32064	17315	32096
exec_fault	M6	17245	32192	17315	32224
retired_original_ops[0]	M6	17245	32320	17315	32352
retired_original_ops[1]	M6	17245	32448	17315	32480
retired_original_ops[2]	M6	17245	32576	17315	32608
retired_original_ops[3]	M6	17245	32704	17315	32736
shared_fault	M6	17245	32832	17315	32864
owned	M6	17245	32960	17315	32992
pending	M6	17245	33088	17315	33120
quiet	M6	17245	33216	17315	33248
selected	M6	17245	33344	17315	33376
done	M6	17245	33472	17315	33504
fault	M6	17245	33600	17315	33632
selected_pc[0]	M6	17245	33728	17315	33760
selected_pc[1]	M6	17245	33856	17315	33888
selected_pc[2]	M6	17245	33984	17315	34016
selected_pc[3]	M6	17245	34112	17315	34144
selected_pc[4]	M6	17245	34240	17315	34272
selected_pc[5]	M6	17245	34368	17315	34400
selected_pc[6]	M6	17245	34496	17315	34528
selected_pc[7]	M6	17245	34624	17315	34656
selected_pc[8]	M6	17245	34752	17315	34784
selected_pc[9]	M6	17245	34880	17315	34912
selected_pc[10]	M6	17245	35008	17315	35040
selected_pc[11]	M6	17245	35136	17315	35168
selected_pc[12]	M6	17245	35264	17315	35296
selected_pc[13]	M6	17245	35392	17315	35424
selected_pc[14]	M6	17245	35520	17315	35552
selected_pc[15]	M6	17245	35648	17315	35680
selected_pc[16]	M6	17245	35776	17315	35808
selected_pc[17]	M6	17245	35904	17315	35936
selected_pc[18]	M6	17245	36032	17315	36064
selected_pc[19]	M6	17245	36160	17315	36192
selected_pc[20]	M6	17245	36288	17315	36320
selected_pc[21]	M6	17245	36416	17315	36448
selected_pc[22]	M6	17245	36544	17315	36576
selected_pc[23]	M6	17245	36672	17315	36704
selected_pc[24]	M6	17245	36800	17315	36832
selected_pc[25]	M6	17245	36928	17315	36960
selected_pc[26]	M6	17245	37056	17315	37088
selected_pc[27]	M6	17245	37184	17315	37216
selected_pc[28]	M6	17245	37312	17315	37344
selected_pc[29]	M6	17245	37440	17315	37472
selected_pc[30]	M6	17245	37568	17315	37600
selected_pc[31]	M6	17245	37696	17315	37728
held_job[0]	M6	17245	37824	17315	37856
held_job[1]	M6	17245	37952	17315	37984
held_job[2]	M6	17245	38080	17315	38112
held_job[3]	M6	17245	38208	17315	38240
held_job[4]	M6	17245	38336	17315	38368
held_job[5]	M6	17245	38464	17315	38496
held_job[6]	M6	17245	38592	17315	38624
held_job[7]	M6	17245	38720	17315	38752
held_job[8]	M6	17245	38848	17315	38880
held_job[9]	M6	17245	38976	17315	39008
held_job[10]	M6	17245	39104	17315	39136
held_job[11]	M6	17245	39232	17315	39264
held_job[12]	M6	17245	39360	17315	39392
held_job[13]	M6	17245	39488	17315	39520
held_job[14]	M6	17245	39616	17315	39648
held_job[15]	M6	17245	39744	17315	39776
held_job[16]	M6	17245	39872	17315	39904
held_job[17]	M6	17245	40000	17315	40032
held_job[18]	M6	17245	40128	17315	40160
held_job[19]	M6	17245	40256	17315	40288
held_job[20]	M6	17245	40384	17315	40416
held_job[21]	M6	17245	40512	17315	40544
held_job[22]	M6	17245	40640	17315	40672
held_job[23]	M6	17245	40768	17315	40800
held_job[24]	M6	17245	40896	17315	40928
held_job[25]	M6	17245	41024	17315	41056
held_job[26]	M6	17245	41152	17315	41184
held_job[27]	M6	17245	41280	17315	41312
held_job[28]	M6	17245	41408	17315	41440
held_job[29]	M6	17245	41536	17315	41568
held_job[30]	M6	17245	41664	17315	41696
held_job[31]	M6	17245	41792	17315	41824
held_gen[0]	M6	17245	41920	17315	41952
held_gen[1]	M6	17245	42048	17315	42080
held_gen[2]	M6	17245	42176	17315	42208
held_gen[3]	M6	17245	42304	17315	42336
held_token[0]	M6	17245	42432	17315	42464
held_token[1]	M6	17245	42560	17315	42592
held_token[2]	M6	17245	42688	17315	42720
held_token[3]	M6	17245	42816	17315	42848
held_token[4]	M6	17245	42944	17315	42976
held_token[5]	M6	17245	43072	17315	43104
held_token[6]	M6	17245	43200	17315	43232
held_token[7]	M6	17245	43328	17315	43360
held_token[8]	M6	17245	43456	17315	43488
held_token[9]	M6	17245	43584	17315	43616
held_token[10]	M6	17245	43712	17315	43744
held_token[11]	M6	17245	43840	17315	43872
held_token[12]	M6	17245	43968	17315	44000
held_token[13]	M6	17245	44096	17315	44128
held_token[14]	M6	17245	44224	17315	44256
held_token[15]	M6	17245	44352	17315	44384
held_token[16]	M6	17245	44480	17315	44512
held_pos[0]	M6	17245	44608	17315	44640
held_pos[1]	M6	17245	44736	17315	44768
held_pos[2]	M6	17245	44864	17315	44896
held_pos[3]	M6	17245	44992	17315	45024
held_pos[4]	M6	17245	45120	17315	45152
held_pos[5]	M6	17245	45248	17315	45280
held_pos[6]	M6	17245	45376	17315	45408
held_pos[7]	M6	17245	45504	17315	45536
held_pos[8]	M6	17245	45632	17315	45664
held_pos[9]	M6	17245	45760	17315	45792
held_pos[10]	M6	17245	45888	17315	45920
held_pos[11]	M6	17245	46016	17315	46048
held_pos[12]	M6	17245	46144	17315	46176
held_pos[13]	M6	17245	46272	17315	46304
held_pos[14]	M6	17245	46400	17315	46432
held_pos[15]	M6	17245	46528	17315	46560
held_pos[16]	M6	17245	46656	17315	46688
held_pos[17]	M6	17245	46784	17315	46816
held_pos[18]	M6	17245	46912	17315	46944
held_pos[19]	M6	17245	47040	17315	47072
exec_owned	M6	17245	47168	17315	47200
new_request_permit	M6	17245	47296	17315	47328
association_fault	M6	17245	47424	17315	47456
