port	direction	net	receiver_pin_cap_fF	loads
r_d[0]	OUTPUT	r_d[0]	0	
r_d[100]	OUTPUT	r_d[100]	0	
r_d[101]	OUTPUT	r_d[101]	0	
r_d[102]	OUTPUT	r_d[102]	0	
r_d[103]	OUTPUT	r_d[103]	0	
r_d[104]	OUTPUT	r_d[104]	0	
r_d[105]	OUTPUT	r_d[105]	0	
r_d[106]	OUTPUT	r_d[106]	0	
r_d[107]	OUTPUT	r_d[107]	0	
r_d[108]	OUTPUT	r_d[108]	0	
r_d[109]	OUTPUT	r_d[109]	0	
r_d[10]	OUTPUT	r_d[10]	0	
r_d[110]	OUTPUT	r_d[110]	0	
r_d[111]	OUTPUT	r_d[111]	0	
r_d[112]	OUTPUT	r_d[112]	0	
r_d[113]	OUTPUT	r_d[113]	0	
r_d[114]	OUTPUT	r_d[114]	0	
r_d[115]	OUTPUT	r_d[115]	0	
r_d[116]	OUTPUT	r_d[116]	0	
r_d[117]	OUTPUT	r_d[117]	0	
r_d[118]	OUTPUT	r_d[118]	0	
r_d[119]	OUTPUT	r_d[119]	0	
r_d[11]	OUTPUT	r_d[11]	0	
r_d[120]	OUTPUT	r_d[120]	0	
r_d[121]	OUTPUT	r_d[121]	0	
r_d[122]	OUTPUT	r_d[122]	0	
r_d[123]	OUTPUT	r_d[123]	0	
r_d[124]	OUTPUT	r_d[124]	0	
r_d[125]	OUTPUT	r_d[125]	0	
r_d[126]	OUTPUT	r_d[126]	0	
r_d[127]	OUTPUT	r_d[127]	0	
r_d[128]	OUTPUT	r_d[128]	0	
r_d[129]	OUTPUT	r_d[129]	0	
r_d[12]	OUTPUT	r_d[12]	0	
r_d[130]	OUTPUT	r_d[130]	0	
r_d[131]	OUTPUT	r_d[131]	0	
r_d[132]	OUTPUT	r_d[132]	0	
r_d[133]	OUTPUT	r_d[133]	0	
r_d[134]	OUTPUT	r_d[134]	0	
r_d[135]	OUTPUT	r_d[135]	0	
r_d[136]	OUTPUT	r_d[136]	0	
r_d[137]	OUTPUT	r_d[137]	0	
r_d[138]	OUTPUT	r_d[138]	0	
r_d[139]	OUTPUT	r_d[139]	0	
r_d[13]	OUTPUT	r_d[13]	0	
r_d[140]	OUTPUT	r_d[140]	0	
r_d[141]	OUTPUT	r_d[141]	0	
r_d[142]	OUTPUT	r_d[142]	0	
r_d[143]	OUTPUT	r_d[143]	0	
r_d[144]	OUTPUT	r_d[144]	0	
r_d[145]	OUTPUT	r_d[145]	0	
r_d[146]	OUTPUT	r_d[146]	0	
r_d[147]	OUTPUT	r_d[147]	0	
r_d[148]	OUTPUT	r_d[148]	0	
r_d[149]	OUTPUT	r_d[149]	0	
r_d[14]	OUTPUT	r_d[14]	0	
r_d[150]	OUTPUT	r_d[150]	0	
r_d[151]	OUTPUT	r_d[151]	0	
r_d[152]	OUTPUT	r_d[152]	0	
r_d[153]	OUTPUT	r_d[153]	0	
r_d[154]	OUTPUT	r_d[154]	0	
r_d[155]	OUTPUT	r_d[155]	0	
r_d[156]	OUTPUT	r_d[156]	0	
r_d[157]	OUTPUT	r_d[157]	0	
r_d[158]	OUTPUT	r_d[158]	0	
r_d[159]	OUTPUT	r_d[159]	0	
r_d[15]	OUTPUT	r_d[15]	0	
r_d[160]	OUTPUT	r_d[160]	0	
r_d[161]	OUTPUT	r_d[161]	0	
r_d[162]	OUTPUT	r_d[162]	0	
r_d[163]	OUTPUT	r_d[163]	0	
r_d[164]	OUTPUT	r_d[164]	0	
r_d[165]	OUTPUT	r_d[165]	0	
r_d[166]	OUTPUT	r_d[166]	0	
r_d[167]	OUTPUT	r_d[167]	0	
r_d[168]	OUTPUT	r_d[168]	0	
r_d[169]	OUTPUT	r_d[169]	0	
r_d[16]	OUTPUT	r_d[16]	0	
r_d[170]	OUTPUT	r_d[170]	0	
r_d[171]	OUTPUT	r_d[171]	0	
r_d[172]	OUTPUT	r_d[172]	0	
r_d[173]	OUTPUT	r_d[173]	0	
r_d[174]	OUTPUT	r_d[174]	0	
r_d[175]	OUTPUT	r_d[175]	0	
r_d[176]	OUTPUT	r_d[176]	0	
r_d[177]	OUTPUT	r_d[177]	0	
r_d[178]	OUTPUT	r_d[178]	0	
r_d[179]	OUTPUT	r_d[179]	0	
r_d[17]	OUTPUT	r_d[17]	0	
r_d[180]	OUTPUT	r_d[180]	0	
r_d[181]	OUTPUT	r_d[181]	0	
r_d[182]	OUTPUT	r_d[182]	0	
r_d[183]	OUTPUT	r_d[183]	0	
r_d[184]	OUTPUT	r_d[184]	0	
r_d[185]	OUTPUT	r_d[185]	0	
r_d[186]	OUTPUT	r_d[186]	0	
r_d[187]	OUTPUT	r_d[187]	0	
r_d[188]	OUTPUT	r_d[188]	0	
r_d[189]	OUTPUT	r_d[189]	0	
r_d[18]	OUTPUT	r_d[18]	0	
r_d[190]	OUTPUT	r_d[190]	0	
r_d[191]	OUTPUT	r_d[191]	0	
r_d[192]	OUTPUT	r_d[192]	0	
r_d[193]	OUTPUT	r_d[193]	0	
r_d[194]	OUTPUT	r_d[194]	0	
r_d[195]	OUTPUT	r_d[195]	0	
r_d[196]	OUTPUT	r_d[196]	0	
r_d[197]	OUTPUT	r_d[197]	0	
r_d[198]	OUTPUT	r_d[198]	0	
r_d[199]	OUTPUT	r_d[199]	0	
r_d[19]	OUTPUT	r_d[19]	0	
r_d[1]	OUTPUT	r_d[1]	0	
r_d[200]	OUTPUT	r_d[200]	0	
r_d[201]	OUTPUT	r_d[201]	0	
r_d[202]	OUTPUT	r_d[202]	0	
r_d[203]	OUTPUT	r_d[203]	0	
r_d[204]	OUTPUT	r_d[204]	0	
r_d[205]	OUTPUT	r_d[205]	0	
r_d[206]	OUTPUT	r_d[206]	0	
r_d[207]	OUTPUT	r_d[207]	0	
r_d[208]	OUTPUT	r_d[208]	0	
r_d[209]	OUTPUT	r_d[209]	0	
r_d[20]	OUTPUT	r_d[20]	0	
r_d[210]	OUTPUT	r_d[210]	0	
r_d[211]	OUTPUT	r_d[211]	0	
r_d[212]	OUTPUT	r_d[212]	0	
r_d[213]	OUTPUT	r_d[213]	0	
r_d[214]	OUTPUT	r_d[214]	0	
r_d[215]	OUTPUT	r_d[215]	0	
r_d[216]	OUTPUT	r_d[216]	0	
r_d[217]	OUTPUT	r_d[217]	0	
r_d[218]	OUTPUT	r_d[218]	0	
r_d[219]	OUTPUT	r_d[219]	0	
r_d[21]	OUTPUT	r_d[21]	0	
r_d[220]	OUTPUT	r_d[220]	0	
r_d[221]	OUTPUT	r_d[221]	0	
r_d[222]	OUTPUT	r_d[222]	0	
r_d[223]	OUTPUT	r_d[223]	0	
r_d[224]	OUTPUT	r_d[224]	0	
r_d[225]	OUTPUT	r_d[225]	0	
r_d[226]	OUTPUT	r_d[226]	0	
r_d[227]	OUTPUT	r_d[227]	0	
r_d[228]	OUTPUT	r_d[228]	0	
r_d[229]	OUTPUT	r_d[229]	0	
r_d[22]	OUTPUT	r_d[22]	0	
r_d[230]	OUTPUT	r_d[230]	0	
r_d[231]	OUTPUT	r_d[231]	0	
r_d[232]	OUTPUT	r_d[232]	0	
r_d[233]	OUTPUT	r_d[233]	0	
r_d[234]	OUTPUT	r_d[234]	0	
r_d[235]	OUTPUT	r_d[235]	0	
r_d[236]	OUTPUT	r_d[236]	0	
r_d[237]	OUTPUT	r_d[237]	0	
r_d[238]	OUTPUT	r_d[238]	0	
r_d[239]	OUTPUT	r_d[239]	0	
r_d[23]	OUTPUT	r_d[23]	0	
r_d[240]	OUTPUT	r_d[240]	0	
r_d[241]	OUTPUT	r_d[241]	0	
r_d[242]	OUTPUT	r_d[242]	0	
r_d[243]	OUTPUT	r_d[243]	0	
r_d[244]	OUTPUT	r_d[244]	0	
r_d[245]	OUTPUT	r_d[245]	0	
r_d[246]	OUTPUT	r_d[246]	0	
r_d[247]	OUTPUT	r_d[247]	0	
r_d[248]	OUTPUT	r_d[248]	0	
r_d[249]	OUTPUT	r_d[249]	0	
r_d[24]	OUTPUT	r_d[24]	0	
r_d[250]	OUTPUT	r_d[250]	0	
r_d[251]	OUTPUT	r_d[251]	0	
r_d[252]	OUTPUT	r_d[252]	0	
r_d[253]	OUTPUT	r_d[253]	0	
r_d[254]	OUTPUT	r_d[254]	0	
r_d[255]	OUTPUT	r_d[255]	0	
r_d[256]	OUTPUT	r_d[256]	0	
r_d[257]	OUTPUT	r_d[257]	0	
r_d[258]	OUTPUT	r_d[258]	0	
r_d[259]	OUTPUT	r_d[259]	0	
r_d[25]	OUTPUT	r_d[25]	0	
r_d[260]	OUTPUT	r_d[260]	0	
r_d[261]	OUTPUT	r_d[261]	0	
r_d[262]	OUTPUT	r_d[262]	0	
r_d[263]	OUTPUT	r_d[263]	0	
r_d[264]	OUTPUT	r_d[264]	0	
r_d[265]	OUTPUT	r_d[265]	0	
r_d[266]	OUTPUT	r_d[266]	0	
r_d[267]	OUTPUT	r_d[267]	0	
r_d[268]	OUTPUT	r_d[268]	0	
r_d[269]	OUTPUT	r_d[269]	0	
r_d[26]	OUTPUT	r_d[26]	0	
r_d[270]	OUTPUT	r_d[270]	0	
r_d[271]	OUTPUT	r_d[271]	0	
r_d[272]	OUTPUT	r_d[272]	0	
r_d[273]	OUTPUT	r_d[273]	0	
r_d[274]	OUTPUT	r_d[274]	0	
r_d[275]	OUTPUT	r_d[275]	0	
r_d[276]	OUTPUT	r_d[276]	0	
r_d[277]	OUTPUT	r_d[277]	0	
r_d[278]	OUTPUT	r_d[278]	0	
r_d[279]	OUTPUT	r_d[279]	0	
r_d[27]	OUTPUT	r_d[27]	0	
r_d[280]	OUTPUT	r_d[280]	0	
r_d[281]	OUTPUT	r_d[281]	0	
r_d[282]	OUTPUT	r_d[282]	0	
r_d[283]	OUTPUT	r_d[283]	0	
r_d[284]	OUTPUT	r_d[284]	0	
r_d[285]	OUTPUT	r_d[285]	0	
r_d[286]	OUTPUT	r_d[286]	0	
r_d[287]	OUTPUT	r_d[287]	0	
r_d[288]	OUTPUT	r_d[288]	0	
r_d[289]	OUTPUT	r_d[289]	0	
r_d[28]	OUTPUT	r_d[28]	0	
r_d[290]	OUTPUT	r_d[290]	0	
r_d[291]	OUTPUT	r_d[291]	0	
r_d[292]	OUTPUT	r_d[292]	0	
r_d[293]	OUTPUT	r_d[293]	0	
r_d[294]	OUTPUT	r_d[294]	0	
r_d[295]	OUTPUT	r_d[295]	0	
r_d[296]	OUTPUT	r_d[296]	0	
r_d[297]	OUTPUT	r_d[297]	0	
r_d[298]	OUTPUT	r_d[298]	0	
r_d[299]	OUTPUT	r_d[299]	0	
r_d[29]	OUTPUT	r_d[29]	0	
r_d[2]	OUTPUT	r_d[2]	0	
r_d[300]	OUTPUT	r_d[300]	0	
r_d[301]	OUTPUT	r_d[301]	0	
r_d[302]	OUTPUT	r_d[302]	0	
r_d[303]	OUTPUT	r_d[303]	0	
r_d[304]	OUTPUT	r_d[304]	0	
r_d[305]	OUTPUT	r_d[305]	0	
r_d[306]	OUTPUT	r_d[306]	0	
r_d[307]	OUTPUT	r_d[307]	0	
r_d[308]	OUTPUT	r_d[308]	0	
r_d[309]	OUTPUT	r_d[309]	0	
r_d[30]	OUTPUT	r_d[30]	0	
r_d[310]	OUTPUT	r_d[310]	0	
r_d[311]	OUTPUT	r_d[311]	0	
r_d[312]	OUTPUT	r_d[312]	0	
r_d[313]	OUTPUT	r_d[313]	0	
r_d[314]	OUTPUT	r_d[314]	0	
r_d[315]	OUTPUT	r_d[315]	0	
r_d[316]	OUTPUT	r_d[316]	0	
r_d[317]	OUTPUT	r_d[317]	0	
r_d[318]	OUTPUT	r_d[318]	0	
r_d[319]	OUTPUT	r_d[319]	0	
r_d[31]	OUTPUT	r_d[31]	0	
r_d[320]	OUTPUT	r_d[320]	0	
r_d[321]	OUTPUT	r_d[321]	0	
r_d[322]	OUTPUT	r_d[322]	0	
r_d[323]	OUTPUT	r_d[323]	0	
r_d[324]	OUTPUT	r_d[324]	0	
r_d[325]	OUTPUT	r_d[325]	0	
r_d[326]	OUTPUT	r_d[326]	0	
r_d[327]	OUTPUT	r_d[327]	0	
r_d[328]	OUTPUT	r_d[328]	0	
r_d[329]	OUTPUT	r_d[329]	0	
r_d[32]	OUTPUT	r_d[32]	0	
r_d[330]	OUTPUT	r_d[330]	0	
r_d[331]	OUTPUT	r_d[331]	0	
r_d[332]	OUTPUT	r_d[332]	0	
r_d[333]	OUTPUT	r_d[333]	0	
r_d[334]	OUTPUT	r_d[334]	0	
r_d[335]	OUTPUT	r_d[335]	0	
r_d[336]	OUTPUT	r_d[336]	0	
r_d[337]	OUTPUT	r_d[337]	0	
r_d[338]	OUTPUT	r_d[338]	0	
r_d[339]	OUTPUT	r_d[339]	0	
r_d[33]	OUTPUT	r_d[33]	0	
r_d[340]	OUTPUT	r_d[340]	0	
r_d[341]	OUTPUT	r_d[341]	0	
r_d[342]	OUTPUT	r_d[342]	0	
r_d[343]	OUTPUT	r_d[343]	0	
r_d[344]	OUTPUT	r_d[344]	0	
r_d[345]	OUTPUT	r_d[345]	0	
r_d[346]	OUTPUT	r_d[346]	0	
r_d[347]	OUTPUT	r_d[347]	0	
r_d[348]	OUTPUT	r_d[348]	0	
r_d[349]	OUTPUT	r_d[349]	0	
r_d[34]	OUTPUT	r_d[34]	0	
r_d[350]	OUTPUT	r_d[350]	0	
r_d[351]	OUTPUT	r_d[351]	0	
r_d[352]	OUTPUT	r_d[352]	0	
r_d[353]	OUTPUT	r_d[353]	0	
r_d[354]	OUTPUT	r_d[354]	0	
r_d[355]	OUTPUT	r_d[355]	0	
r_d[356]	OUTPUT	r_d[356]	0	
r_d[357]	OUTPUT	r_d[357]	0	
r_d[358]	OUTPUT	r_d[358]	0	
r_d[359]	OUTPUT	r_d[359]	0	
r_d[35]	OUTPUT	r_d[35]	0	
r_d[360]	OUTPUT	r_d[360]	0	
r_d[361]	OUTPUT	r_d[361]	0	
r_d[362]	OUTPUT	r_d[362]	0	
r_d[363]	OUTPUT	r_d[363]	0	
r_d[364]	OUTPUT	r_d[364]	0	
r_d[365]	OUTPUT	r_d[365]	0	
r_d[366]	OUTPUT	r_d[366]	0	
r_d[367]	OUTPUT	r_d[367]	0	
r_d[368]	OUTPUT	r_d[368]	0	
r_d[369]	OUTPUT	r_d[369]	0	
r_d[36]	OUTPUT	r_d[36]	0	
r_d[370]	OUTPUT	r_d[370]	0	
r_d[371]	OUTPUT	r_d[371]	0	
r_d[372]	OUTPUT	r_d[372]	0	
r_d[373]	OUTPUT	r_d[373]	0	
r_d[374]	OUTPUT	r_d[374]	0	
r_d[375]	OUTPUT	r_d[375]	0	
r_d[376]	OUTPUT	r_d[376]	0	
r_d[377]	OUTPUT	r_d[377]	0	
r_d[378]	OUTPUT	r_d[378]	0	
r_d[379]	OUTPUT	r_d[379]	0	
r_d[37]	OUTPUT	r_d[37]	0	
r_d[380]	OUTPUT	r_d[380]	0	
r_d[381]	OUTPUT	r_d[381]	0	
r_d[382]	OUTPUT	r_d[382]	0	
r_d[383]	OUTPUT	r_d[383]	0	
r_d[384]	OUTPUT	r_d[384]	0	
r_d[385]	OUTPUT	r_d[385]	0	
r_d[386]	OUTPUT	r_d[386]	0	
r_d[387]	OUTPUT	r_d[387]	0	
r_d[388]	OUTPUT	r_d[388]	0	
r_d[389]	OUTPUT	r_d[389]	0	
r_d[38]	OUTPUT	r_d[38]	0	
r_d[390]	OUTPUT	r_d[390]	0	
r_d[391]	OUTPUT	r_d[391]	0	
r_d[392]	OUTPUT	r_d[392]	0	
r_d[393]	OUTPUT	r_d[393]	0	
r_d[394]	OUTPUT	r_d[394]	0	
r_d[395]	OUTPUT	r_d[395]	0	
r_d[396]	OUTPUT	r_d[396]	0	
r_d[397]	OUTPUT	r_d[397]	0	
r_d[398]	OUTPUT	r_d[398]	0	
r_d[399]	OUTPUT	r_d[399]	0	
r_d[39]	OUTPUT	r_d[39]	0	
r_d[3]	OUTPUT	r_d[3]	0	
r_d[400]	OUTPUT	r_d[400]	0	
r_d[401]	OUTPUT	r_d[401]	0	
r_d[402]	OUTPUT	r_d[402]	0	
r_d[403]	OUTPUT	r_d[403]	0	
r_d[404]	OUTPUT	r_d[404]	0	
r_d[405]	OUTPUT	r_d[405]	0	
r_d[406]	OUTPUT	r_d[406]	0	
r_d[407]	OUTPUT	r_d[407]	0	
r_d[408]	OUTPUT	r_d[408]	0	
r_d[409]	OUTPUT	r_d[409]	0	
r_d[40]	OUTPUT	r_d[40]	0	
r_d[410]	OUTPUT	r_d[410]	0	
r_d[411]	OUTPUT	r_d[411]	0	
r_d[412]	OUTPUT	r_d[412]	0	
r_d[413]	OUTPUT	r_d[413]	0	
r_d[414]	OUTPUT	r_d[414]	0	
r_d[415]	OUTPUT	r_d[415]	0	
r_d[416]	OUTPUT	r_d[416]	0	
r_d[417]	OUTPUT	r_d[417]	0	
r_d[418]	OUTPUT	r_d[418]	0	
r_d[419]	OUTPUT	r_d[419]	0	
r_d[41]	OUTPUT	r_d[41]	0	
r_d[420]	OUTPUT	r_d[420]	0	
r_d[421]	OUTPUT	r_d[421]	0	
r_d[422]	OUTPUT	r_d[422]	0	
r_d[423]	OUTPUT	r_d[423]	0	
r_d[424]	OUTPUT	r_d[424]	0	
r_d[425]	OUTPUT	r_d[425]	0	
r_d[426]	OUTPUT	r_d[426]	0	
r_d[427]	OUTPUT	r_d[427]	0	
r_d[428]	OUTPUT	r_d[428]	0	
r_d[429]	OUTPUT	r_d[429]	0	
r_d[42]	OUTPUT	r_d[42]	0	
r_d[430]	OUTPUT	r_d[430]	0	
r_d[431]	OUTPUT	r_d[431]	0	
r_d[432]	OUTPUT	r_d[432]	0	
r_d[433]	OUTPUT	r_d[433]	0	
r_d[434]	OUTPUT	r_d[434]	0	
r_d[435]	OUTPUT	r_d[435]	0	
r_d[436]	OUTPUT	r_d[436]	0	
r_d[437]	OUTPUT	r_d[437]	0	
r_d[438]	OUTPUT	r_d[438]	0	
r_d[439]	OUTPUT	r_d[439]	0	
r_d[43]	OUTPUT	r_d[43]	0	
r_d[440]	OUTPUT	r_d[440]	0	
r_d[441]	OUTPUT	r_d[441]	0	
r_d[442]	OUTPUT	r_d[442]	0	
r_d[443]	OUTPUT	r_d[443]	0	
r_d[444]	OUTPUT	r_d[444]	0	
r_d[445]	OUTPUT	r_d[445]	0	
r_d[446]	OUTPUT	r_d[446]	0	
r_d[447]	OUTPUT	r_d[447]	0	
r_d[448]	OUTPUT	r_d[448]	0	
r_d[449]	OUTPUT	r_d[449]	0	
r_d[44]	OUTPUT	r_d[44]	0	
r_d[450]	OUTPUT	r_d[450]	0	
r_d[451]	OUTPUT	r_d[451]	0	
r_d[452]	OUTPUT	r_d[452]	0	
r_d[453]	OUTPUT	r_d[453]	0	
r_d[454]	OUTPUT	r_d[454]	0	
r_d[455]	OUTPUT	r_d[455]	0	
r_d[456]	OUTPUT	r_d[456]	0	
r_d[457]	OUTPUT	r_d[457]	0	
r_d[458]	OUTPUT	r_d[458]	0	
r_d[459]	OUTPUT	r_d[459]	0	
r_d[45]	OUTPUT	r_d[45]	0	
r_d[460]	OUTPUT	r_d[460]	0	
r_d[461]	OUTPUT	r_d[461]	0	
r_d[462]	OUTPUT	r_d[462]	0	
r_d[463]	OUTPUT	r_d[463]	0	
r_d[464]	OUTPUT	r_d[464]	0	
r_d[465]	OUTPUT	r_d[465]	0	
r_d[466]	OUTPUT	r_d[466]	0	
r_d[467]	OUTPUT	r_d[467]	0	
r_d[468]	OUTPUT	r_d[468]	0	
r_d[469]	OUTPUT	r_d[469]	0	
r_d[46]	OUTPUT	r_d[46]	0	
r_d[470]	OUTPUT	r_d[470]	0	
r_d[471]	OUTPUT	r_d[471]	0	
r_d[472]	OUTPUT	r_d[472]	0	
r_d[473]	OUTPUT	r_d[473]	0	
r_d[474]	OUTPUT	r_d[474]	0	
r_d[475]	OUTPUT	r_d[475]	0	
r_d[476]	OUTPUT	r_d[476]	0	
r_d[477]	OUTPUT	r_d[477]	0	
r_d[478]	OUTPUT	r_d[478]	0	
r_d[479]	OUTPUT	r_d[479]	0	
r_d[47]	OUTPUT	r_d[47]	0	
r_d[480]	OUTPUT	r_d[480]	0	
r_d[481]	OUTPUT	r_d[481]	0	
r_d[482]	OUTPUT	r_d[482]	0	
r_d[483]	OUTPUT	r_d[483]	0	
r_d[484]	OUTPUT	r_d[484]	0	
r_d[485]	OUTPUT	r_d[485]	0	
r_d[486]	OUTPUT	r_d[486]	0	
r_d[487]	OUTPUT	r_d[487]	0	
r_d[488]	OUTPUT	r_d[488]	0	
r_d[489]	OUTPUT	r_d[489]	0	
r_d[48]	OUTPUT	r_d[48]	0	
r_d[490]	OUTPUT	r_d[490]	0	
r_d[491]	OUTPUT	r_d[491]	0	
r_d[492]	OUTPUT	r_d[492]	0	
r_d[493]	OUTPUT	r_d[493]	0	
r_d[494]	OUTPUT	r_d[494]	0	
r_d[495]	OUTPUT	r_d[495]	0	
r_d[496]	OUTPUT	r_d[496]	0	
r_d[497]	OUTPUT	r_d[497]	0	
r_d[498]	OUTPUT	r_d[498]	0	
r_d[499]	OUTPUT	r_d[499]	0	
r_d[49]	OUTPUT	r_d[49]	0	
r_d[4]	OUTPUT	r_d[4]	0	
r_d[500]	OUTPUT	r_d[500]	0	
r_d[501]	OUTPUT	r_d[501]	0	
r_d[502]	OUTPUT	r_d[502]	0	
r_d[503]	OUTPUT	r_d[503]	0	
r_d[504]	OUTPUT	r_d[504]	0	
r_d[505]	OUTPUT	r_d[505]	0	
r_d[506]	OUTPUT	r_d[506]	0	
r_d[507]	OUTPUT	r_d[507]	0	
r_d[508]	OUTPUT	r_d[508]	0	
r_d[509]	OUTPUT	r_d[509]	0	
r_d[50]	OUTPUT	r_d[50]	0	
r_d[510]	OUTPUT	r_d[510]	0	
r_d[511]	OUTPUT	r_d[511]	0	
r_d[51]	OUTPUT	r_d[51]	0	
r_d[52]	OUTPUT	r_d[52]	0	
r_d[53]	OUTPUT	r_d[53]	0	
r_d[54]	OUTPUT	r_d[54]	0	
r_d[55]	OUTPUT	r_d[55]	0	
r_d[56]	OUTPUT	r_d[56]	0	
r_d[57]	OUTPUT	r_d[57]	0	
r_d[58]	OUTPUT	r_d[58]	0	
r_d[59]	OUTPUT	r_d[59]	0	
r_d[5]	OUTPUT	r_d[5]	0	
r_d[60]	OUTPUT	r_d[60]	0	
r_d[61]	OUTPUT	r_d[61]	0	
r_d[62]	OUTPUT	r_d[62]	0	
r_d[63]	OUTPUT	r_d[63]	0	
r_d[64]	OUTPUT	r_d[64]	0	
r_d[65]	OUTPUT	r_d[65]	0	
r_d[66]	OUTPUT	r_d[66]	0	
r_d[67]	OUTPUT	r_d[67]	0	
r_d[68]	OUTPUT	r_d[68]	0	
r_d[69]	OUTPUT	r_d[69]	0	
r_d[6]	OUTPUT	r_d[6]	0	
r_d[70]	OUTPUT	r_d[70]	0	
r_d[71]	OUTPUT	r_d[71]	0	
r_d[72]	OUTPUT	r_d[72]	0	
r_d[73]	OUTPUT	r_d[73]	0	
r_d[74]	OUTPUT	r_d[74]	0	
r_d[75]	OUTPUT	r_d[75]	0	
r_d[76]	OUTPUT	r_d[76]	0	
r_d[77]	OUTPUT	r_d[77]	0	
r_d[78]	OUTPUT	r_d[78]	0	
r_d[79]	OUTPUT	r_d[79]	0	
r_d[7]	OUTPUT	r_d[7]	0	
r_d[80]	OUTPUT	r_d[80]	0	
r_d[81]	OUTPUT	r_d[81]	0	
r_d[82]	OUTPUT	r_d[82]	0	
r_d[83]	OUTPUT	r_d[83]	0	
r_d[84]	OUTPUT	r_d[84]	0	
r_d[85]	OUTPUT	r_d[85]	0	
r_d[86]	OUTPUT	r_d[86]	0	
r_d[87]	OUTPUT	r_d[87]	0	
r_d[88]	OUTPUT	r_d[88]	0	
r_d[89]	OUTPUT	r_d[89]	0	
r_d[8]	OUTPUT	r_d[8]	0	
r_d[90]	OUTPUT	r_d[90]	0	
r_d[91]	OUTPUT	r_d[91]	0	
r_d[92]	OUTPUT	r_d[92]	0	
r_d[93]	OUTPUT	r_d[93]	0	
r_d[94]	OUTPUT	r_d[94]	0	
r_d[95]	OUTPUT	r_d[95]	0	
r_d[96]	OUTPUT	r_d[96]	0	
r_d[97]	OUTPUT	r_d[97]	0	
r_d[98]	OUTPUT	r_d[98]	0	
r_d[99]	OUTPUT	r_d[99]	0	
r_d[9]	OUTPUT	r_d[9]	0	
r_fault	OUTPUT	r_fault	0	
r_live	OUTPUT	r_live	0	
r_rdy	INPUT	r_rdy	0.5065	{input1 BUFx2_ASAP7_75t_R A 0.506500}
r_v	OUTPUT	r_v	0	
rclk	INPUT	rclk	2.18565	{clkbuf_0_rclk BUFx24_ASAP7_75t_R A 2.185650}
rrst_n	INPUT	rrst_n	0.5065	{hold7152 BUFx2_ASAP7_75t_R A 0.506500}
w_d[0]	INPUT	w_d[0]	0.5065	{hold6274 BUFx2_ASAP7_75t_R A 0.506500}
w_d[100]	INPUT	w_d[100]	0.5065	{hold6148 BUFx2_ASAP7_75t_R A 0.506500}
w_d[101]	INPUT	w_d[101]	0.5065	{hold6313 BUFx2_ASAP7_75t_R A 0.506500}
w_d[102]	INPUT	w_d[102]	0.5065	{hold6241 BUFx2_ASAP7_75t_R A 0.506500}
w_d[103]	INPUT	w_d[103]	0.5065	{hold6035 BUFx2_ASAP7_75t_R A 0.506500}
w_d[104]	INPUT	w_d[104]	0.5065	{hold6034 BUFx2_ASAP7_75t_R A 0.506500}
w_d[105]	INPUT	w_d[105]	0.5065	{hold5934 BUFx2_ASAP7_75t_R A 0.506500}
w_d[106]	INPUT	w_d[106]	0.5065	{hold5996 BUFx2_ASAP7_75t_R A 0.506500}
w_d[107]	INPUT	w_d[107]	0.5065	{hold5990 BUFx2_ASAP7_75t_R A 0.506500}
w_d[108]	INPUT	w_d[108]	0.5065	{hold5965 BUFx2_ASAP7_75t_R A 0.506500}
w_d[109]	INPUT	w_d[109]	0.5065	{hold6116 BUFx2_ASAP7_75t_R A 0.506500}
w_d[10]	INPUT	w_d[10]	0.5065	{hold7150 BUFx2_ASAP7_75t_R A 0.506500}
w_d[110]	INPUT	w_d[110]	0.5065	{hold5746 BUFx2_ASAP7_75t_R A 0.506500}
w_d[111]	INPUT	w_d[111]	0.5065	{hold6001 BUFx2_ASAP7_75t_R A 0.506500}
w_d[112]	INPUT	w_d[112]	0.5065	{hold5933 BUFx2_ASAP7_75t_R A 0.506500}
w_d[113]	INPUT	w_d[113]	0.5065	{hold6330 BUFx2_ASAP7_75t_R A 0.506500}
w_d[114]	INPUT	w_d[114]	0.5065	{hold5837 BUFx2_ASAP7_75t_R A 0.506500}
w_d[115]	INPUT	w_d[115]	0.5065	{hold5788 BUFx2_ASAP7_75t_R A 0.506500}
w_d[116]	INPUT	w_d[116]	0.5065	{hold5947 BUFx2_ASAP7_75t_R A 0.506500}
w_d[117]	INPUT	w_d[117]	0.5065	{hold5711 BUFx2_ASAP7_75t_R A 0.506500}
w_d[118]	INPUT	w_d[118]	0.5065	{hold5796 BUFx2_ASAP7_75t_R A 0.506500}
w_d[119]	INPUT	w_d[119]	0.5065	{hold6000 BUFx2_ASAP7_75t_R A 0.506500}
w_d[11]	INPUT	w_d[11]	0.5065	{hold5801 BUFx2_ASAP7_75t_R A 0.506500}
w_d[120]	INPUT	w_d[120]	0.5065	{hold5943 BUFx2_ASAP7_75t_R A 0.506500}
w_d[121]	INPUT	w_d[121]	0.5065	{hold5666 BUFx2_ASAP7_75t_R A 0.506500}
w_d[122]	INPUT	w_d[122]	0.5065	{hold5918 BUFx2_ASAP7_75t_R A 0.506500}
w_d[123]	INPUT	w_d[123]	0.5065	{hold6039 BUFx2_ASAP7_75t_R A 0.506500}
w_d[124]	INPUT	w_d[124]	0.5065	{hold5189 BUFx2_ASAP7_75t_R A 0.506500}
w_d[125]	INPUT	w_d[125]	0.5065	{hold5149 BUFx2_ASAP7_75t_R A 0.506500}
w_d[126]	INPUT	w_d[126]	0.5065	{hold5862 BUFx2_ASAP7_75t_R A 0.506500}
w_d[127]	INPUT	w_d[127]	0.5065	{hold5184 BUFx2_ASAP7_75t_R A 0.506500}
w_d[128]	INPUT	w_d[128]	0.5065	{hold5088 BUFx2_ASAP7_75t_R A 0.506500}
w_d[129]	INPUT	w_d[129]	0.5065	{hold5115 BUFx2_ASAP7_75t_R A 0.506500}
w_d[12]	INPUT	w_d[12]	0.5065	{hold5740 BUFx2_ASAP7_75t_R A 0.506500}
w_d[130]	INPUT	w_d[130]	0.5065	{hold5126 BUFx2_ASAP7_75t_R A 0.506500}
w_d[131]	INPUT	w_d[131]	0.5065	{hold5241 BUFx2_ASAP7_75t_R A 0.506500}
w_d[132]	INPUT	w_d[132]	0.5065	{hold5103 BUFx2_ASAP7_75t_R A 0.506500}
w_d[133]	INPUT	w_d[133]	0.5065	{hold5166 BUFx2_ASAP7_75t_R A 0.506500}
w_d[134]	INPUT	w_d[134]	0.5065	{hold5261 BUFx2_ASAP7_75t_R A 0.506500}
w_d[135]	INPUT	w_d[135]	0.5065	{hold5229 BUFx2_ASAP7_75t_R A 0.506500}
w_d[136]	INPUT	w_d[136]	0.5065	{hold5162 BUFx2_ASAP7_75t_R A 0.506500}
w_d[137]	INPUT	w_d[137]	0.5065	{hold5147 BUFx2_ASAP7_75t_R A 0.506500}
w_d[138]	INPUT	w_d[138]	0.5065	{hold5177 BUFx2_ASAP7_75t_R A 0.506500}
w_d[139]	INPUT	w_d[139]	0.5065	{hold5216 BUFx2_ASAP7_75t_R A 0.506500}
w_d[13]	INPUT	w_d[13]	0.5065	{hold5855 BUFx2_ASAP7_75t_R A 0.506500}
w_d[140]	INPUT	w_d[140]	0.5065	{hold5221 BUFx2_ASAP7_75t_R A 0.506500}
w_d[141]	INPUT	w_d[141]	0.5065	{hold5275 BUFx2_ASAP7_75t_R A 0.506500}
w_d[142]	INPUT	w_d[142]	0.5065	{hold5415 BUFx2_ASAP7_75t_R A 0.506500}
w_d[143]	INPUT	w_d[143]	0.5065	{hold5139 BUFx2_ASAP7_75t_R A 0.506500}
w_d[144]	INPUT	w_d[144]	0.5065	{hold5191 BUFx2_ASAP7_75t_R A 0.506500}
w_d[145]	INPUT	w_d[145]	0.5065	{hold5277 BUFx2_ASAP7_75t_R A 0.506500}
w_d[146]	INPUT	w_d[146]	0.5065	{hold5254 BUFx2_ASAP7_75t_R A 0.506500}
w_d[147]	INPUT	w_d[147]	0.5065	{hold5323 BUFx2_ASAP7_75t_R A 0.506500}
w_d[148]	INPUT	w_d[148]	0.5065	{hold5093 BUFx2_ASAP7_75t_R A 0.506500}
w_d[149]	INPUT	w_d[149]	0.5065	{hold5193 BUFx2_ASAP7_75t_R A 0.506500}
w_d[14]	INPUT	w_d[14]	0.5065	{hold5913 BUFx2_ASAP7_75t_R A 0.506500}
w_d[150]	INPUT	w_d[150]	0.5065	{hold5203 BUFx2_ASAP7_75t_R A 0.506500}
w_d[151]	INPUT	w_d[151]	0.5065	{hold5108 BUFx2_ASAP7_75t_R A 0.506500}
w_d[152]	INPUT	w_d[152]	0.5065	{hold5321 BUFx2_ASAP7_75t_R A 0.506500}
w_d[153]	INPUT	w_d[153]	0.5065	{hold5279 BUFx2_ASAP7_75t_R A 0.506500}
w_d[154]	INPUT	w_d[154]	0.5065	{hold5273 BUFx2_ASAP7_75t_R A 0.506500}
w_d[155]	INPUT	w_d[155]	0.5065	{hold5182 BUFx2_ASAP7_75t_R A 0.506500}
w_d[156]	INPUT	w_d[156]	0.5065	{hold5110 BUFx2_ASAP7_75t_R A 0.506500}
w_d[157]	INPUT	w_d[157]	0.5065	{hold5075 BUFx2_ASAP7_75t_R A 0.506500}
w_d[158]	INPUT	w_d[158]	0.5065	{hold5237 BUFx2_ASAP7_75t_R A 0.506500}
w_d[159]	INPUT	w_d[159]	0.5065	{hold5198 BUFx2_ASAP7_75t_R A 0.506500}
w_d[15]	INPUT	w_d[15]	0.5065	{hold5861 BUFx2_ASAP7_75t_R A 0.506500}
w_d[160]	INPUT	w_d[160]	0.5065	{hold5083 BUFx2_ASAP7_75t_R A 0.506500}
w_d[161]	INPUT	w_d[161]	0.5065	{hold5164 BUFx2_ASAP7_75t_R A 0.506500}
w_d[162]	INPUT	w_d[162]	0.5065	{hold5239 BUFx2_ASAP7_75t_R A 0.506500}
w_d[163]	INPUT	w_d[163]	0.5065	{hold5428 BUFx2_ASAP7_75t_R A 0.506500}
w_d[164]	INPUT	w_d[164]	0.5065	{hold5595 BUFx2_ASAP7_75t_R A 0.506500}
w_d[165]	INPUT	w_d[165]	0.5065	{hold5668 BUFx2_ASAP7_75t_R A 0.506500}
w_d[166]	INPUT	w_d[166]	0.5065	{hold5284 BUFx2_ASAP7_75t_R A 0.506500}
w_d[167]	INPUT	w_d[167]	0.5065	{hold5328 BUFx2_ASAP7_75t_R A 0.506500}
w_d[168]	INPUT	w_d[168]	0.5065	{hold5672 BUFx2_ASAP7_75t_R A 0.506500}
w_d[169]	INPUT	w_d[169]	0.5065	{hold5349 BUFx2_ASAP7_75t_R A 0.506500}
w_d[16]	INPUT	w_d[16]	0.5065	{hold6095 BUFx2_ASAP7_75t_R A 0.506500}
w_d[170]	INPUT	w_d[170]	0.5065	{hold5549 BUFx2_ASAP7_75t_R A 0.506500}
w_d[171]	INPUT	w_d[171]	0.5065	{hold5316 BUFx2_ASAP7_75t_R A 0.506500}
w_d[172]	INPUT	w_d[172]	0.5065	{hold5442 BUFx2_ASAP7_75t_R A 0.506500}
w_d[173]	INPUT	w_d[173]	0.5065	{hold5994 BUFx2_ASAP7_75t_R A 0.506500}
w_d[174]	INPUT	w_d[174]	0.5065	{hold5789 BUFx2_ASAP7_75t_R A 0.506500}
w_d[175]	INPUT	w_d[175]	0.5065	{hold5776 BUFx2_ASAP7_75t_R A 0.506500}
w_d[176]	INPUT	w_d[176]	0.5065	{hold5816 BUFx2_ASAP7_75t_R A 0.506500}
w_d[177]	INPUT	w_d[177]	0.5065	{hold5772 BUFx2_ASAP7_75t_R A 0.506500}
w_d[178]	INPUT	w_d[178]	0.5065	{hold5478 BUFx2_ASAP7_75t_R A 0.506500}
w_d[179]	INPUT	w_d[179]	0.5065	{hold5612 BUFx2_ASAP7_75t_R A 0.506500}
w_d[17]	INPUT	w_d[17]	0.5065	{hold6187 BUFx2_ASAP7_75t_R A 0.506500}
w_d[180]	INPUT	w_d[180]	0.5065	{hold5648 BUFx2_ASAP7_75t_R A 0.506500}
w_d[181]	INPUT	w_d[181]	0.5065	{hold5256 BUFx2_ASAP7_75t_R A 0.506500}
w_d[182]	INPUT	w_d[182]	0.5065	{hold5298 BUFx2_ASAP7_75t_R A 0.506500}
w_d[183]	INPUT	w_d[183]	0.5065	{hold5214 BUFx2_ASAP7_75t_R A 0.506500}
w_d[184]	INPUT	w_d[184]	0.5065	{hold5246 BUFx2_ASAP7_75t_R A 0.506500}
w_d[185]	INPUT	w_d[185]	0.5065	{hold5098 BUFx2_ASAP7_75t_R A 0.506500}
w_d[186]	INPUT	w_d[186]	0.5065	{hold5128 BUFx2_ASAP7_75t_R A 0.506500}
w_d[187]	INPUT	w_d[187]	0.5065	{hold5531 BUFx2_ASAP7_75t_R A 0.506500}
w_d[188]	INPUT	w_d[188]	0.5065	{hold5662 BUFx2_ASAP7_75t_R A 0.506500}
w_d[189]	INPUT	w_d[189]	0.5065	{hold5263 BUFx2_ASAP7_75t_R A 0.506500}
w_d[18]	INPUT	w_d[18]	0.5065	{hold6058 BUFx2_ASAP7_75t_R A 0.506500}
w_d[190]	INPUT	w_d[190]	0.5065	{hold5151 BUFx2_ASAP7_75t_R A 0.506500}
w_d[191]	INPUT	w_d[191]	0.5065	{hold5411 BUFx2_ASAP7_75t_R A 0.506500}
w_d[192]	INPUT	w_d[192]	0.5065	{hold5661 BUFx2_ASAP7_75t_R A 0.506500}
w_d[193]	INPUT	w_d[193]	0.5065	{hold5860 BUFx2_ASAP7_75t_R A 0.506500}
w_d[194]	INPUT	w_d[194]	0.5065	{hold5707 BUFx2_ASAP7_75t_R A 0.506500}
w_d[195]	INPUT	w_d[195]	0.5065	{hold5673 BUFx2_ASAP7_75t_R A 0.506500}
w_d[196]	INPUT	w_d[196]	0.5065	{hold5881 BUFx2_ASAP7_75t_R A 0.506500}
w_d[197]	INPUT	w_d[197]	0.5065	{hold5939 BUFx2_ASAP7_75t_R A 0.506500}
w_d[198]	INPUT	w_d[198]	0.5065	{hold5831 BUFx2_ASAP7_75t_R A 0.506500}
w_d[199]	INPUT	w_d[199]	0.5065	{hold6040 BUFx2_ASAP7_75t_R A 0.506500}
w_d[19]	INPUT	w_d[19]	0.5065	{hold6118 BUFx2_ASAP7_75t_R A 0.506500}
w_d[1]	INPUT	w_d[1]	0.5065	{hold6197 BUFx2_ASAP7_75t_R A 0.506500}
w_d[200]	INPUT	w_d[200]	0.5065	{hold5802 BUFx2_ASAP7_75t_R A 0.506500}
w_d[201]	INPUT	w_d[201]	0.5065	{hold5915 BUFx2_ASAP7_75t_R A 0.506500}
w_d[202]	INPUT	w_d[202]	0.5065	{hold5747 BUFx2_ASAP7_75t_R A 0.506500}
w_d[203]	INPUT	w_d[203]	0.5065	{hold5800 BUFx2_ASAP7_75t_R A 0.506500}
w_d[204]	INPUT	w_d[204]	0.5065	{hold5957 BUFx2_ASAP7_75t_R A 0.506500}
w_d[205]	INPUT	w_d[205]	0.5065	{hold5691 BUFx2_ASAP7_75t_R A 0.506500}
w_d[206]	INPUT	w_d[206]	0.5065	{hold5751 BUFx2_ASAP7_75t_R A 0.506500}
w_d[207]	INPUT	w_d[207]	0.5065	{hold5848 BUFx2_ASAP7_75t_R A 0.506500}
w_d[208]	INPUT	w_d[208]	0.5065	{hold5680 BUFx2_ASAP7_75t_R A 0.506500}
w_d[209]	INPUT	w_d[209]	0.5065	{hold6427 BUFx2_ASAP7_75t_R A 0.506500}
w_d[20]	INPUT	w_d[20]	0.5065	{hold5841 BUFx2_ASAP7_75t_R A 0.506500}
w_d[210]	INPUT	w_d[210]	0.5065	{hold6555 BUFx2_ASAP7_75t_R A 0.506500}
w_d[211]	INPUT	w_d[211]	0.5065	{hold6693 BUFx2_ASAP7_75t_R A 0.506500}
w_d[212]	INPUT	w_d[212]	0.5065	{hold6315 BUFx2_ASAP7_75t_R A 0.506500}
w_d[213]	INPUT	w_d[213]	0.5065	{hold6411 BUFx2_ASAP7_75t_R A 0.506500}
w_d[214]	INPUT	w_d[214]	0.5065	{hold6713 BUFx2_ASAP7_75t_R A 0.506500}
w_d[215]	INPUT	w_d[215]	0.5065	{hold6749 BUFx2_ASAP7_75t_R A 0.506500}
w_d[216]	INPUT	w_d[216]	0.5065	{hold6375 BUFx2_ASAP7_75t_R A 0.506500}
w_d[217]	INPUT	w_d[217]	0.5065	{hold6435 BUFx2_ASAP7_75t_R A 0.506500}
w_d[218]	INPUT	w_d[218]	0.5065	{hold6412 BUFx2_ASAP7_75t_R A 0.506500}
w_d[219]	INPUT	w_d[219]	0.5065	{hold6452 BUFx2_ASAP7_75t_R A 0.506500}
w_d[21]	INPUT	w_d[21]	0.5065	{hold6254 BUFx2_ASAP7_75t_R A 0.506500}
w_d[220]	INPUT	w_d[220]	0.5065	{hold6556 BUFx2_ASAP7_75t_R A 0.506500}
w_d[221]	INPUT	w_d[221]	0.5065	{hold6481 BUFx2_ASAP7_75t_R A 0.506500}
w_d[222]	INPUT	w_d[222]	0.5065	{hold6226 BUFx2_ASAP7_75t_R A 0.506500}
w_d[223]	INPUT	w_d[223]	0.5065	{hold6851 BUFx2_ASAP7_75t_R A 0.506500}
w_d[224]	INPUT	w_d[224]	0.5065	{hold6403 BUFx2_ASAP7_75t_R A 0.506500}
w_d[225]	INPUT	w_d[225]	0.5065	{hold6346 BUFx2_ASAP7_75t_R A 0.506500}
w_d[226]	INPUT	w_d[226]	0.5065	{hold6272 BUFx2_ASAP7_75t_R A 0.506500}
w_d[227]	INPUT	w_d[227]	0.5065	{hold6498 BUFx2_ASAP7_75t_R A 0.506500}
w_d[228]	INPUT	w_d[228]	0.5065	{hold6574 BUFx2_ASAP7_75t_R A 0.506500}
w_d[229]	INPUT	w_d[229]	0.5065	{hold6735 BUFx2_ASAP7_75t_R A 0.506500}
w_d[22]	INPUT	w_d[22]	0.5065	{hold6436 BUFx2_ASAP7_75t_R A 0.506500}
w_d[230]	INPUT	w_d[230]	0.5065	{hold6901 BUFx2_ASAP7_75t_R A 0.506500}
w_d[231]	INPUT	w_d[231]	0.5065	{hold7038 BUFx2_ASAP7_75t_R A 0.506500}
w_d[232]	INPUT	w_d[232]	0.5065	{hold6734 BUFx2_ASAP7_75t_R A 0.506500}
w_d[233]	INPUT	w_d[233]	0.5065	{hold6942 BUFx2_ASAP7_75t_R A 0.506500}
w_d[234]	INPUT	w_d[234]	0.5065	{hold6925 BUFx2_ASAP7_75t_R A 0.506500}
w_d[235]	INPUT	w_d[235]	0.5065	{hold7094 BUFx2_ASAP7_75t_R A 0.506500}
w_d[236]	INPUT	w_d[236]	0.5065	{hold7104 BUFx2_ASAP7_75t_R A 0.506500}
w_d[237]	INPUT	w_d[237]	0.5065	{hold6995 BUFx2_ASAP7_75t_R A 0.506500}
w_d[238]	INPUT	w_d[238]	0.5065	{hold7051 BUFx2_ASAP7_75t_R A 0.506500}
w_d[239]	INPUT	w_d[239]	0.5065	{hold7122 BUFx2_ASAP7_75t_R A 0.506500}
w_d[23]	INPUT	w_d[23]	0.5065	{hold5876 BUFx2_ASAP7_75t_R A 0.506500}
w_d[240]	INPUT	w_d[240]	0.5065	{hold7021 BUFx2_ASAP7_75t_R A 0.506500}
w_d[241]	INPUT	w_d[241]	0.5065	{hold7075 BUFx2_ASAP7_75t_R A 0.506500}
w_d[242]	INPUT	w_d[242]	0.5065	{hold6743 BUFx2_ASAP7_75t_R A 0.506500}
w_d[243]	INPUT	w_d[243]	0.5065	{hold7010 BUFx2_ASAP7_75t_R A 0.506500}
w_d[244]	INPUT	w_d[244]	0.5065	{hold7037 BUFx2_ASAP7_75t_R A 0.506500}
w_d[245]	INPUT	w_d[245]	0.5065	{hold6649 BUFx2_ASAP7_75t_R A 0.506500}
w_d[246]	INPUT	w_d[246]	0.5065	{hold7060 BUFx2_ASAP7_75t_R A 0.506500}
w_d[247]	INPUT	w_d[247]	0.5065	{hold6563 BUFx2_ASAP7_75t_R A 0.506500}
w_d[248]	INPUT	w_d[248]	0.5065	{hold6918 BUFx2_ASAP7_75t_R A 0.506500}
w_d[249]	INPUT	w_d[249]	0.5065	{hold6273 BUFx2_ASAP7_75t_R A 0.506500}
w_d[24]	INPUT	w_d[24]	0.5065	{hold6006 BUFx2_ASAP7_75t_R A 0.506500}
w_d[250]	INPUT	w_d[250]	0.5065	{hold6253 BUFx2_ASAP7_75t_R A 0.506500}
w_d[251]	INPUT	w_d[251]	0.5065	{hold6725 BUFx2_ASAP7_75t_R A 0.506500}
w_d[252]	INPUT	w_d[252]	0.5065	{hold6903 BUFx2_ASAP7_75t_R A 0.506500}
w_d[253]	INPUT	w_d[253]	0.5065	{hold6652 BUFx2_ASAP7_75t_R A 0.506500}
w_d[254]	INPUT	w_d[254]	0.5065	{hold6482 BUFx2_ASAP7_75t_R A 0.506500}
w_d[255]	INPUT	w_d[255]	0.5065	{hold6300 BUFx2_ASAP7_75t_R A 0.506500}
w_d[256]	INPUT	w_d[256]	0.5065	{hold6505 BUFx2_ASAP7_75t_R A 0.506500}
w_d[257]	INPUT	w_d[257]	0.5065	{hold6373 BUFx2_ASAP7_75t_R A 0.506500}
w_d[258]	INPUT	w_d[258]	0.5065	{hold6664 BUFx2_ASAP7_75t_R A 0.506500}
w_d[259]	INPUT	w_d[259]	0.5065	{hold6902 BUFx2_ASAP7_75t_R A 0.506500}
w_d[25]	INPUT	w_d[25]	0.5065	{hold6575 BUFx2_ASAP7_75t_R A 0.506500}
w_d[260]	INPUT	w_d[260]	0.5065	{hold6784 BUFx2_ASAP7_75t_R A 0.506500}
w_d[261]	INPUT	w_d[261]	0.5065	{hold6938 BUFx2_ASAP7_75t_R A 0.506500}
w_d[262]	INPUT	w_d[262]	0.5065	{hold6821 BUFx2_ASAP7_75t_R A 0.506500}
w_d[263]	INPUT	w_d[263]	0.5065	{hold7073 BUFx2_ASAP7_75t_R A 0.506500}
w_d[264]	INPUT	w_d[264]	0.5065	{hold7081 BUFx2_ASAP7_75t_R A 0.506500}
w_d[265]	INPUT	w_d[265]	0.5065	{hold6999 BUFx2_ASAP7_75t_R A 0.506500}
w_d[266]	INPUT	w_d[266]	0.5065	{hold7089 BUFx2_ASAP7_75t_R A 0.506500}
w_d[267]	INPUT	w_d[267]	0.5065	{hold7005 BUFx2_ASAP7_75t_R A 0.506500}
w_d[268]	INPUT	w_d[268]	0.5065	{hold6733 BUFx2_ASAP7_75t_R A 0.506500}
w_d[269]	INPUT	w_d[269]	0.5065	{hold6424 BUFx2_ASAP7_75t_R A 0.506500}
w_d[26]	INPUT	w_d[26]	0.5065	{hold6107 BUFx2_ASAP7_75t_R A 0.506500}
w_d[270]	INPUT	w_d[270]	0.5065	{hold6681 BUFx2_ASAP7_75t_R A 0.506500}
w_d[271]	INPUT	w_d[271]	0.5065	{hold6985 BUFx2_ASAP7_75t_R A 0.506500}
w_d[272]	INPUT	w_d[272]	0.5065	{hold6894 BUFx2_ASAP7_75t_R A 0.506500}
w_d[273]	INPUT	w_d[273]	0.5065	{hold7030 BUFx2_ASAP7_75t_R A 0.506500}
w_d[274]	INPUT	w_d[274]	0.5065	{hold6554 BUFx2_ASAP7_75t_R A 0.506500}
w_d[275]	INPUT	w_d[275]	0.5065	{hold6926 BUFx2_ASAP7_75t_R A 0.506500}
w_d[276]	INPUT	w_d[276]	0.5065	{hold6728 BUFx2_ASAP7_75t_R A 0.506500}
w_d[277]	INPUT	w_d[277]	0.5065	{hold6937 BUFx2_ASAP7_75t_R A 0.506500}
w_d[278]	INPUT	w_d[278]	0.5065	{hold6970 BUFx2_ASAP7_75t_R A 0.506500}
w_d[279]	INPUT	w_d[279]	0.5065	{hold7050 BUFx2_ASAP7_75t_R A 0.506500}
w_d[27]	INPUT	w_d[27]	0.5065	{hold6295 BUFx2_ASAP7_75t_R A 0.506500}
w_d[280]	INPUT	w_d[280]	0.5065	{hold6729 BUFx2_ASAP7_75t_R A 0.506500}
w_d[281]	INPUT	w_d[281]	0.5065	{hold6986 BUFx2_ASAP7_75t_R A 0.506500}
w_d[282]	INPUT	w_d[282]	0.5065	{hold6739 BUFx2_ASAP7_75t_R A 0.506500}
w_d[283]	INPUT	w_d[283]	0.5065	{hold6305 BUFx2_ASAP7_75t_R A 0.506500}
w_d[284]	INPUT	w_d[284]	0.5065	{hold6648 BUFx2_ASAP7_75t_R A 0.506500}
w_d[285]	INPUT	w_d[285]	0.5065	{hold6844 BUFx2_ASAP7_75t_R A 0.506500}
w_d[286]	INPUT	w_d[286]	0.5065	{hold6692 BUFx2_ASAP7_75t_R A 0.506500}
w_d[287]	INPUT	w_d[287]	0.5065	{hold6468 BUFx2_ASAP7_75t_R A 0.506500}
w_d[288]	INPUT	w_d[288]	0.5065	{hold6654 BUFx2_ASAP7_75t_R A 0.506500}
w_d[289]	INPUT	w_d[289]	0.5065	{hold6483 BUFx2_ASAP7_75t_R A 0.506500}
w_d[28]	INPUT	w_d[28]	0.5065	{hold6350 BUFx2_ASAP7_75t_R A 0.506500}
w_d[290]	INPUT	w_d[290]	0.5065	{hold6680 BUFx2_ASAP7_75t_R A 0.506500}
w_d[291]	INPUT	w_d[291]	0.5065	{hold6395 BUFx2_ASAP7_75t_R A 0.506500}
w_d[292]	INPUT	w_d[292]	0.5065	{hold7061 BUFx2_ASAP7_75t_R A 0.506500}
w_d[293]	INPUT	w_d[293]	0.5065	{hold6651 BUFx2_ASAP7_75t_R A 0.506500}
w_d[294]	INPUT	w_d[294]	0.5065	{hold7022 BUFx2_ASAP7_75t_R A 0.506500}
w_d[295]	INPUT	w_d[295]	0.5065	{hold7098 BUFx2_ASAP7_75t_R A 0.506500}
w_d[296]	INPUT	w_d[296]	0.5065	{hold6936 BUFx2_ASAP7_75t_R A 0.506500}
w_d[297]	INPUT	w_d[297]	0.5065	{hold6166 BUFx2_ASAP7_75t_R A 0.506500}
w_d[298]	INPUT	w_d[298]	0.5065	{hold6416 BUFx2_ASAP7_75t_R A 0.506500}
w_d[299]	INPUT	w_d[299]	0.5065	{hold6847 BUFx2_ASAP7_75t_R A 0.506500}
w_d[29]	INPUT	w_d[29]	0.5065	{hold6355 BUFx2_ASAP7_75t_R A 0.506500}
w_d[2]	INPUT	w_d[2]	0.5065	{hold6467 BUFx2_ASAP7_75t_R A 0.506500}
w_d[300]	INPUT	w_d[300]	0.5065	{hold6222 BUFx2_ASAP7_75t_R A 0.506500}
w_d[301]	INPUT	w_d[301]	0.5065	{hold6493 BUFx2_ASAP7_75t_R A 0.506500}
w_d[302]	INPUT	w_d[302]	0.5065	{hold6700 BUFx2_ASAP7_75t_R A 0.506500}
w_d[303]	INPUT	w_d[303]	0.5065	{hold6548 BUFx2_ASAP7_75t_R A 0.506500}
w_d[304]	INPUT	w_d[304]	0.5065	{hold6509 BUFx2_ASAP7_75t_R A 0.506500}
w_d[305]	INPUT	w_d[305]	0.5065	{hold7019 BUFx2_ASAP7_75t_R A 0.506500}
w_d[306]	INPUT	w_d[306]	0.5065	{hold6656 BUFx2_ASAP7_75t_R A 0.506500}
w_d[307]	INPUT	w_d[307]	0.5065	{hold6541 BUFx2_ASAP7_75t_R A 0.506500}
w_d[308]	INPUT	w_d[308]	0.5065	{hold6423 BUFx2_ASAP7_75t_R A 0.506500}
w_d[309]	INPUT	w_d[309]	0.5065	{hold6824 BUFx2_ASAP7_75t_R A 0.506500}
w_d[30]	INPUT	w_d[30]	0.5065	{hold6726 BUFx2_ASAP7_75t_R A 0.506500}
w_d[310]	INPUT	w_d[310]	0.5065	{hold7042 BUFx2_ASAP7_75t_R A 0.506500}
w_d[311]	INPUT	w_d[311]	0.5065	{hold6586 BUFx2_ASAP7_75t_R A 0.506500}
w_d[312]	INPUT	w_d[312]	0.5065	{hold6718 BUFx2_ASAP7_75t_R A 0.506500}
w_d[313]	INPUT	w_d[313]	0.5065	{hold6932 BUFx2_ASAP7_75t_R A 0.506500}
w_d[314]	INPUT	w_d[314]	0.5065	{hold6588 BUFx2_ASAP7_75t_R A 0.506500}
w_d[315]	INPUT	w_d[315]	0.5065	{hold6444 BUFx2_ASAP7_75t_R A 0.506500}
w_d[316]	INPUT	w_d[316]	0.5065	{hold6971 BUFx2_ASAP7_75t_R A 0.506500}
w_d[317]	INPUT	w_d[317]	0.5065	{hold6780 BUFx2_ASAP7_75t_R A 0.506500}
w_d[318]	INPUT	w_d[318]	0.5065	{hold6328 BUFx2_ASAP7_75t_R A 0.506500}
w_d[319]	INPUT	w_d[319]	0.5065	{hold6744 BUFx2_ASAP7_75t_R A 0.506500}
w_d[31]	INPUT	w_d[31]	0.5065	{hold6356 BUFx2_ASAP7_75t_R A 0.506500}
w_d[320]	INPUT	w_d[320]	0.5065	{hold6917 BUFx2_ASAP7_75t_R A 0.506500}
w_d[321]	INPUT	w_d[321]	0.5065	{hold6969 BUFx2_ASAP7_75t_R A 0.506500}
w_d[322]	INPUT	w_d[322]	0.5065	{hold6819 BUFx2_ASAP7_75t_R A 0.506500}
w_d[323]	INPUT	w_d[323]	0.5065	{hold6820 BUFx2_ASAP7_75t_R A 0.506500}
w_d[324]	INPUT	w_d[324]	0.5065	{hold7006 BUFx2_ASAP7_75t_R A 0.506500}
w_d[325]	INPUT	w_d[325]	0.5065	{hold6826 BUFx2_ASAP7_75t_R A 0.506500}
w_d[326]	INPUT	w_d[326]	0.5065	{hold7130 BUFx2_ASAP7_75t_R A 0.506500}
w_d[327]	INPUT	w_d[327]	0.5065	{hold7115 BUFx2_ASAP7_75t_R A 0.506500}
w_d[328]	INPUT	w_d[328]	0.5065	{hold7109 BUFx2_ASAP7_75t_R A 0.506500}
w_d[329]	INPUT	w_d[329]	0.5065	{hold7131 BUFx2_ASAP7_75t_R A 0.506500}
w_d[32]	INPUT	w_d[32]	0.5065	{hold6805 BUFx2_ASAP7_75t_R A 0.506500}
w_d[330]	INPUT	w_d[330]	0.5065	{hold7139 BUFx2_ASAP7_75t_R A 0.506500}
w_d[331]	INPUT	w_d[331]	0.5065	{hold6945 BUFx2_ASAP7_75t_R A 0.506500}
w_d[332]	INPUT	w_d[332]	0.5065	{hold6650 BUFx2_ASAP7_75t_R A 0.506500}
w_d[333]	INPUT	w_d[333]	0.5065	{hold7108 BUFx2_ASAP7_75t_R A 0.506500}
w_d[334]	INPUT	w_d[334]	0.5065	{hold7043 BUFx2_ASAP7_75t_R A 0.506500}
w_d[335]	INPUT	w_d[335]	0.5065	{hold6975 BUFx2_ASAP7_75t_R A 0.506500}
w_d[336]	INPUT	w_d[336]	0.5065	{hold7072 BUFx2_ASAP7_75t_R A 0.506500}
w_d[337]	INPUT	w_d[337]	0.5065	{hold6907 BUFx2_ASAP7_75t_R A 0.506500}
w_d[338]	INPUT	w_d[338]	0.5065	{hold6641 BUFx2_ASAP7_75t_R A 0.506500}
w_d[339]	INPUT	w_d[339]	0.5065	{hold6877 BUFx2_ASAP7_75t_R A 0.506500}
w_d[33]	INPUT	w_d[33]	0.5065	{hold6516 BUFx2_ASAP7_75t_R A 0.506500}
w_d[340]	INPUT	w_d[340]	0.5065	{hold7026 BUFx2_ASAP7_75t_R A 0.506500}
w_d[341]	INPUT	w_d[341]	0.5065	{hold6592 BUFx2_ASAP7_75t_R A 0.506500}
w_d[342]	INPUT	w_d[342]	0.5065	{hold6607 BUFx2_ASAP7_75t_R A 0.506500}
w_d[343]	INPUT	w_d[343]	0.5065	{hold6462 BUFx2_ASAP7_75t_R A 0.506500}
w_d[344]	INPUT	w_d[344]	0.5065	{hold7065 BUFx2_ASAP7_75t_R A 0.506500}
w_d[345]	INPUT	w_d[345]	0.5065	{hold6955 BUFx2_ASAP7_75t_R A 0.506500}
w_d[346]	INPUT	w_d[346]	0.5065	{hold7020 BUFx2_ASAP7_75t_R A 0.506500}
w_d[347]	INPUT	w_d[347]	0.5065	{hold6759 BUFx2_ASAP7_75t_R A 0.506500}
w_d[348]	INPUT	w_d[348]	0.5065	{hold6796 BUFx2_ASAP7_75t_R A 0.506500}
w_d[349]	INPUT	w_d[349]	0.5065	{hold7083 BUFx2_ASAP7_75t_R A 0.506500}
w_d[34]	INPUT	w_d[34]	0.5065	{hold7084 BUFx2_ASAP7_75t_R A 0.506500}
w_d[350]	INPUT	w_d[350]	0.5065	{hold6694 BUFx2_ASAP7_75t_R A 0.506500}
w_d[351]	INPUT	w_d[351]	0.5065	{hold5622 BUFx2_ASAP7_75t_R A 0.506500}
w_d[352]	INPUT	w_d[352]	0.5065	{hold6587 BUFx2_ASAP7_75t_R A 0.506500}
w_d[353]	INPUT	w_d[353]	0.5065	{hold7099 BUFx2_ASAP7_75t_R A 0.506500}
w_d[354]	INPUT	w_d[354]	0.5065	{hold5579 BUFx2_ASAP7_75t_R A 0.506500}
w_d[355]	INPUT	w_d[355]	0.5065	{hold6898 BUFx2_ASAP7_75t_R A 0.506500}
w_d[356]	INPUT	w_d[356]	0.5065	{hold6814 BUFx2_ASAP7_75t_R A 0.506500}
w_d[357]	INPUT	w_d[357]	0.5065	{hold6818 BUFx2_ASAP7_75t_R A 0.506500}
w_d[358]	INPUT	w_d[358]	0.5065	{hold6870 BUFx2_ASAP7_75t_R A 0.506500}
w_d[359]	INPUT	w_d[359]	0.5065	{hold7004 BUFx2_ASAP7_75t_R A 0.506500}
w_d[35]	INPUT	w_d[35]	0.5065	{hold6363 BUFx2_ASAP7_75t_R A 0.506500}
w_d[360]	INPUT	w_d[360]	0.5065	{hold6865 BUFx2_ASAP7_75t_R A 0.506500}
w_d[361]	INPUT	w_d[361]	0.5065	{hold5730 BUFx2_ASAP7_75t_R A 0.506500}
w_d[362]	INPUT	w_d[362]	0.5065	{hold5877 BUFx2_ASAP7_75t_R A 0.506500}
w_d[363]	INPUT	w_d[363]	0.5065	{hold5427 BUFx2_ASAP7_75t_R A 0.506500}
w_d[364]	INPUT	w_d[364]	0.5065	{hold5395 BUFx2_ASAP7_75t_R A 0.506500}
w_d[365]	INPUT	w_d[365]	0.5065	{hold5675 BUFx2_ASAP7_75t_R A 0.506500}
w_d[366]	INPUT	w_d[366]	0.5065	{hold5485 BUFx2_ASAP7_75t_R A 0.506500}
w_d[367]	INPUT	w_d[367]	0.5065	{hold5527 BUFx2_ASAP7_75t_R A 0.506500}
w_d[368]	INPUT	w_d[368]	0.5065	{hold5679 BUFx2_ASAP7_75t_R A 0.506500}
w_d[369]	INPUT	w_d[369]	0.5065	{hold5499 BUFx2_ASAP7_75t_R A 0.506500}
w_d[36]	INPUT	w_d[36]	0.5065	{hold6795 BUFx2_ASAP7_75t_R A 0.506500}
w_d[370]	INPUT	w_d[370]	0.5065	{hold5457 BUFx2_ASAP7_75t_R A 0.506500}
w_d[371]	INPUT	w_d[371]	0.5065	{hold5758 BUFx2_ASAP7_75t_R A 0.506500}
w_d[372]	INPUT	w_d[372]	0.5065	{hold5718 BUFx2_ASAP7_75t_R A 0.506500}
w_d[373]	INPUT	w_d[373]	0.5065	{hold6810 BUFx2_ASAP7_75t_R A 0.506500}
w_d[374]	INPUT	w_d[374]	0.5065	{hold6533 BUFx2_ASAP7_75t_R A 0.506500}
w_d[375]	INPUT	w_d[375]	0.5065	{hold6070 BUFx2_ASAP7_75t_R A 0.506500}
w_d[376]	INPUT	w_d[376]	0.5065	{hold5894 BUFx2_ASAP7_75t_R A 0.506500}
w_d[377]	INPUT	w_d[377]	0.5065	{hold6858 BUFx2_ASAP7_75t_R A 0.506500}
w_d[378]	INPUT	w_d[378]	0.5065	{hold5674 BUFx2_ASAP7_75t_R A 0.506500}
w_d[379]	INPUT	w_d[379]	0.5065	{hold6068 BUFx2_ASAP7_75t_R A 0.506500}
w_d[37]	INPUT	w_d[37]	0.5065	{hold6899 BUFx2_ASAP7_75t_R A 0.506500}
w_d[380]	INPUT	w_d[380]	0.5065	{hold5935 BUFx2_ASAP7_75t_R A 0.506500}
w_d[381]	INPUT	w_d[381]	0.5065	{hold5578 BUFx2_ASAP7_75t_R A 0.506500}
w_d[382]	INPUT	w_d[382]	0.5065	{hold5806 BUFx2_ASAP7_75t_R A 0.506500}
w_d[383]	INPUT	w_d[383]	0.5065	{hold5585 BUFx2_ASAP7_75t_R A 0.506500}
w_d[384]	INPUT	w_d[384]	0.5065	{hold5539 BUFx2_ASAP7_75t_R A 0.506500}
w_d[385]	INPUT	w_d[385]	0.5065	{hold5483 BUFx2_ASAP7_75t_R A 0.506500}
w_d[386]	INPUT	w_d[386]	0.5065	{hold5486 BUFx2_ASAP7_75t_R A 0.506500}
w_d[387]	INPUT	w_d[387]	0.5065	{hold5570 BUFx2_ASAP7_75t_R A 0.506500}
w_d[388]	INPUT	w_d[388]	0.5065	{hold5574 BUFx2_ASAP7_75t_R A 0.506500}
w_d[389]	INPUT	w_d[389]	0.5065	{hold5586 BUFx2_ASAP7_75t_R A 0.506500}
w_d[38]	INPUT	w_d[38]	0.5065	{hold6943 BUFx2_ASAP7_75t_R A 0.506500}
w_d[390]	INPUT	w_d[390]	0.5065	{hold5988 BUFx2_ASAP7_75t_R A 0.506500}
w_d[391]	INPUT	w_d[391]	0.5065	{hold5587 BUFx2_ASAP7_75t_R A 0.506500}
w_d[392]	INPUT	w_d[392]	0.5065	{hold5381 BUFx2_ASAP7_75t_R A 0.506500}
w_d[393]	INPUT	w_d[393]	0.5065	{hold5444 BUFx2_ASAP7_75t_R A 0.506500}
w_d[394]	INPUT	w_d[394]	0.5065	{hold5399 BUFx2_ASAP7_75t_R A 0.506500}
w_d[395]	INPUT	w_d[395]	0.5065	{hold5339 BUFx2_ASAP7_75t_R A 0.506500}
w_d[396]	INPUT	w_d[396]	0.5065	{hold5476 BUFx2_ASAP7_75t_R A 0.506500}
w_d[397]	INPUT	w_d[397]	0.5065	{hold5347 BUFx2_ASAP7_75t_R A 0.506500}
w_d[398]	INPUT	w_d[398]	0.5065	{hold5413 BUFx2_ASAP7_75t_R A 0.506500}
w_d[399]	INPUT	w_d[399]	0.5065	{hold5300 BUFx2_ASAP7_75t_R A 0.506500}
w_d[39]	INPUT	w_d[39]	0.5065	{hold6195 BUFx2_ASAP7_75t_R A 0.506500}
w_d[3]	INPUT	w_d[3]	0.5065	{hold6069 BUFx2_ASAP7_75t_R A 0.506500}
w_d[400]	INPUT	w_d[400]	0.5065	{hold5302 BUFx2_ASAP7_75t_R A 0.506500}
w_d[401]	INPUT	w_d[401]	0.5065	{hold5565 BUFx2_ASAP7_75t_R A 0.506500}
w_d[402]	INPUT	w_d[402]	0.5065	{hold5373 BUFx2_ASAP7_75t_R A 0.506500}
w_d[403]	INPUT	w_d[403]	0.5065	{hold5623 BUFx2_ASAP7_75t_R A 0.506500}
w_d[404]	INPUT	w_d[404]	0.5065	{hold5409 BUFx2_ASAP7_75t_R A 0.506500}
w_d[405]	INPUT	w_d[405]	0.5065	{hold5452 BUFx2_ASAP7_75t_R A 0.506500}
w_d[406]	INPUT	w_d[406]	0.5065	{hold5653 BUFx2_ASAP7_75t_R A 0.506500}
w_d[407]	INPUT	w_d[407]	0.5065	{hold5507 BUFx2_ASAP7_75t_R A 0.506500}
w_d[408]	INPUT	w_d[408]	0.5065	{hold5541 BUFx2_ASAP7_75t_R A 0.506500}
w_d[409]	INPUT	w_d[409]	0.5065	{hold5548 BUFx2_ASAP7_75t_R A 0.506500}
w_d[40]	INPUT	w_d[40]	0.5065	{hold7052 BUFx2_ASAP7_75t_R A 0.506500}
w_d[410]	INPUT	w_d[410]	0.5065	{hold5365 BUFx2_ASAP7_75t_R A 0.506500}
w_d[411]	INPUT	w_d[411]	0.5065	{hold5521 BUFx2_ASAP7_75t_R A 0.506500}
w_d[412]	INPUT	w_d[412]	0.5065	{hold5657 BUFx2_ASAP7_75t_R A 0.506500}
w_d[413]	INPUT	w_d[413]	0.5065	{hold5667 BUFx2_ASAP7_75t_R A 0.506500}
w_d[414]	INPUT	w_d[414]	0.5065	{hold5540 BUFx2_ASAP7_75t_R A 0.506500}
w_d[415]	INPUT	w_d[415]	0.5065	{hold5630 BUFx2_ASAP7_75t_R A 0.506500}
w_d[416]	INPUT	w_d[416]	0.5065	{hold5522 BUFx2_ASAP7_75t_R A 0.506500}
w_d[417]	INPUT	w_d[417]	0.5065	{hold5430 BUFx2_ASAP7_75t_R A 0.506500}
w_d[418]	INPUT	w_d[418]	0.5065	{hold5912 BUFx2_ASAP7_75t_R A 0.506500}
w_d[419]	INPUT	w_d[419]	0.5065	{hold5635 BUFx2_ASAP7_75t_R A 0.506500}
w_d[41]	INPUT	w_d[41]	0.5065	{hold6351 BUFx2_ASAP7_75t_R A 0.506500}
w_d[420]	INPUT	w_d[420]	0.5065	{hold5634 BUFx2_ASAP7_75t_R A 0.506500}
w_d[421]	INPUT	w_d[421]	0.5065	{hold5719 BUFx2_ASAP7_75t_R A 0.506500}
w_d[422]	INPUT	w_d[422]	0.5065	{hold5720 BUFx2_ASAP7_75t_R A 0.506500}
w_d[423]	INPUT	w_d[423]	0.5065	{hold5916 BUFx2_ASAP7_75t_R A 0.506500}
w_d[424]	INPUT	w_d[424]	0.5065	{hold5594 BUFx2_ASAP7_75t_R A 0.506500}
w_d[425]	INPUT	w_d[425]	0.5065	{hold5872 BUFx2_ASAP7_75t_R A 0.506500}
w_d[426]	INPUT	w_d[426]	0.5065	{hold5526 BUFx2_ASAP7_75t_R A 0.506500}
w_d[427]	INPUT	w_d[427]	0.5065	{hold5584 BUFx2_ASAP7_75t_R A 0.506500}
w_d[428]	INPUT	w_d[428]	0.5065	{hold5535 BUFx2_ASAP7_75t_R A 0.506500}
w_d[429]	INPUT	w_d[429]	0.5065	{hold5390 BUFx2_ASAP7_75t_R A 0.506500}
w_d[42]	INPUT	w_d[42]	0.5065	{hold7110 BUFx2_ASAP7_75t_R A 0.506500}
w_d[430]	INPUT	w_d[430]	0.5065	{hold5498 BUFx2_ASAP7_75t_R A 0.506500}
w_d[431]	INPUT	w_d[431]	0.5065	{hold5494 BUFx2_ASAP7_75t_R A 0.506500}
w_d[432]	INPUT	w_d[432]	0.5065	{hold5471 BUFx2_ASAP7_75t_R A 0.506500}
w_d[433]	INPUT	w_d[433]	0.5065	{hold5423 BUFx2_ASAP7_75t_R A 0.506500}
w_d[434]	INPUT	w_d[434]	0.5065	{hold5401 BUFx2_ASAP7_75t_R A 0.506500}
w_d[435]	INPUT	w_d[435]	0.5065	{hold5386 BUFx2_ASAP7_75t_R A 0.506500}
w_d[436]	INPUT	w_d[436]	0.5065	{hold5583 BUFx2_ASAP7_75t_R A 0.506500}
w_d[437]	INPUT	w_d[437]	0.5065	{hold5354 BUFx2_ASAP7_75t_R A 0.506500}
w_d[438]	INPUT	w_d[438]	0.5065	{hold5432 BUFx2_ASAP7_75t_R A 0.506500}
w_d[439]	INPUT	w_d[439]	0.5065	{hold6823 BUFx2_ASAP7_75t_R A 0.506500}
w_d[43]	INPUT	w_d[43]	0.5065	{hold6488 BUFx2_ASAP7_75t_R A 0.506500}
w_d[440]	INPUT	w_d[440]	0.5065	{hold5500 BUFx2_ASAP7_75t_R A 0.506500}
w_d[441]	INPUT	w_d[441]	0.5065	{hold6803 BUFx2_ASAP7_75t_R A 0.506500}
w_d[442]	INPUT	w_d[442]	0.5065	{hold6653 BUFx2_ASAP7_75t_R A 0.506500}
w_d[443]	INPUT	w_d[443]	0.5065	{hold6655 BUFx2_ASAP7_75t_R A 0.506500}
w_d[444]	INPUT	w_d[444]	0.5065	{hold6825 BUFx2_ASAP7_75t_R A 0.506500}
w_d[445]	INPUT	w_d[445]	0.5065	{hold6660 BUFx2_ASAP7_75t_R A 0.506500}
w_d[446]	INPUT	w_d[446]	0.5065	{hold6685 BUFx2_ASAP7_75t_R A 0.506500}
w_d[447]	INPUT	w_d[447]	0.5065	{hold5608 BUFx2_ASAP7_75t_R A 0.506500}
w_d[448]	INPUT	w_d[448]	0.5065	{hold6023 BUFx2_ASAP7_75t_R A 0.506500}
w_d[449]	INPUT	w_d[449]	0.5065	{hold6374 BUFx2_ASAP7_75t_R A 0.506500}
w_d[44]	INPUT	w_d[44]	0.5065	{hold5914 BUFx2_ASAP7_75t_R A 0.506500}
w_d[450]	INPUT	w_d[450]	0.5065	{hold6322 BUFx2_ASAP7_75t_R A 0.506500}
w_d[451]	INPUT	w_d[451]	0.5065	{hold6089 BUFx2_ASAP7_75t_R A 0.506500}
w_d[452]	INPUT	w_d[452]	0.5065	{hold6288 BUFx2_ASAP7_75t_R A 0.506500}
w_d[453]	INPUT	w_d[453]	0.5065	{hold5895 BUFx2_ASAP7_75t_R A 0.506500}
w_d[454]	INPUT	w_d[454]	0.5065	{hold6437 BUFx2_ASAP7_75t_R A 0.506500}
w_d[455]	INPUT	w_d[455]	0.5065	{hold6050 BUFx2_ASAP7_75t_R A 0.506500}
w_d[456]	INPUT	w_d[456]	0.5065	{hold6005 BUFx2_ASAP7_75t_R A 0.506500}
w_d[457]	INPUT	w_d[457]	0.5065	{hold6304 BUFx2_ASAP7_75t_R A 0.506500}
w_d[458]	INPUT	w_d[458]	0.5065	{hold6041 BUFx2_ASAP7_75t_R A 0.506500}
w_d[459]	INPUT	w_d[459]	0.5065	{hold6027 BUFx2_ASAP7_75t_R A 0.506500}
w_d[45]	INPUT	w_d[45]	0.5065	{hold6016 BUFx2_ASAP7_75t_R A 0.506500}
w_d[460]	INPUT	w_d[460]	0.5065	{hold6237 BUFx2_ASAP7_75t_R A 0.506500}
w_d[461]	INPUT	w_d[461]	0.5065	{hold6202 BUFx2_ASAP7_75t_R A 0.506500}
w_d[462]	INPUT	w_d[462]	0.5065	{hold6839 BUFx2_ASAP7_75t_R A 0.506500}
w_d[463]	INPUT	w_d[463]	0.5065	{hold6748 BUFx2_ASAP7_75t_R A 0.506500}
w_d[464]	INPUT	w_d[464]	0.5065	{hold6779 BUFx2_ASAP7_75t_R A 0.506500}
w_d[465]	INPUT	w_d[465]	0.5065	{hold6248 BUFx2_ASAP7_75t_R A 0.506500}
w_d[466]	INPUT	w_d[466]	0.5065	{hold6215 BUFx2_ASAP7_75t_R A 0.506500}
w_d[467]	INPUT	w_d[467]	0.5065	{hold6141 BUFx2_ASAP7_75t_R A 0.506500}
w_d[468]	INPUT	w_d[468]	0.5065	{hold6404 BUFx2_ASAP7_75t_R A 0.506500}
w_d[469]	INPUT	w_d[469]	0.5065	{hold6487 BUFx2_ASAP7_75t_R A 0.506500}
w_d[46]	INPUT	w_d[46]	0.5065	{hold6054 BUFx2_ASAP7_75t_R A 0.506500}
w_d[470]	INPUT	w_d[470]	0.5065	{hold6326 BUFx2_ASAP7_75t_R A 0.506500}
w_d[471]	INPUT	w_d[471]	0.5065	{hold6399 BUFx2_ASAP7_75t_R A 0.506500}
w_d[472]	INPUT	w_d[472]	0.5065	{hold6096 BUFx2_ASAP7_75t_R A 0.506500}
w_d[473]	INPUT	w_d[473]	0.5065	{hold6384 BUFx2_ASAP7_75t_R A 0.506500}
w_d[474]	INPUT	w_d[474]	0.5065	{hold6094 BUFx2_ASAP7_75t_R A 0.506500}
w_d[475]	INPUT	w_d[475]	0.5065	{hold6866 BUFx2_ASAP7_75t_R A 0.506500}
w_d[476]	INPUT	w_d[476]	0.5065	{hold6532 BUFx2_ASAP7_75t_R A 0.506500}
w_d[477]	INPUT	w_d[477]	0.5065	{hold6130 BUFx2_ASAP7_75t_R A 0.506500}
w_d[478]	INPUT	w_d[478]	0.5065	{hold6233 BUFx2_ASAP7_75t_R A 0.506500}
w_d[479]	INPUT	w_d[479]	0.5065	{hold6115 BUFx2_ASAP7_75t_R A 0.506500}
w_d[47]	INPUT	w_d[47]	0.5065	{hold5741 BUFx2_ASAP7_75t_R A 0.506500}
w_d[480]	INPUT	w_d[480]	0.5065	{hold6045 BUFx2_ASAP7_75t_R A 0.506500}
w_d[481]	INPUT	w_d[481]	0.5065	{hold5917 BUFx2_ASAP7_75t_R A 0.506500}
w_d[482]	INPUT	w_d[482]	0.5065	{hold5989 BUFx2_ASAP7_75t_R A 0.506500}
w_d[483]	INPUT	w_d[483]	0.5065	{hold6294 BUFx2_ASAP7_75t_R A 0.506500}
w_d[484]	INPUT	w_d[484]	0.5065	{hold6046 BUFx2_ASAP7_75t_R A 0.506500}
w_d[485]	INPUT	w_d[485]	0.5065	{hold5687 BUFx2_ASAP7_75t_R A 0.506500}
w_d[486]	INPUT	w_d[486]	0.5065	{hold5820 BUFx2_ASAP7_75t_R A 0.506500}
w_d[487]	INPUT	w_d[487]	0.5065	{hold5780 BUFx2_ASAP7_75t_R A 0.506500}
w_d[488]	INPUT	w_d[488]	0.5065	{hold5652 BUFx2_ASAP7_75t_R A 0.506500}
w_d[489]	INPUT	w_d[489]	0.5065	{hold6108 BUFx2_ASAP7_75t_R A 0.506500}
w_d[48]	INPUT	w_d[48]	0.5065	{hold5905 BUFx2_ASAP7_75t_R A 0.506500}
w_d[490]	INPUT	w_d[490]	0.5065	{hold6196 BUFx2_ASAP7_75t_R A 0.506500}
w_d[491]	INPUT	w_d[491]	0.5065	{hold6434 BUFx2_ASAP7_75t_R A 0.506500}
w_d[492]	INPUT	w_d[492]	0.5065	{hold5566 BUFx2_ASAP7_75t_R A 0.506500}
w_d[493]	INPUT	w_d[493]	0.5065	{hold6804 BUFx2_ASAP7_75t_R A 0.506500}
w_d[494]	INPUT	w_d[494]	0.5065	{hold6611 BUFx2_ASAP7_75t_R A 0.506500}
w_d[495]	INPUT	w_d[495]	0.5065	{hold6463 BUFx2_ASAP7_75t_R A 0.506500}
w_d[496]	INPUT	w_d[496]	0.5065	{hold6309 BUFx2_ASAP7_75t_R A 0.506500}
w_d[497]	INPUT	w_d[497]	0.5065	{hold6553 BUFx2_ASAP7_75t_R A 0.506500}
w_d[498]	INPUT	w_d[498]	0.5065	{hold6822 BUFx2_ASAP7_75t_R A 0.506500}
w_d[499]	INPUT	w_d[499]	0.5065	{hold5995 BUFx2_ASAP7_75t_R A 0.506500}
w_d[49]	INPUT	w_d[49]	0.5065	{hold7017 BUFx2_ASAP7_75t_R A 0.506500}
w_d[4]	INPUT	w_d[4]	0.5065	{hold6376 BUFx2_ASAP7_75t_R A 0.506500}
w_d[500]	INPUT	w_d[500]	0.5065	{hold5830 BUFx2_ASAP7_75t_R A 0.506500}
w_d[501]	INPUT	w_d[501]	0.5065	{hold6497 BUFx2_ASAP7_75t_R A 0.506500}
w_d[502]	INPUT	w_d[502]	0.5065	{hold6990 BUFx2_ASAP7_75t_R A 0.506500}
w_d[503]	INPUT	w_d[503]	0.5065	{hold6959 BUFx2_ASAP7_75t_R A 0.506500}
w_d[504]	INPUT	w_d[504]	0.5065	{hold6927 BUFx2_ASAP7_75t_R A 0.506500}
w_d[505]	INPUT	w_d[505]	0.5065	{hold7076 BUFx2_ASAP7_75t_R A 0.506500}
w_d[506]	INPUT	w_d[506]	0.5065	{hold6287 BUFx2_ASAP7_75t_R A 0.506500}
w_d[507]	INPUT	w_d[507]	0.5065	{hold6931 BUFx2_ASAP7_75t_R A 0.506500}
w_d[508]	INPUT	w_d[508]	0.5065	{hold6717 BUFx2_ASAP7_75t_R A 0.506500}
w_d[509]	INPUT	w_d[509]	0.5065	{hold6123 BUFx2_ASAP7_75t_R A 0.506500}
w_d[50]	INPUT	w_d[50]	0.5065	{hold6206 BUFx2_ASAP7_75t_R A 0.506500}
w_d[510]	INPUT	w_d[510]	0.5065	{hold6881 BUFx2_ASAP7_75t_R A 0.506500}
w_d[511]	INPUT	w_d[511]	0.5065	{hold6627 BUFx2_ASAP7_75t_R A 0.506500}
w_d[51]	INPUT	w_d[51]	0.5065	{hold6628 BUFx2_ASAP7_75t_R A 0.506500}
w_d[52]	INPUT	w_d[52]	0.5065	{hold5932 BUFx2_ASAP7_75t_R A 0.506500}
w_d[53]	INPUT	w_d[53]	0.5065	{hold5762 BUFx2_ASAP7_75t_R A 0.506500}
w_d[54]	INPUT	w_d[54]	0.5065	{hold7126 BUFx2_ASAP7_75t_R A 0.506500}
w_d[55]	INPUT	w_d[55]	0.5065	{hold6606 BUFx2_ASAP7_75t_R A 0.506500}
w_d[56]	INPUT	w_d[56]	0.5065	{hold5969 BUFx2_ASAP7_75t_R A 0.506500}
w_d[57]	INPUT	w_d[57]	0.5065	{hold6845 BUFx2_ASAP7_75t_R A 0.506500}
w_d[58]	INPUT	w_d[58]	0.5065	{hold6255 BUFx2_ASAP7_75t_R A 0.506500}
w_d[59]	INPUT	w_d[59]	0.5065	{hold7145 BUFx2_ASAP7_75t_R A 0.506500}
w_d[5]	INPUT	w_d[5]	0.5065	{hold7148 BUFx2_ASAP7_75t_R A 0.506500}
w_d[60]	INPUT	w_d[60]	0.5065	{hold7135 BUFx2_ASAP7_75t_R A 0.506500}
w_d[61]	INPUT	w_d[61]	0.5065	{hold6843 BUFx2_ASAP7_75t_R A 0.506500}
w_d[62]	INPUT	w_d[62]	0.5065	{hold6472 BUFx2_ASAP7_75t_R A 0.506500}
w_d[63]	INPUT	w_d[63]	0.5065	{hold6327 BUFx2_ASAP7_75t_R A 0.506500}
w_d[64]	INPUT	w_d[64]	0.5065	{hold6256 BUFx2_ASAP7_75t_R A 0.506500}
w_d[65]	INPUT	w_d[65]	0.5065	{hold6201 BUFx2_ASAP7_75t_R A 0.506500}
w_d[66]	INPUT	w_d[66]	0.5065	{hold6695 BUFx2_ASAP7_75t_R A 0.506500}
w_d[67]	INPUT	w_d[67]	0.5065	{hold6489 BUFx2_ASAP7_75t_R A 0.506500}
w_d[68]	INPUT	w_d[68]	0.5065	{hold6152 BUFx2_ASAP7_75t_R A 0.506500}
w_d[69]	INPUT	w_d[69]	0.5065	{hold5928 BUFx2_ASAP7_75t_R A 0.506500}
w_d[6]	INPUT	w_d[6]	0.5065	{hold7143 BUFx2_ASAP7_75t_R A 0.506500}
w_d[70]	INPUT	w_d[70]	0.5065	{hold6119 BUFx2_ASAP7_75t_R A 0.506500}
w_d[71]	INPUT	w_d[71]	0.5065	{hold6540 BUFx2_ASAP7_75t_R A 0.506500}
w_d[72]	INPUT	w_d[72]	0.5065	{hold6576 BUFx2_ASAP7_75t_R A 0.506500}
w_d[73]	INPUT	w_d[73]	0.5065	{hold6292 BUFx2_ASAP7_75t_R A 0.506500}
w_d[74]	INPUT	w_d[74]	0.5065	{hold6299 BUFx2_ASAP7_75t_R A 0.506500}
w_d[75]	INPUT	w_d[75]	0.5065	{hold6445 BUFx2_ASAP7_75t_R A 0.506500}
w_d[76]	INPUT	w_d[76]	0.5065	{hold5784 BUFx2_ASAP7_75t_R A 0.506500}
w_d[77]	INPUT	w_d[77]	0.5065	{hold6179 BUFx2_ASAP7_75t_R A 0.506500}
w_d[78]	INPUT	w_d[78]	0.5065	{hold6093 BUFx2_ASAP7_75t_R A 0.506500}
w_d[79]	INPUT	w_d[79]	0.5065	{hold6183 BUFx2_ASAP7_75t_R A 0.506500}
w_d[7]	INPUT	w_d[7]	0.5065	{hold5836 BUFx2_ASAP7_75t_R A 0.506500}
w_d[80]	INPUT	w_d[80]	0.5065	{hold6314 BUFx2_ASAP7_75t_R A 0.506500}
w_d[81]	INPUT	w_d[81]	0.5065	{hold5859 BUFx2_ASAP7_75t_R A 0.506500}
w_d[82]	INPUT	w_d[82]	0.5065	{hold5964 BUFx2_ASAP7_75t_R A 0.506500}
w_d[83]	INPUT	w_d[83]	0.5065	{hold6191 BUFx2_ASAP7_75t_R A 0.506500}
w_d[84]	INPUT	w_d[84]	0.5065	{hold5745 BUFx2_ASAP7_75t_R A 0.506500}
w_d[85]	INPUT	w_d[85]	0.5065	{hold6599 BUFx2_ASAP7_75t_R A 0.506500}
w_d[86]	INPUT	w_d[86]	0.5065	{hold6380 BUFx2_ASAP7_75t_R A 0.506500}
w_d[87]	INPUT	w_d[87]	0.5065	{hold6760 BUFx2_ASAP7_75t_R A 0.506500}
w_d[88]	INPUT	w_d[88]	0.5065	{hold5832 BUFx2_ASAP7_75t_R A 0.506500}
w_d[89]	INPUT	w_d[89]	0.5065	{hold6788 BUFx2_ASAP7_75t_R A 0.506500}
w_d[8]	INPUT	w_d[8]	0.5065	{hold7146 BUFx2_ASAP7_75t_R A 0.506500}
w_d[90]	INPUT	w_d[90]	0.5065	{hold6131 BUFx2_ASAP7_75t_R A 0.506500}
w_d[91]	INPUT	w_d[91]	0.5065	{hold6293 BUFx2_ASAP7_75t_R A 0.506500}
w_d[92]	INPUT	w_d[92]	0.5065	{hold6391 BUFx2_ASAP7_75t_R A 0.506500}
w_d[93]	INPUT	w_d[93]	0.5065	{hold6249 BUFx2_ASAP7_75t_R A 0.506500}
w_d[94]	INPUT	w_d[94]	0.5065	{hold6564 BUFx2_ASAP7_75t_R A 0.506500}
w_d[95]	INPUT	w_d[95]	0.5065	{hold6103 BUFx2_ASAP7_75t_R A 0.506500}
w_d[96]	INPUT	w_d[96]	0.5065	{hold6153 BUFx2_ASAP7_75t_R A 0.506500}
w_d[97]	INPUT	w_d[97]	0.5065	{hold6549 BUFx2_ASAP7_75t_R A 0.506500}
w_d[98]	INPUT	w_d[98]	0.5065	{hold6117 BUFx2_ASAP7_75t_R A 0.506500}
w_d[99]	INPUT	w_d[99]	0.5065	{hold6329 BUFx2_ASAP7_75t_R A 0.506500}
w_d[9]	INPUT	w_d[9]	0.5065	{hold6696 BUFx2_ASAP7_75t_R A 0.506500}
w_fault	OUTPUT	w_fault	0	
w_live	OUTPUT	w_live	0	
w_rdy	OUTPUT	w_rdy	0	
w_v	INPUT	w_v	0.5065	{input515 BUFx2_ASAP7_75t_R A 0.506500}
wclk	INPUT	wclk	2.18565	{clkbuf_0_wclk BUFx24_ASAP7_75t_R A 2.185650}
wrst_n	INPUT	wrst_n	0.5065	{hold7154 BUFx2_ASAP7_75t_R A 0.506500}
VDD	INOUT	VDD	0	
VSS	INOUT	VSS	0	
