model,batch_size,tiles_per_reticle,local_topology,mesh_link_bytes_per_cycle,mesh_wire_cycles,broadcast_cycles,reduction_cycles,collective_cycles,collective_latency_s,serialization_lower_bound_cycles,local_depth,wafer_mesh_depth,tiles_total,critical_link_utilization
DeepSeek-V4-Flash-0731,1,16,exchange,128,1,109,182,291,2.91e-07,192,4,14,1024,0.6597938144329897
DeepSeek-V4-Flash-0731,1,16,exchange,128,2,123,196,319,3.19e-07,192,4,14,1024,0.6018808777429467
DeepSeek-V4-Flash-0731,1,16,exchange,128,4,151,224,375,3.75e-07,192,4,14,1024,0.512
DeepSeek-V4-Flash-0731,1,16,exchange,256,1,109,182,291,2.91e-07,96,4,14,1024,0.32989690721649484
DeepSeek-V4-Flash-0731,1,16,exchange,256,2,123,196,319,3.19e-07,96,4,14,1024,0.30094043887147337
DeepSeek-V4-Flash-0731,1,16,exchange,256,4,151,224,375,3.75e-07,96,4,14,1024,0.256
DeepSeek-V4-Flash-0731,1,16,exchange,512,1,109,182,291,2.91e-07,48,4,14,1024,0.16494845360824742
DeepSeek-V4-Flash-0731,1,16,exchange,512,2,123,196,319,3.19e-07,48,4,14,1024,0.15047021943573669
DeepSeek-V4-Flash-0731,1,16,exchange,512,4,151,224,375,3.75e-07,48,4,14,1024,0.128
DeepSeek-V4-Flash-0731,1,16,mesh,128,1,124,188,312,3.12e-07,192,6,14,1024,0.6153846153846154
DeepSeek-V4-Flash-0731,1,16,mesh,128,2,138,202,340,3.4e-07,192,6,14,1024,0.5647058823529412
DeepSeek-V4-Flash-0731,1,16,mesh,128,4,166,230,396,3.96e-07,192,6,14,1024,0.48484848484848486
DeepSeek-V4-Flash-0731,1,16,mesh,256,1,124,188,312,3.12e-07,96,6,14,1024,0.3076923076923077
DeepSeek-V4-Flash-0731,1,16,mesh,256,2,138,202,340,3.4e-07,96,6,14,1024,0.2823529411764706
DeepSeek-V4-Flash-0731,1,16,mesh,256,4,166,230,396,3.96e-07,96,6,14,1024,0.24242424242424243
DeepSeek-V4-Flash-0731,1,16,mesh,512,1,124,188,312,3.12e-07,48,6,14,1024,0.15384615384615385
DeepSeek-V4-Flash-0731,1,16,mesh,512,2,138,202,340,3.4e-07,48,6,14,1024,0.1411764705882353
DeepSeek-V4-Flash-0731,1,16,mesh,512,4,166,230,396,3.96e-07,48,6,14,1024,0.12121212121212122
DeepSeek-V4-Flash-0731,1,64,exchange,128,1,109,188,297,2.97e-07,192,6,14,4096,0.6464646464646465
DeepSeek-V4-Flash-0731,1,64,exchange,128,2,123,202,325,3.25e-07,192,6,14,4096,0.5907692307692308
DeepSeek-V4-Flash-0731,1,64,exchange,128,4,151,230,381,3.81e-07,192,6,14,4096,0.5039370078740157
DeepSeek-V4-Flash-0731,1,64,exchange,256,1,109,188,297,2.97e-07,96,6,14,4096,0.32323232323232326
DeepSeek-V4-Flash-0731,1,64,exchange,256,2,123,202,325,3.25e-07,96,6,14,4096,0.2953846153846154
DeepSeek-V4-Flash-0731,1,64,exchange,256,4,151,230,381,3.81e-07,96,6,14,4096,0.25196850393700787
DeepSeek-V4-Flash-0731,1,64,exchange,512,1,109,188,297,2.97e-07,48,6,14,4096,0.16161616161616163
DeepSeek-V4-Flash-0731,1,64,exchange,512,2,123,202,325,3.25e-07,48,6,14,4096,0.1476923076923077
DeepSeek-V4-Flash-0731,1,64,exchange,512,4,151,230,381,3.81e-07,48,6,14,4096,0.12598425196850394
DeepSeek-V4-Flash-0731,1,64,mesh,128,1,148,212,360,3.6e-07,192,14,14,4096,0.5333333333333333
DeepSeek-V4-Flash-0731,1,64,mesh,128,2,162,226,388,3.88e-07,192,14,14,4096,0.4948453608247423
DeepSeek-V4-Flash-0731,1,64,mesh,128,4,190,254,444,4.44e-07,192,14,14,4096,0.43243243243243246
DeepSeek-V4-Flash-0731,1,64,mesh,256,1,148,212,360,3.6e-07,96,14,14,4096,0.26666666666666666
DeepSeek-V4-Flash-0731,1,64,mesh,256,2,162,226,388,3.88e-07,96,14,14,4096,0.24742268041237114
DeepSeek-V4-Flash-0731,1,64,mesh,256,4,190,254,444,4.44e-07,96,14,14,4096,0.21621621621621623
DeepSeek-V4-Flash-0731,1,64,mesh,512,1,148,212,360,3.6e-07,48,14,14,4096,0.13333333333333333
DeepSeek-V4-Flash-0731,1,64,mesh,512,2,162,226,388,3.88e-07,48,14,14,4096,0.12371134020618557
DeepSeek-V4-Flash-0731,1,64,mesh,512,4,190,254,444,4.44e-07,48,14,14,4096,0.10810810810810811
DeepSeek-V4-Flash-0731,1,256,exchange,128,1,109,194,303,3.03e-07,192,8,14,16384,0.6336633663366337
DeepSeek-V4-Flash-0731,1,256,exchange,128,2,123,208,331,3.31e-07,192,8,14,16384,0.5800604229607251
DeepSeek-V4-Flash-0731,1,256,exchange,128,4,151,236,387,3.87e-07,192,8,14,16384,0.49612403100775193
DeepSeek-V4-Flash-0731,1,256,exchange,256,1,109,194,303,3.03e-07,96,8,14,16384,0.31683168316831684
DeepSeek-V4-Flash-0731,1,256,exchange,256,2,123,208,331,3.31e-07,96,8,14,16384,0.29003021148036257
DeepSeek-V4-Flash-0731,1,256,exchange,256,4,151,236,387,3.87e-07,96,8,14,16384,0.24806201550387597
DeepSeek-V4-Flash-0731,1,256,exchange,512,1,109,194,303,3.03e-07,48,8,14,16384,0.15841584158415842
DeepSeek-V4-Flash-0731,1,256,exchange,512,2,123,208,331,3.31e-07,48,8,14,16384,0.14501510574018128
DeepSeek-V4-Flash-0731,1,256,exchange,512,4,151,236,387,3.87e-07,48,8,14,16384,0.12403100775193798
DeepSeek-V4-Flash-0731,1,256,mesh,128,1,196,260,456,4.56e-07,192,30,14,16384,0.42105263157894735
DeepSeek-V4-Flash-0731,1,256,mesh,128,2,210,274,484,4.84e-07,192,30,14,16384,0.39669421487603307
DeepSeek-V4-Flash-0731,1,256,mesh,128,4,238,302,540,5.4e-07,192,30,14,16384,0.35555555555555557
DeepSeek-V4-Flash-0731,1,256,mesh,256,1,196,260,456,4.56e-07,96,30,14,16384,0.21052631578947367
DeepSeek-V4-Flash-0731,1,256,mesh,256,2,210,274,484,4.84e-07,96,30,14,16384,0.19834710743801653
DeepSeek-V4-Flash-0731,1,256,mesh,256,4,238,302,540,5.4e-07,96,30,14,16384,0.17777777777777778
DeepSeek-V4-Flash-0731,1,256,mesh,512,1,196,260,456,4.56e-07,48,30,14,16384,0.10526315789473684
DeepSeek-V4-Flash-0731,1,256,mesh,512,2,210,274,484,4.84e-07,48,30,14,16384,0.09917355371900827
DeepSeek-V4-Flash-0731,1,256,mesh,512,4,238,302,540,5.4e-07,48,30,14,16384,0.08888888888888889
DeepSeek-V4-Flash-0731,8,16,exchange,128,1,557,1078,1635,1.635e-06,1536,4,14,1024,0.9394495412844037
DeepSeek-V4-Flash-0731,8,16,exchange,128,2,571,1092,1663,1.663e-06,1536,4,14,1024,0.9236319903788335
DeepSeek-V4-Flash-0731,8,16,exchange,128,4,599,1120,1719,1.719e-06,1536,4,14,1024,0.893542757417103
DeepSeek-V4-Flash-0731,8,16,exchange,256,1,557,1078,1635,1.635e-06,768,4,14,1024,0.46972477064220186
DeepSeek-V4-Flash-0731,8,16,exchange,256,2,571,1092,1663,1.663e-06,768,4,14,1024,0.46181599518941674
DeepSeek-V4-Flash-0731,8,16,exchange,256,4,599,1120,1719,1.719e-06,768,4,14,1024,0.4467713787085515
DeepSeek-V4-Flash-0731,8,16,exchange,512,1,557,1078,1635,1.635e-06,384,4,14,1024,0.23486238532110093
DeepSeek-V4-Flash-0731,8,16,exchange,512,2,571,1092,1663,1.663e-06,384,4,14,1024,0.23090799759470837
DeepSeek-V4-Flash-0731,8,16,exchange,512,4,599,1120,1719,1.719e-06,384,4,14,1024,0.22338568935427575
DeepSeek-V4-Flash-0731,8,16,mesh,128,1,572,1084,1656,1.656e-06,1536,6,14,1024,0.927536231884058
DeepSeek-V4-Flash-0731,8,16,mesh,128,2,586,1098,1684,1.684e-06,1536,6,14,1024,0.9121140142517815
DeepSeek-V4-Flash-0731,8,16,mesh,128,4,614,1126,1740,1.74e-06,1536,6,14,1024,0.8827586206896552
DeepSeek-V4-Flash-0731,8,16,mesh,256,1,572,1084,1656,1.656e-06,768,6,14,1024,0.463768115942029
DeepSeek-V4-Flash-0731,8,16,mesh,256,2,586,1098,1684,1.684e-06,768,6,14,1024,0.45605700712589076
DeepSeek-V4-Flash-0731,8,16,mesh,256,4,614,1126,1740,1.74e-06,768,6,14,1024,0.4413793103448276
DeepSeek-V4-Flash-0731,8,16,mesh,512,1,572,1084,1656,1.656e-06,384,6,14,1024,0.2318840579710145
DeepSeek-V4-Flash-0731,8,16,mesh,512,2,586,1098,1684,1.684e-06,384,6,14,1024,0.22802850356294538
DeepSeek-V4-Flash-0731,8,16,mesh,512,4,614,1126,1740,1.74e-06,384,6,14,1024,0.2206896551724138
DeepSeek-V4-Flash-0731,8,64,exchange,128,1,557,1084,1641,1.641e-06,1536,6,14,4096,0.9360146252285192
DeepSeek-V4-Flash-0731,8,64,exchange,128,2,571,1098,1669,1.669e-06,1536,6,14,4096,0.920311563810665
DeepSeek-V4-Flash-0731,8,64,exchange,128,4,599,1126,1725,1.725e-06,1536,6,14,4096,0.8904347826086957
DeepSeek-V4-Flash-0731,8,64,exchange,256,1,557,1084,1641,1.641e-06,768,6,14,4096,0.4680073126142596
DeepSeek-V4-Flash-0731,8,64,exchange,256,2,571,1098,1669,1.669e-06,768,6,14,4096,0.4601557819053325
DeepSeek-V4-Flash-0731,8,64,exchange,256,4,599,1126,1725,1.725e-06,768,6,14,4096,0.44521739130434784
DeepSeek-V4-Flash-0731,8,64,exchange,512,1,557,1084,1641,1.641e-06,384,6,14,4096,0.2340036563071298
DeepSeek-V4-Flash-0731,8,64,exchange,512,2,571,1098,1669,1.669e-06,384,6,14,4096,0.23007789095266626
DeepSeek-V4-Flash-0731,8,64,exchange,512,4,599,1126,1725,1.725e-06,384,6,14,4096,0.22260869565217392
DeepSeek-V4-Flash-0731,8,64,mesh,128,1,596,1108,1704,1.704e-06,1536,14,14,4096,0.9014084507042254
DeepSeek-V4-Flash-0731,8,64,mesh,128,2,610,1122,1732,1.732e-06,1536,14,14,4096,0.8868360277136259
DeepSeek-V4-Flash-0731,8,64,mesh,128,4,638,1150,1788,1.788e-06,1536,14,14,4096,0.8590604026845637
DeepSeek-V4-Flash-0731,8,64,mesh,256,1,596,1108,1704,1.704e-06,768,14,14,4096,0.4507042253521127
DeepSeek-V4-Flash-0731,8,64,mesh,256,2,610,1122,1732,1.732e-06,768,14,14,4096,0.44341801385681295
DeepSeek-V4-Flash-0731,8,64,mesh,256,4,638,1150,1788,1.788e-06,768,14,14,4096,0.42953020134228187
DeepSeek-V4-Flash-0731,8,64,mesh,512,1,596,1108,1704,1.704e-06,384,14,14,4096,0.22535211267605634
DeepSeek-V4-Flash-0731,8,64,mesh,512,2,610,1122,1732,1.732e-06,384,14,14,4096,0.22170900692840648
DeepSeek-V4-Flash-0731,8,64,mesh,512,4,638,1150,1788,1.788e-06,384,14,14,4096,0.21476510067114093
DeepSeek-V4-Flash-0731,8,256,exchange,128,1,557,1090,1647,1.647e-06,1536,8,14,16384,0.9326047358834244
DeepSeek-V4-Flash-0731,8,256,exchange,128,2,571,1104,1675,1.675e-06,1536,8,14,16384,0.9170149253731343
DeepSeek-V4-Flash-0731,8,256,exchange,128,4,599,1132,1731,1.731e-06,1536,8,14,16384,0.8873483535528596
DeepSeek-V4-Flash-0731,8,256,exchange,256,1,557,1090,1647,1.647e-06,768,8,14,16384,0.4663023679417122
DeepSeek-V4-Flash-0731,8,256,exchange,256,2,571,1104,1675,1.675e-06,768,8,14,16384,0.45850746268656717
DeepSeek-V4-Flash-0731,8,256,exchange,256,4,599,1132,1731,1.731e-06,768,8,14,16384,0.4436741767764298
DeepSeek-V4-Flash-0731,8,256,exchange,512,1,557,1090,1647,1.647e-06,384,8,14,16384,0.2331511839708561
DeepSeek-V4-Flash-0731,8,256,exchange,512,2,571,1104,1675,1.675e-06,384,8,14,16384,0.22925373134328358
DeepSeek-V4-Flash-0731,8,256,exchange,512,4,599,1132,1731,1.731e-06,384,8,14,16384,0.2218370883882149
DeepSeek-V4-Flash-0731,8,256,mesh,128,1,644,1156,1800,1.8e-06,1536,30,14,16384,0.8533333333333334
DeepSeek-V4-Flash-0731,8,256,mesh,128,2,658,1170,1828,1.828e-06,1536,30,14,16384,0.8402625820568927
DeepSeek-V4-Flash-0731,8,256,mesh,128,4,686,1198,1884,1.884e-06,1536,30,14,16384,0.8152866242038217
DeepSeek-V4-Flash-0731,8,256,mesh,256,1,644,1156,1800,1.8e-06,768,30,14,16384,0.4266666666666667
DeepSeek-V4-Flash-0731,8,256,mesh,256,2,658,1170,1828,1.828e-06,768,30,14,16384,0.4201312910284464
DeepSeek-V4-Flash-0731,8,256,mesh,256,4,686,1198,1884,1.884e-06,768,30,14,16384,0.40764331210191085
DeepSeek-V4-Flash-0731,8,256,mesh,512,1,644,1156,1800,1.8e-06,384,30,14,16384,0.21333333333333335
DeepSeek-V4-Flash-0731,8,256,mesh,512,2,658,1170,1828,1.828e-06,384,30,14,16384,0.2100656455142232
DeepSeek-V4-Flash-0731,8,256,mesh,512,4,686,1198,1884,1.884e-06,384,30,14,16384,0.20382165605095542
DeepSeek-V4-Flash-0731,64,16,exchange,128,1,4141,8246,12387,1.2387e-05,12288,4,14,1024,0.9920077500605473
DeepSeek-V4-Flash-0731,64,16,exchange,128,2,4155,8260,12415,1.2415e-05,12288,4,14,1024,0.9897704389850986
DeepSeek-V4-Flash-0731,64,16,exchange,128,4,4183,8288,12471,1.2471e-05,12288,4,14,1024,0.9853259562184268
DeepSeek-V4-Flash-0731,64,16,exchange,256,1,4141,8246,12387,1.2387e-05,6144,4,14,1024,0.49600387503027366
DeepSeek-V4-Flash-0731,64,16,exchange,256,2,4155,8260,12415,1.2415e-05,6144,4,14,1024,0.4948852194925493
DeepSeek-V4-Flash-0731,64,16,exchange,256,4,4183,8288,12471,1.2471e-05,6144,4,14,1024,0.4926629781092134
DeepSeek-V4-Flash-0731,64,16,exchange,512,1,4141,8246,12387,1.2387e-05,3072,4,14,1024,0.24800193751513683
DeepSeek-V4-Flash-0731,64,16,exchange,512,2,4155,8260,12415,1.2415e-05,3072,4,14,1024,0.24744260974627466
DeepSeek-V4-Flash-0731,64,16,exchange,512,4,4183,8288,12471,1.2471e-05,3072,4,14,1024,0.2463314890546067
DeepSeek-V4-Flash-0731,64,16,mesh,128,1,4156,8252,12408,1.2408e-05,12288,6,14,1024,0.9903288201160542
DeepSeek-V4-Flash-0731,64,16,mesh,128,2,4170,8266,12436,1.2436e-05,12288,6,14,1024,0.9880990672241878
DeepSeek-V4-Flash-0731,64,16,mesh,128,4,4198,8294,12492,1.2492e-05,12288,6,14,1024,0.983669548511047
DeepSeek-V4-Flash-0731,64,16,mesh,256,1,4156,8252,12408,1.2408e-05,6144,6,14,1024,0.4951644100580271
DeepSeek-V4-Flash-0731,64,16,mesh,256,2,4170,8266,12436,1.2436e-05,6144,6,14,1024,0.4940495336120939
DeepSeek-V4-Flash-0731,64,16,mesh,256,4,4198,8294,12492,1.2492e-05,6144,6,14,1024,0.4918347742555235
DeepSeek-V4-Flash-0731,64,16,mesh,512,1,4156,8252,12408,1.2408e-05,3072,6,14,1024,0.24758220502901354
DeepSeek-V4-Flash-0731,64,16,mesh,512,2,4170,8266,12436,1.2436e-05,3072,6,14,1024,0.24702476680604696
DeepSeek-V4-Flash-0731,64,16,mesh,512,4,4198,8294,12492,1.2492e-05,3072,6,14,1024,0.24591738712776176
DeepSeek-V4-Flash-0731,64,64,exchange,128,1,4141,8252,12393,1.2393e-05,12288,6,14,4096,0.9915274751876059
DeepSeek-V4-Flash-0731,64,64,exchange,128,2,4155,8266,12421,1.2421e-05,12288,6,14,4096,0.9892923275098623
DeepSeek-V4-Flash-0731,64,64,exchange,128,4,4183,8294,12477,1.2477e-05,12288,6,14,4096,0.9848521279153643
DeepSeek-V4-Flash-0731,64,64,exchange,256,1,4141,8252,12393,1.2393e-05,6144,6,14,4096,0.49576373759380293
DeepSeek-V4-Flash-0731,64,64,exchange,256,2,4155,8266,12421,1.2421e-05,6144,6,14,4096,0.49464616375493115
DeepSeek-V4-Flash-0731,64,64,exchange,256,4,4183,8294,12477,1.2477e-05,6144,6,14,4096,0.4924260639576821
DeepSeek-V4-Flash-0731,64,64,exchange,512,1,4141,8252,12393,1.2393e-05,3072,6,14,4096,0.24788186879690147
DeepSeek-V4-Flash-0731,64,64,exchange,512,2,4155,8266,12421,1.2421e-05,3072,6,14,4096,0.24732308187746557
DeepSeek-V4-Flash-0731,64,64,exchange,512,4,4183,8294,12477,1.2477e-05,3072,6,14,4096,0.24621303197884106
DeepSeek-V4-Flash-0731,64,64,mesh,128,1,4180,8276,12456,1.2456e-05,12288,14,14,4096,0.9865125240847784
DeepSeek-V4-Flash-0731,64,64,mesh,128,2,4194,8290,12484,1.2484e-05,12288,14,14,4096,0.9842999038769625
DeepSeek-V4-Flash-0731,64,64,mesh,128,4,4222,8318,12540,1.254e-05,12288,14,14,4096,0.9799043062200957
DeepSeek-V4-Flash-0731,64,64,mesh,256,1,4180,8276,12456,1.2456e-05,6144,14,14,4096,0.4932562620423892
DeepSeek-V4-Flash-0731,64,64,mesh,256,2,4194,8290,12484,1.2484e-05,6144,14,14,4096,0.49214995193848127
DeepSeek-V4-Flash-0731,64,64,mesh,256,4,4222,8318,12540,1.254e-05,6144,14,14,4096,0.48995215311004786
DeepSeek-V4-Flash-0731,64,64,mesh,512,1,4180,8276,12456,1.2456e-05,3072,14,14,4096,0.2466281310211946
DeepSeek-V4-Flash-0731,64,64,mesh,512,2,4194,8290,12484,1.2484e-05,3072,14,14,4096,0.24607497596924063
DeepSeek-V4-Flash-0731,64,64,mesh,512,4,4222,8318,12540,1.254e-05,3072,14,14,4096,0.24497607655502393
DeepSeek-V4-Flash-0731,64,256,exchange,128,1,4141,8258,12399,1.2399e-05,12288,8,14,16384,0.991047665134285
DeepSeek-V4-Flash-0731,64,256,exchange,128,2,4155,8272,12427,1.2427e-05,12288,8,14,16384,0.9888146777178723
DeepSeek-V4-Flash-0731,64,256,exchange,128,4,4183,8300,12483,1.2483e-05,12288,8,14,16384,0.9843787551069454
DeepSeek-V4-Flash-0731,64,256,exchange,256,1,4141,8258,12399,1.2399e-05,6144,8,14,16384,0.4955238325671425
DeepSeek-V4-Flash-0731,64,256,exchange,256,2,4155,8272,12427,1.2427e-05,6144,8,14,16384,0.4944073388589362
DeepSeek-V4-Flash-0731,64,256,exchange,256,4,4183,8300,12483,1.2483e-05,6144,8,14,16384,0.4921893775534727
DeepSeek-V4-Flash-0731,64,256,exchange,512,1,4141,8258,12399,1.2399e-05,3072,8,14,16384,0.24776191628357125
DeepSeek-V4-Flash-0731,64,256,exchange,512,2,4155,8272,12427,1.2427e-05,3072,8,14,16384,0.2472036694294681
DeepSeek-V4-Flash-0731,64,256,exchange,512,4,4183,8300,12483,1.2483e-05,3072,8,14,16384,0.24609468877673635
DeepSeek-V4-Flash-0731,64,256,mesh,128,1,4228,8324,12552,1.2552e-05,12288,30,14,16384,0.9789674952198852
DeepSeek-V4-Flash-0731,64,256,mesh,128,2,4242,8338,12580,1.258e-05,12288,30,14,16384,0.9767885532591415
DeepSeek-V4-Flash-0731,64,256,mesh,128,4,4270,8366,12636,1.2636e-05,12288,30,14,16384,0.9724596391263058
DeepSeek-V4-Flash-0731,64,256,mesh,256,1,4228,8324,12552,1.2552e-05,6144,30,14,16384,0.4894837476099426
DeepSeek-V4-Flash-0731,64,256,mesh,256,2,4242,8338,12580,1.258e-05,6144,30,14,16384,0.48839427662957074
DeepSeek-V4-Flash-0731,64,256,mesh,256,4,4270,8366,12636,1.2636e-05,6144,30,14,16384,0.4862298195631529
DeepSeek-V4-Flash-0731,64,256,mesh,512,1,4228,8324,12552,1.2552e-05,3072,30,14,16384,0.2447418738049713
DeepSeek-V4-Flash-0731,64,256,mesh,512,2,4242,8338,12580,1.258e-05,3072,30,14,16384,0.24419713831478537
DeepSeek-V4-Flash-0731,64,256,mesh,512,4,4270,8366,12636,1.2636e-05,3072,30,14,16384,0.24311490978157646
DeepSeek-V4-Pro-0813,1,16,exchange,128,1,157,278,435,4.35e-07,336,4,14,1024,0.7724137931034483
DeepSeek-V4-Pro-0813,1,16,exchange,128,2,171,292,463,4.63e-07,336,4,14,1024,0.7257019438444925
DeepSeek-V4-Pro-0813,1,16,exchange,128,4,199,320,519,5.19e-07,336,4,14,1024,0.6473988439306358
DeepSeek-V4-Pro-0813,1,16,exchange,256,1,157,278,435,4.35e-07,168,4,14,1024,0.38620689655172413
DeepSeek-V4-Pro-0813,1,16,exchange,256,2,171,292,463,4.63e-07,168,4,14,1024,0.36285097192224625
DeepSeek-V4-Pro-0813,1,16,exchange,256,4,199,320,519,5.19e-07,168,4,14,1024,0.3236994219653179
DeepSeek-V4-Pro-0813,1,16,exchange,512,1,157,278,435,4.35e-07,84,4,14,1024,0.19310344827586207
DeepSeek-V4-Pro-0813,1,16,exchange,512,2,171,292,463,4.63e-07,84,4,14,1024,0.18142548596112312
DeepSeek-V4-Pro-0813,1,16,exchange,512,4,199,320,519,5.19e-07,84,4,14,1024,0.16184971098265896
DeepSeek-V4-Pro-0813,1,16,mesh,128,1,172,284,456,4.56e-07,336,6,14,1024,0.7368421052631579
DeepSeek-V4-Pro-0813,1,16,mesh,128,2,186,298,484,4.84e-07,336,6,14,1024,0.6942148760330579
DeepSeek-V4-Pro-0813,1,16,mesh,128,4,214,326,540,5.4e-07,336,6,14,1024,0.6222222222222222
DeepSeek-V4-Pro-0813,1,16,mesh,256,1,172,284,456,4.56e-07,168,6,14,1024,0.3684210526315789
DeepSeek-V4-Pro-0813,1,16,mesh,256,2,186,298,484,4.84e-07,168,6,14,1024,0.34710743801652894
DeepSeek-V4-Pro-0813,1,16,mesh,256,4,214,326,540,5.4e-07,168,6,14,1024,0.3111111111111111
DeepSeek-V4-Pro-0813,1,16,mesh,512,1,172,284,456,4.56e-07,84,6,14,1024,0.18421052631578946
DeepSeek-V4-Pro-0813,1,16,mesh,512,2,186,298,484,4.84e-07,84,6,14,1024,0.17355371900826447
DeepSeek-V4-Pro-0813,1,16,mesh,512,4,214,326,540,5.4e-07,84,6,14,1024,0.15555555555555556
DeepSeek-V4-Pro-0813,1,64,exchange,128,1,157,284,441,4.41e-07,336,6,14,4096,0.7619047619047619
DeepSeek-V4-Pro-0813,1,64,exchange,128,2,171,298,469,4.69e-07,336,6,14,4096,0.7164179104477612
DeepSeek-V4-Pro-0813,1,64,exchange,128,4,199,326,525,5.25e-07,336,6,14,4096,0.64
DeepSeek-V4-Pro-0813,1,64,exchange,256,1,157,284,441,4.41e-07,168,6,14,4096,0.38095238095238093
DeepSeek-V4-Pro-0813,1,64,exchange,256,2,171,298,469,4.69e-07,168,6,14,4096,0.3582089552238806
DeepSeek-V4-Pro-0813,1,64,exchange,256,4,199,326,525,5.25e-07,168,6,14,4096,0.32
DeepSeek-V4-Pro-0813,1,64,exchange,512,1,157,284,441,4.41e-07,84,6,14,4096,0.19047619047619047
DeepSeek-V4-Pro-0813,1,64,exchange,512,2,171,298,469,4.69e-07,84,6,14,4096,0.1791044776119403
DeepSeek-V4-Pro-0813,1,64,exchange,512,4,199,326,525,5.25e-07,84,6,14,4096,0.16
DeepSeek-V4-Pro-0813,1,64,mesh,128,1,196,308,504,5.04e-07,336,14,14,4096,0.6666666666666666
DeepSeek-V4-Pro-0813,1,64,mesh,128,2,210,322,532,5.32e-07,336,14,14,4096,0.631578947368421
DeepSeek-V4-Pro-0813,1,64,mesh,128,4,238,350,588,5.88e-07,336,14,14,4096,0.5714285714285714
DeepSeek-V4-Pro-0813,1,64,mesh,256,1,196,308,504,5.04e-07,168,14,14,4096,0.3333333333333333
DeepSeek-V4-Pro-0813,1,64,mesh,256,2,210,322,532,5.32e-07,168,14,14,4096,0.3157894736842105
DeepSeek-V4-Pro-0813,1,64,mesh,256,4,238,350,588,5.88e-07,168,14,14,4096,0.2857142857142857
DeepSeek-V4-Pro-0813,1,64,mesh,512,1,196,308,504,5.04e-07,84,14,14,4096,0.16666666666666666
DeepSeek-V4-Pro-0813,1,64,mesh,512,2,210,322,532,5.32e-07,84,14,14,4096,0.15789473684210525
DeepSeek-V4-Pro-0813,1,64,mesh,512,4,238,350,588,5.88e-07,84,14,14,4096,0.14285714285714285
DeepSeek-V4-Pro-0813,1,256,exchange,128,1,157,290,447,4.47e-07,336,8,14,16384,0.7516778523489933
DeepSeek-V4-Pro-0813,1,256,exchange,128,2,171,304,475,4.75e-07,336,8,14,16384,0.7073684210526315
DeepSeek-V4-Pro-0813,1,256,exchange,128,4,199,332,531,5.31e-07,336,8,14,16384,0.632768361581921
DeepSeek-V4-Pro-0813,1,256,exchange,256,1,157,290,447,4.47e-07,168,8,14,16384,0.37583892617449666
DeepSeek-V4-Pro-0813,1,256,exchange,256,2,171,304,475,4.75e-07,168,8,14,16384,0.35368421052631577
DeepSeek-V4-Pro-0813,1,256,exchange,256,4,199,332,531,5.31e-07,168,8,14,16384,0.3163841807909605
DeepSeek-V4-Pro-0813,1,256,exchange,512,1,157,290,447,4.47e-07,84,8,14,16384,0.18791946308724833
DeepSeek-V4-Pro-0813,1,256,exchange,512,2,171,304,475,4.75e-07,84,8,14,16384,0.17684210526315788
DeepSeek-V4-Pro-0813,1,256,exchange,512,4,199,332,531,5.31e-07,84,8,14,16384,0.15819209039548024
DeepSeek-V4-Pro-0813,1,256,mesh,128,1,244,356,600,6e-07,336,30,14,16384,0.56
DeepSeek-V4-Pro-0813,1,256,mesh,128,2,258,370,628,6.28e-07,336,30,14,16384,0.535031847133758
DeepSeek-V4-Pro-0813,1,256,mesh,128,4,286,398,684,6.84e-07,336,30,14,16384,0.49122807017543857
DeepSeek-V4-Pro-0813,1,256,mesh,256,1,244,356,600,6e-07,168,30,14,16384,0.28
DeepSeek-V4-Pro-0813,1,256,mesh,256,2,258,370,628,6.28e-07,168,30,14,16384,0.267515923566879
DeepSeek-V4-Pro-0813,1,256,mesh,256,4,286,398,684,6.84e-07,168,30,14,16384,0.24561403508771928
DeepSeek-V4-Pro-0813,1,256,mesh,512,1,244,356,600,6e-07,84,30,14,16384,0.14
DeepSeek-V4-Pro-0813,1,256,mesh,512,2,258,370,628,6.28e-07,84,30,14,16384,0.1337579617834395
DeepSeek-V4-Pro-0813,1,256,mesh,512,4,286,398,684,6.84e-07,84,30,14,16384,0.12280701754385964
DeepSeek-V4-Pro-0813,8,16,exchange,128,1,941,1846,2787,2.787e-06,2688,4,14,1024,0.9644779332615716
DeepSeek-V4-Pro-0813,8,16,exchange,128,2,955,1860,2815,2.815e-06,2688,4,14,1024,0.9548845470692717
DeepSeek-V4-Pro-0813,8,16,exchange,128,4,983,1888,2871,2.871e-06,2688,4,14,1024,0.9362591431556949
DeepSeek-V4-Pro-0813,8,16,exchange,256,1,941,1846,2787,2.787e-06,1344,4,14,1024,0.4822389666307858
DeepSeek-V4-Pro-0813,8,16,exchange,256,2,955,1860,2815,2.815e-06,1344,4,14,1024,0.47744227353463586
DeepSeek-V4-Pro-0813,8,16,exchange,256,4,983,1888,2871,2.871e-06,1344,4,14,1024,0.46812957157784746
DeepSeek-V4-Pro-0813,8,16,exchange,512,1,941,1846,2787,2.787e-06,672,4,14,1024,0.2411194833153929
DeepSeek-V4-Pro-0813,8,16,exchange,512,2,955,1860,2815,2.815e-06,672,4,14,1024,0.23872113676731793
DeepSeek-V4-Pro-0813,8,16,exchange,512,4,983,1888,2871,2.871e-06,672,4,14,1024,0.23406478578892373
DeepSeek-V4-Pro-0813,8,16,mesh,128,1,956,1852,2808,2.808e-06,2688,6,14,1024,0.9572649572649573
DeepSeek-V4-Pro-0813,8,16,mesh,128,2,970,1866,2836,2.836e-06,2688,6,14,1024,0.9478138222849083
DeepSeek-V4-Pro-0813,8,16,mesh,128,4,998,1894,2892,2.892e-06,2688,6,14,1024,0.9294605809128631
DeepSeek-V4-Pro-0813,8,16,mesh,256,1,956,1852,2808,2.808e-06,1344,6,14,1024,0.47863247863247865
DeepSeek-V4-Pro-0813,8,16,mesh,256,2,970,1866,2836,2.836e-06,1344,6,14,1024,0.47390691114245415
DeepSeek-V4-Pro-0813,8,16,mesh,256,4,998,1894,2892,2.892e-06,1344,6,14,1024,0.46473029045643155
DeepSeek-V4-Pro-0813,8,16,mesh,512,1,956,1852,2808,2.808e-06,672,6,14,1024,0.23931623931623933
DeepSeek-V4-Pro-0813,8,16,mesh,512,2,970,1866,2836,2.836e-06,672,6,14,1024,0.23695345557122707
DeepSeek-V4-Pro-0813,8,16,mesh,512,4,998,1894,2892,2.892e-06,672,6,14,1024,0.23236514522821577
DeepSeek-V4-Pro-0813,8,64,exchange,128,1,941,1852,2793,2.793e-06,2688,6,14,4096,0.9624060150375939
DeepSeek-V4-Pro-0813,8,64,exchange,128,2,955,1866,2821,2.821e-06,2688,6,14,4096,0.9528535980148883
DeepSeek-V4-Pro-0813,8,64,exchange,128,4,983,1894,2877,2.877e-06,2688,6,14,4096,0.9343065693430657
DeepSeek-V4-Pro-0813,8,64,exchange,256,1,941,1852,2793,2.793e-06,1344,6,14,4096,0.48120300751879697
DeepSeek-V4-Pro-0813,8,64,exchange,256,2,955,1866,2821,2.821e-06,1344,6,14,4096,0.47642679900744417
DeepSeek-V4-Pro-0813,8,64,exchange,256,4,983,1894,2877,2.877e-06,1344,6,14,4096,0.46715328467153283
DeepSeek-V4-Pro-0813,8,64,exchange,512,1,941,1852,2793,2.793e-06,672,6,14,4096,0.24060150375939848
DeepSeek-V4-Pro-0813,8,64,exchange,512,2,955,1866,2821,2.821e-06,672,6,14,4096,0.23821339950372208
DeepSeek-V4-Pro-0813,8,64,exchange,512,4,983,1894,2877,2.877e-06,672,6,14,4096,0.23357664233576642
DeepSeek-V4-Pro-0813,8,64,mesh,128,1,980,1876,2856,2.856e-06,2688,14,14,4096,0.9411764705882353
DeepSeek-V4-Pro-0813,8,64,mesh,128,2,994,1890,2884,2.884e-06,2688,14,14,4096,0.9320388349514563
DeepSeek-V4-Pro-0813,8,64,mesh,128,4,1022,1918,2940,2.94e-06,2688,14,14,4096,0.9142857142857143
DeepSeek-V4-Pro-0813,8,64,mesh,256,1,980,1876,2856,2.856e-06,1344,14,14,4096,0.47058823529411764
DeepSeek-V4-Pro-0813,8,64,mesh,256,2,994,1890,2884,2.884e-06,1344,14,14,4096,0.46601941747572817
DeepSeek-V4-Pro-0813,8,64,mesh,256,4,1022,1918,2940,2.94e-06,1344,14,14,4096,0.45714285714285713
DeepSeek-V4-Pro-0813,8,64,mesh,512,1,980,1876,2856,2.856e-06,672,14,14,4096,0.23529411764705882
DeepSeek-V4-Pro-0813,8,64,mesh,512,2,994,1890,2884,2.884e-06,672,14,14,4096,0.23300970873786409
DeepSeek-V4-Pro-0813,8,64,mesh,512,4,1022,1918,2940,2.94e-06,672,14,14,4096,0.22857142857142856
DeepSeek-V4-Pro-0813,8,256,exchange,128,1,941,1858,2799,2.799e-06,2688,8,14,16384,0.9603429796355841
DeepSeek-V4-Pro-0813,8,256,exchange,128,2,955,1872,2827,2.827e-06,2688,8,14,16384,0.9508312698974177
DeepSeek-V4-Pro-0813,8,256,exchange,128,4,983,1900,2883,2.883e-06,2688,8,14,16384,0.9323621227887617
DeepSeek-V4-Pro-0813,8,256,exchange,256,1,941,1858,2799,2.799e-06,1344,8,14,16384,0.48017148981779206
DeepSeek-V4-Pro-0813,8,256,exchange,256,2,955,1872,2827,2.827e-06,1344,8,14,16384,0.47541563494870887
DeepSeek-V4-Pro-0813,8,256,exchange,256,4,983,1900,2883,2.883e-06,1344,8,14,16384,0.46618106139438087
DeepSeek-V4-Pro-0813,8,256,exchange,512,1,941,1858,2799,2.799e-06,672,8,14,16384,0.24008574490889603
DeepSeek-V4-Pro-0813,8,256,exchange,512,2,955,1872,2827,2.827e-06,672,8,14,16384,0.23770781747435443
DeepSeek-V4-Pro-0813,8,256,exchange,512,4,983,1900,2883,2.883e-06,672,8,14,16384,0.23309053069719043
DeepSeek-V4-Pro-0813,8,256,mesh,128,1,1028,1924,2952,2.952e-06,2688,30,14,16384,0.9105691056910569
DeepSeek-V4-Pro-0813,8,256,mesh,128,2,1042,1938,2980,2.98e-06,2688,30,14,16384,0.9020134228187919
DeepSeek-V4-Pro-0813,8,256,mesh,128,4,1070,1966,3036,3.036e-06,2688,30,14,16384,0.8853754940711462
DeepSeek-V4-Pro-0813,8,256,mesh,256,1,1028,1924,2952,2.952e-06,1344,30,14,16384,0.45528455284552843
DeepSeek-V4-Pro-0813,8,256,mesh,256,2,1042,1938,2980,2.98e-06,1344,30,14,16384,0.45100671140939597
DeepSeek-V4-Pro-0813,8,256,mesh,256,4,1070,1966,3036,3.036e-06,1344,30,14,16384,0.4426877470355731
DeepSeek-V4-Pro-0813,8,256,mesh,512,1,1028,1924,2952,2.952e-06,672,30,14,16384,0.22764227642276422
DeepSeek-V4-Pro-0813,8,256,mesh,512,2,1042,1938,2980,2.98e-06,672,30,14,16384,0.22550335570469798
DeepSeek-V4-Pro-0813,8,256,mesh,512,4,1070,1966,3036,3.036e-06,672,30,14,16384,0.22134387351778656
DeepSeek-V4-Pro-0813,64,16,exchange,128,1,7213,14390,21603,2.1603e-05,21504,4,14,1024,0.99541730315234
DeepSeek-V4-Pro-0813,64,16,exchange,128,2,7227,14404,21631,2.1631e-05,21504,4,14,1024,0.9941287966344599
DeepSeek-V4-Pro-0813,64,16,exchange,128,4,7255,14432,21687,2.1687e-05,21504,4,14,1024,0.9915617651127403
DeepSeek-V4-Pro-0813,64,16,exchange,256,1,7213,14390,21603,2.1603e-05,10752,4,14,1024,0.49770865157617
DeepSeek-V4-Pro-0813,64,16,exchange,256,2,7227,14404,21631,2.1631e-05,10752,4,14,1024,0.4970643983172299
DeepSeek-V4-Pro-0813,64,16,exchange,256,4,7255,14432,21687,2.1687e-05,10752,4,14,1024,0.49578088255637015
DeepSeek-V4-Pro-0813,64,16,exchange,512,1,7213,14390,21603,2.1603e-05,5376,4,14,1024,0.248854325788085
DeepSeek-V4-Pro-0813,64,16,exchange,512,2,7227,14404,21631,2.1631e-05,5376,4,14,1024,0.24853219915861496
DeepSeek-V4-Pro-0813,64,16,exchange,512,4,7255,14432,21687,2.1687e-05,5376,4,14,1024,0.24789044127818508
DeepSeek-V4-Pro-0813,64,16,mesh,128,1,7228,14396,21624,2.1624e-05,21504,6,14,1024,0.9944506104328524
DeepSeek-V4-Pro-0813,64,16,mesh,128,2,7242,14410,21652,2.1652e-05,21504,6,14,1024,0.9931646037317569
DeepSeek-V4-Pro-0813,64,16,mesh,128,4,7270,14438,21708,2.1708e-05,21504,6,14,1024,0.9906025428413489
DeepSeek-V4-Pro-0813,64,16,mesh,256,1,7228,14396,21624,2.1624e-05,10752,6,14,1024,0.4972253052164262
DeepSeek-V4-Pro-0813,64,16,mesh,256,2,7242,14410,21652,2.1652e-05,10752,6,14,1024,0.49658230186587843
DeepSeek-V4-Pro-0813,64,16,mesh,256,4,7270,14438,21708,2.1708e-05,10752,6,14,1024,0.4953012714206744
DeepSeek-V4-Pro-0813,64,16,mesh,512,1,7228,14396,21624,2.1624e-05,5376,6,14,1024,0.2486126526082131
DeepSeek-V4-Pro-0813,64,16,mesh,512,2,7242,14410,21652,2.1652e-05,5376,6,14,1024,0.24829115093293921
DeepSeek-V4-Pro-0813,64,16,mesh,512,4,7270,14438,21708,2.1708e-05,5376,6,14,1024,0.2476506357103372
DeepSeek-V4-Pro-0813,64,64,exchange,128,1,7213,14396,21609,2.1609e-05,21504,6,14,4096,0.9951409135082604
DeepSeek-V4-Pro-0813,64,64,exchange,128,2,7227,14410,21637,2.1637e-05,21504,6,14,4096,0.9938531219670009
DeepSeek-V4-Pro-0813,64,64,exchange,128,4,7255,14438,21693,2.1693e-05,21504,6,14,4096,0.9912875121006777
DeepSeek-V4-Pro-0813,64,64,exchange,256,1,7213,14396,21609,2.1609e-05,10752,6,14,4096,0.4975704567541302
DeepSeek-V4-Pro-0813,64,64,exchange,256,2,7227,14410,21637,2.1637e-05,10752,6,14,4096,0.49692656098350046
DeepSeek-V4-Pro-0813,64,64,exchange,256,4,7255,14438,21693,2.1693e-05,10752,6,14,4096,0.49564375605033884
DeepSeek-V4-Pro-0813,64,64,exchange,512,1,7213,14396,21609,2.1609e-05,5376,6,14,4096,0.2487852283770651
DeepSeek-V4-Pro-0813,64,64,exchange,512,2,7227,14410,21637,2.1637e-05,5376,6,14,4096,0.24846328049175023
DeepSeek-V4-Pro-0813,64,64,exchange,512,4,7255,14438,21693,2.1693e-05,5376,6,14,4096,0.24782187802516942
DeepSeek-V4-Pro-0813,64,64,mesh,128,1,7252,14420,21672,2.1672e-05,21504,14,14,4096,0.9922480620155039
DeepSeek-V4-Pro-0813,64,64,mesh,128,2,7266,14434,21700,2.17e-05,21504,14,14,4096,0.9909677419354839
DeepSeek-V4-Pro-0813,64,64,mesh,128,4,7294,14462,21756,2.1756e-05,21504,14,14,4096,0.9884169884169884
DeepSeek-V4-Pro-0813,64,64,mesh,256,1,7252,14420,21672,2.1672e-05,10752,14,14,4096,0.49612403100775193
DeepSeek-V4-Pro-0813,64,64,mesh,256,2,7266,14434,21700,2.17e-05,10752,14,14,4096,0.49548387096774194
DeepSeek-V4-Pro-0813,64,64,mesh,256,4,7294,14462,21756,2.1756e-05,10752,14,14,4096,0.4942084942084942
DeepSeek-V4-Pro-0813,64,64,mesh,512,1,7252,14420,21672,2.1672e-05,5376,14,14,4096,0.24806201550387597
DeepSeek-V4-Pro-0813,64,64,mesh,512,2,7266,14434,21700,2.17e-05,5376,14,14,4096,0.24774193548387097
DeepSeek-V4-Pro-0813,64,64,mesh,512,4,7294,14462,21756,2.1756e-05,5376,14,14,4096,0.2471042471042471
DeepSeek-V4-Pro-0813,64,256,exchange,128,1,7213,14402,21615,2.1615e-05,21504,8,14,16384,0.9948646773074254
DeepSeek-V4-Pro-0813,64,256,exchange,128,2,7227,14416,21643,2.1643e-05,21504,8,14,16384,0.9935776001478538
DeepSeek-V4-Pro-0813,64,256,exchange,128,4,7255,14444,21699,2.1699e-05,21504,8,14,16384,0.991013410756256
DeepSeek-V4-Pro-0813,64,256,exchange,256,1,7213,14402,21615,2.1615e-05,10752,8,14,16384,0.4974323386537127
DeepSeek-V4-Pro-0813,64,256,exchange,256,2,7227,14416,21643,2.1643e-05,10752,8,14,16384,0.4967888000739269
DeepSeek-V4-Pro-0813,64,256,exchange,256,4,7255,14444,21699,2.1699e-05,10752,8,14,16384,0.495506705378128
DeepSeek-V4-Pro-0813,64,256,exchange,512,1,7213,14402,21615,2.1615e-05,5376,8,14,16384,0.24871616932685636
DeepSeek-V4-Pro-0813,64,256,exchange,512,2,7227,14416,21643,2.1643e-05,5376,8,14,16384,0.24839440003696345
DeepSeek-V4-Pro-0813,64,256,exchange,512,4,7255,14444,21699,2.1699e-05,5376,8,14,16384,0.247753352689064
DeepSeek-V4-Pro-0813,64,256,mesh,128,1,7300,14468,21768,2.1768e-05,21504,30,14,16384,0.9878721058434399
DeepSeek-V4-Pro-0813,64,256,mesh,128,2,7314,14482,21796,2.1796e-05,21504,30,14,16384,0.9866030464305378
DeepSeek-V4-Pro-0813,64,256,mesh,128,4,7342,14510,21852,2.1852e-05,21504,30,14,16384,0.9840746842394289
DeepSeek-V4-Pro-0813,64,256,mesh,256,1,7300,14468,21768,2.1768e-05,10752,30,14,16384,0.49393605292171994
DeepSeek-V4-Pro-0813,64,256,mesh,256,2,7314,14482,21796,2.1796e-05,10752,30,14,16384,0.4933015232152689
DeepSeek-V4-Pro-0813,64,256,mesh,256,4,7342,14510,21852,2.1852e-05,10752,30,14,16384,0.49203734211971445
DeepSeek-V4-Pro-0813,64,256,mesh,512,1,7300,14468,21768,2.1768e-05,5376,30,14,16384,0.24696802646085997
DeepSeek-V4-Pro-0813,64,256,mesh,512,2,7314,14482,21796,2.1796e-05,5376,30,14,16384,0.24665076160763444
DeepSeek-V4-Pro-0813,64,256,mesh,512,4,7342,14510,21852,2.1852e-05,5376,30,14,16384,0.24601867105985722
Kimi-K3,1,16,exchange,128,1,157,278,435,4.35e-07,336,4,14,1024,0.7724137931034483
Kimi-K3,1,16,exchange,128,2,171,292,463,4.63e-07,336,4,14,1024,0.7257019438444925
Kimi-K3,1,16,exchange,128,4,199,320,519,5.19e-07,336,4,14,1024,0.6473988439306358
Kimi-K3,1,16,exchange,256,1,157,278,435,4.35e-07,168,4,14,1024,0.38620689655172413
Kimi-K3,1,16,exchange,256,2,171,292,463,4.63e-07,168,4,14,1024,0.36285097192224625
Kimi-K3,1,16,exchange,256,4,199,320,519,5.19e-07,168,4,14,1024,0.3236994219653179
Kimi-K3,1,16,exchange,512,1,157,278,435,4.35e-07,84,4,14,1024,0.19310344827586207
Kimi-K3,1,16,exchange,512,2,171,292,463,4.63e-07,84,4,14,1024,0.18142548596112312
Kimi-K3,1,16,exchange,512,4,199,320,519,5.19e-07,84,4,14,1024,0.16184971098265896
Kimi-K3,1,16,mesh,128,1,172,284,456,4.56e-07,336,6,14,1024,0.7368421052631579
Kimi-K3,1,16,mesh,128,2,186,298,484,4.84e-07,336,6,14,1024,0.6942148760330579
Kimi-K3,1,16,mesh,128,4,214,326,540,5.4e-07,336,6,14,1024,0.6222222222222222
Kimi-K3,1,16,mesh,256,1,172,284,456,4.56e-07,168,6,14,1024,0.3684210526315789
Kimi-K3,1,16,mesh,256,2,186,298,484,4.84e-07,168,6,14,1024,0.34710743801652894
Kimi-K3,1,16,mesh,256,4,214,326,540,5.4e-07,168,6,14,1024,0.3111111111111111
Kimi-K3,1,16,mesh,512,1,172,284,456,4.56e-07,84,6,14,1024,0.18421052631578946
Kimi-K3,1,16,mesh,512,2,186,298,484,4.84e-07,84,6,14,1024,0.17355371900826447
Kimi-K3,1,16,mesh,512,4,214,326,540,5.4e-07,84,6,14,1024,0.15555555555555556
Kimi-K3,1,64,exchange,128,1,157,284,441,4.41e-07,336,6,14,4096,0.7619047619047619
Kimi-K3,1,64,exchange,128,2,171,298,469,4.69e-07,336,6,14,4096,0.7164179104477612
Kimi-K3,1,64,exchange,128,4,199,326,525,5.25e-07,336,6,14,4096,0.64
Kimi-K3,1,64,exchange,256,1,157,284,441,4.41e-07,168,6,14,4096,0.38095238095238093
Kimi-K3,1,64,exchange,256,2,171,298,469,4.69e-07,168,6,14,4096,0.3582089552238806
Kimi-K3,1,64,exchange,256,4,199,326,525,5.25e-07,168,6,14,4096,0.32
Kimi-K3,1,64,exchange,512,1,157,284,441,4.41e-07,84,6,14,4096,0.19047619047619047
Kimi-K3,1,64,exchange,512,2,171,298,469,4.69e-07,84,6,14,4096,0.1791044776119403
Kimi-K3,1,64,exchange,512,4,199,326,525,5.25e-07,84,6,14,4096,0.16
Kimi-K3,1,64,mesh,128,1,196,308,504,5.04e-07,336,14,14,4096,0.6666666666666666
Kimi-K3,1,64,mesh,128,2,210,322,532,5.32e-07,336,14,14,4096,0.631578947368421
Kimi-K3,1,64,mesh,128,4,238,350,588,5.88e-07,336,14,14,4096,0.5714285714285714
Kimi-K3,1,64,mesh,256,1,196,308,504,5.04e-07,168,14,14,4096,0.3333333333333333
Kimi-K3,1,64,mesh,256,2,210,322,532,5.32e-07,168,14,14,4096,0.3157894736842105
Kimi-K3,1,64,mesh,256,4,238,350,588,5.88e-07,168,14,14,4096,0.2857142857142857
Kimi-K3,1,64,mesh,512,1,196,308,504,5.04e-07,84,14,14,4096,0.16666666666666666
Kimi-K3,1,64,mesh,512,2,210,322,532,5.32e-07,84,14,14,4096,0.15789473684210525
Kimi-K3,1,64,mesh,512,4,238,350,588,5.88e-07,84,14,14,4096,0.14285714285714285
Kimi-K3,1,256,exchange,128,1,157,290,447,4.47e-07,336,8,14,16384,0.7516778523489933
Kimi-K3,1,256,exchange,128,2,171,304,475,4.75e-07,336,8,14,16384,0.7073684210526315
Kimi-K3,1,256,exchange,128,4,199,332,531,5.31e-07,336,8,14,16384,0.632768361581921
Kimi-K3,1,256,exchange,256,1,157,290,447,4.47e-07,168,8,14,16384,0.37583892617449666
Kimi-K3,1,256,exchange,256,2,171,304,475,4.75e-07,168,8,14,16384,0.35368421052631577
Kimi-K3,1,256,exchange,256,4,199,332,531,5.31e-07,168,8,14,16384,0.3163841807909605
Kimi-K3,1,256,exchange,512,1,157,290,447,4.47e-07,84,8,14,16384,0.18791946308724833
Kimi-K3,1,256,exchange,512,2,171,304,475,4.75e-07,84,8,14,16384,0.17684210526315788
Kimi-K3,1,256,exchange,512,4,199,332,531,5.31e-07,84,8,14,16384,0.15819209039548024
Kimi-K3,1,256,mesh,128,1,244,356,600,6e-07,336,30,14,16384,0.56
Kimi-K3,1,256,mesh,128,2,258,370,628,6.28e-07,336,30,14,16384,0.535031847133758
Kimi-K3,1,256,mesh,128,4,286,398,684,6.84e-07,336,30,14,16384,0.49122807017543857
Kimi-K3,1,256,mesh,256,1,244,356,600,6e-07,168,30,14,16384,0.28
Kimi-K3,1,256,mesh,256,2,258,370,628,6.28e-07,168,30,14,16384,0.267515923566879
Kimi-K3,1,256,mesh,256,4,286,398,684,6.84e-07,168,30,14,16384,0.24561403508771928
Kimi-K3,1,256,mesh,512,1,244,356,600,6e-07,84,30,14,16384,0.14
Kimi-K3,1,256,mesh,512,2,258,370,628,6.28e-07,84,30,14,16384,0.1337579617834395
Kimi-K3,1,256,mesh,512,4,286,398,684,6.84e-07,84,30,14,16384,0.12280701754385964
Kimi-K3,8,16,exchange,128,1,941,1846,2787,2.787e-06,2688,4,14,1024,0.9644779332615716
Kimi-K3,8,16,exchange,128,2,955,1860,2815,2.815e-06,2688,4,14,1024,0.9548845470692717
Kimi-K3,8,16,exchange,128,4,983,1888,2871,2.871e-06,2688,4,14,1024,0.9362591431556949
Kimi-K3,8,16,exchange,256,1,941,1846,2787,2.787e-06,1344,4,14,1024,0.4822389666307858
Kimi-K3,8,16,exchange,256,2,955,1860,2815,2.815e-06,1344,4,14,1024,0.47744227353463586
Kimi-K3,8,16,exchange,256,4,983,1888,2871,2.871e-06,1344,4,14,1024,0.46812957157784746
Kimi-K3,8,16,exchange,512,1,941,1846,2787,2.787e-06,672,4,14,1024,0.2411194833153929
Kimi-K3,8,16,exchange,512,2,955,1860,2815,2.815e-06,672,4,14,1024,0.23872113676731793
Kimi-K3,8,16,exchange,512,4,983,1888,2871,2.871e-06,672,4,14,1024,0.23406478578892373
Kimi-K3,8,16,mesh,128,1,956,1852,2808,2.808e-06,2688,6,14,1024,0.9572649572649573
Kimi-K3,8,16,mesh,128,2,970,1866,2836,2.836e-06,2688,6,14,1024,0.9478138222849083
Kimi-K3,8,16,mesh,128,4,998,1894,2892,2.892e-06,2688,6,14,1024,0.9294605809128631
Kimi-K3,8,16,mesh,256,1,956,1852,2808,2.808e-06,1344,6,14,1024,0.47863247863247865
Kimi-K3,8,16,mesh,256,2,970,1866,2836,2.836e-06,1344,6,14,1024,0.47390691114245415
Kimi-K3,8,16,mesh,256,4,998,1894,2892,2.892e-06,1344,6,14,1024,0.46473029045643155
Kimi-K3,8,16,mesh,512,1,956,1852,2808,2.808e-06,672,6,14,1024,0.23931623931623933
Kimi-K3,8,16,mesh,512,2,970,1866,2836,2.836e-06,672,6,14,1024,0.23695345557122707
Kimi-K3,8,16,mesh,512,4,998,1894,2892,2.892e-06,672,6,14,1024,0.23236514522821577
Kimi-K3,8,64,exchange,128,1,941,1852,2793,2.793e-06,2688,6,14,4096,0.9624060150375939
Kimi-K3,8,64,exchange,128,2,955,1866,2821,2.821e-06,2688,6,14,4096,0.9528535980148883
Kimi-K3,8,64,exchange,128,4,983,1894,2877,2.877e-06,2688,6,14,4096,0.9343065693430657
Kimi-K3,8,64,exchange,256,1,941,1852,2793,2.793e-06,1344,6,14,4096,0.48120300751879697
Kimi-K3,8,64,exchange,256,2,955,1866,2821,2.821e-06,1344,6,14,4096,0.47642679900744417
Kimi-K3,8,64,exchange,256,4,983,1894,2877,2.877e-06,1344,6,14,4096,0.46715328467153283
Kimi-K3,8,64,exchange,512,1,941,1852,2793,2.793e-06,672,6,14,4096,0.24060150375939848
Kimi-K3,8,64,exchange,512,2,955,1866,2821,2.821e-06,672,6,14,4096,0.23821339950372208
Kimi-K3,8,64,exchange,512,4,983,1894,2877,2.877e-06,672,6,14,4096,0.23357664233576642
Kimi-K3,8,64,mesh,128,1,980,1876,2856,2.856e-06,2688,14,14,4096,0.9411764705882353
Kimi-K3,8,64,mesh,128,2,994,1890,2884,2.884e-06,2688,14,14,4096,0.9320388349514563
Kimi-K3,8,64,mesh,128,4,1022,1918,2940,2.94e-06,2688,14,14,4096,0.9142857142857143
Kimi-K3,8,64,mesh,256,1,980,1876,2856,2.856e-06,1344,14,14,4096,0.47058823529411764
Kimi-K3,8,64,mesh,256,2,994,1890,2884,2.884e-06,1344,14,14,4096,0.46601941747572817
Kimi-K3,8,64,mesh,256,4,1022,1918,2940,2.94e-06,1344,14,14,4096,0.45714285714285713
Kimi-K3,8,64,mesh,512,1,980,1876,2856,2.856e-06,672,14,14,4096,0.23529411764705882
Kimi-K3,8,64,mesh,512,2,994,1890,2884,2.884e-06,672,14,14,4096,0.23300970873786409
Kimi-K3,8,64,mesh,512,4,1022,1918,2940,2.94e-06,672,14,14,4096,0.22857142857142856
Kimi-K3,8,256,exchange,128,1,941,1858,2799,2.799e-06,2688,8,14,16384,0.9603429796355841
Kimi-K3,8,256,exchange,128,2,955,1872,2827,2.827e-06,2688,8,14,16384,0.9508312698974177
Kimi-K3,8,256,exchange,128,4,983,1900,2883,2.883e-06,2688,8,14,16384,0.9323621227887617
Kimi-K3,8,256,exchange,256,1,941,1858,2799,2.799e-06,1344,8,14,16384,0.48017148981779206
Kimi-K3,8,256,exchange,256,2,955,1872,2827,2.827e-06,1344,8,14,16384,0.47541563494870887
Kimi-K3,8,256,exchange,256,4,983,1900,2883,2.883e-06,1344,8,14,16384,0.46618106139438087
Kimi-K3,8,256,exchange,512,1,941,1858,2799,2.799e-06,672,8,14,16384,0.24008574490889603
Kimi-K3,8,256,exchange,512,2,955,1872,2827,2.827e-06,672,8,14,16384,0.23770781747435443
Kimi-K3,8,256,exchange,512,4,983,1900,2883,2.883e-06,672,8,14,16384,0.23309053069719043
Kimi-K3,8,256,mesh,128,1,1028,1924,2952,2.952e-06,2688,30,14,16384,0.9105691056910569
Kimi-K3,8,256,mesh,128,2,1042,1938,2980,2.98e-06,2688,30,14,16384,0.9020134228187919
Kimi-K3,8,256,mesh,128,4,1070,1966,3036,3.036e-06,2688,30,14,16384,0.8853754940711462
Kimi-K3,8,256,mesh,256,1,1028,1924,2952,2.952e-06,1344,30,14,16384,0.45528455284552843
Kimi-K3,8,256,mesh,256,2,1042,1938,2980,2.98e-06,1344,30,14,16384,0.45100671140939597
Kimi-K3,8,256,mesh,256,4,1070,1966,3036,3.036e-06,1344,30,14,16384,0.4426877470355731
Kimi-K3,8,256,mesh,512,1,1028,1924,2952,2.952e-06,672,30,14,16384,0.22764227642276422
Kimi-K3,8,256,mesh,512,2,1042,1938,2980,2.98e-06,672,30,14,16384,0.22550335570469798
Kimi-K3,8,256,mesh,512,4,1070,1966,3036,3.036e-06,672,30,14,16384,0.22134387351778656
Kimi-K3,64,16,exchange,128,1,7213,14390,21603,2.1603e-05,21504,4,14,1024,0.99541730315234
Kimi-K3,64,16,exchange,128,2,7227,14404,21631,2.1631e-05,21504,4,14,1024,0.9941287966344599
Kimi-K3,64,16,exchange,128,4,7255,14432,21687,2.1687e-05,21504,4,14,1024,0.9915617651127403
Kimi-K3,64,16,exchange,256,1,7213,14390,21603,2.1603e-05,10752,4,14,1024,0.49770865157617
Kimi-K3,64,16,exchange,256,2,7227,14404,21631,2.1631e-05,10752,4,14,1024,0.4970643983172299
Kimi-K3,64,16,exchange,256,4,7255,14432,21687,2.1687e-05,10752,4,14,1024,0.49578088255637015
Kimi-K3,64,16,exchange,512,1,7213,14390,21603,2.1603e-05,5376,4,14,1024,0.248854325788085
Kimi-K3,64,16,exchange,512,2,7227,14404,21631,2.1631e-05,5376,4,14,1024,0.24853219915861496
Kimi-K3,64,16,exchange,512,4,7255,14432,21687,2.1687e-05,5376,4,14,1024,0.24789044127818508
Kimi-K3,64,16,mesh,128,1,7228,14396,21624,2.1624e-05,21504,6,14,1024,0.9944506104328524
Kimi-K3,64,16,mesh,128,2,7242,14410,21652,2.1652e-05,21504,6,14,1024,0.9931646037317569
Kimi-K3,64,16,mesh,128,4,7270,14438,21708,2.1708e-05,21504,6,14,1024,0.9906025428413489
Kimi-K3,64,16,mesh,256,1,7228,14396,21624,2.1624e-05,10752,6,14,1024,0.4972253052164262
Kimi-K3,64,16,mesh,256,2,7242,14410,21652,2.1652e-05,10752,6,14,1024,0.49658230186587843
Kimi-K3,64,16,mesh,256,4,7270,14438,21708,2.1708e-05,10752,6,14,1024,0.4953012714206744
Kimi-K3,64,16,mesh,512,1,7228,14396,21624,2.1624e-05,5376,6,14,1024,0.2486126526082131
Kimi-K3,64,16,mesh,512,2,7242,14410,21652,2.1652e-05,5376,6,14,1024,0.24829115093293921
Kimi-K3,64,16,mesh,512,4,7270,14438,21708,2.1708e-05,5376,6,14,1024,0.2476506357103372
Kimi-K3,64,64,exchange,128,1,7213,14396,21609,2.1609e-05,21504,6,14,4096,0.9951409135082604
Kimi-K3,64,64,exchange,128,2,7227,14410,21637,2.1637e-05,21504,6,14,4096,0.9938531219670009
Kimi-K3,64,64,exchange,128,4,7255,14438,21693,2.1693e-05,21504,6,14,4096,0.9912875121006777
Kimi-K3,64,64,exchange,256,1,7213,14396,21609,2.1609e-05,10752,6,14,4096,0.4975704567541302
Kimi-K3,64,64,exchange,256,2,7227,14410,21637,2.1637e-05,10752,6,14,4096,0.49692656098350046
Kimi-K3,64,64,exchange,256,4,7255,14438,21693,2.1693e-05,10752,6,14,4096,0.49564375605033884
Kimi-K3,64,64,exchange,512,1,7213,14396,21609,2.1609e-05,5376,6,14,4096,0.2487852283770651
Kimi-K3,64,64,exchange,512,2,7227,14410,21637,2.1637e-05,5376,6,14,4096,0.24846328049175023
Kimi-K3,64,64,exchange,512,4,7255,14438,21693,2.1693e-05,5376,6,14,4096,0.24782187802516942
Kimi-K3,64,64,mesh,128,1,7252,14420,21672,2.1672e-05,21504,14,14,4096,0.9922480620155039
Kimi-K3,64,64,mesh,128,2,7266,14434,21700,2.17e-05,21504,14,14,4096,0.9909677419354839
Kimi-K3,64,64,mesh,128,4,7294,14462,21756,2.1756e-05,21504,14,14,4096,0.9884169884169884
Kimi-K3,64,64,mesh,256,1,7252,14420,21672,2.1672e-05,10752,14,14,4096,0.49612403100775193
Kimi-K3,64,64,mesh,256,2,7266,14434,21700,2.17e-05,10752,14,14,4096,0.49548387096774194
Kimi-K3,64,64,mesh,256,4,7294,14462,21756,2.1756e-05,10752,14,14,4096,0.4942084942084942
Kimi-K3,64,64,mesh,512,1,7252,14420,21672,2.1672e-05,5376,14,14,4096,0.24806201550387597
Kimi-K3,64,64,mesh,512,2,7266,14434,21700,2.17e-05,5376,14,14,4096,0.24774193548387097
Kimi-K3,64,64,mesh,512,4,7294,14462,21756,2.1756e-05,5376,14,14,4096,0.2471042471042471
Kimi-K3,64,256,exchange,128,1,7213,14402,21615,2.1615e-05,21504,8,14,16384,0.9948646773074254
Kimi-K3,64,256,exchange,128,2,7227,14416,21643,2.1643e-05,21504,8,14,16384,0.9935776001478538
Kimi-K3,64,256,exchange,128,4,7255,14444,21699,2.1699e-05,21504,8,14,16384,0.991013410756256
Kimi-K3,64,256,exchange,256,1,7213,14402,21615,2.1615e-05,10752,8,14,16384,0.4974323386537127
Kimi-K3,64,256,exchange,256,2,7227,14416,21643,2.1643e-05,10752,8,14,16384,0.4967888000739269
Kimi-K3,64,256,exchange,256,4,7255,14444,21699,2.1699e-05,10752,8,14,16384,0.495506705378128
Kimi-K3,64,256,exchange,512,1,7213,14402,21615,2.1615e-05,5376,8,14,16384,0.24871616932685636
Kimi-K3,64,256,exchange,512,2,7227,14416,21643,2.1643e-05,5376,8,14,16384,0.24839440003696345
Kimi-K3,64,256,exchange,512,4,7255,14444,21699,2.1699e-05,5376,8,14,16384,0.247753352689064
Kimi-K3,64,256,mesh,128,1,7300,14468,21768,2.1768e-05,21504,30,14,16384,0.9878721058434399
Kimi-K3,64,256,mesh,128,2,7314,14482,21796,2.1796e-05,21504,30,14,16384,0.9866030464305378
Kimi-K3,64,256,mesh,128,4,7342,14510,21852,2.1852e-05,21504,30,14,16384,0.9840746842394289
Kimi-K3,64,256,mesh,256,1,7300,14468,21768,2.1768e-05,10752,30,14,16384,0.49393605292171994
Kimi-K3,64,256,mesh,256,2,7314,14482,21796,2.1796e-05,10752,30,14,16384,0.4933015232152689
Kimi-K3,64,256,mesh,256,4,7342,14510,21852,2.1852e-05,10752,30,14,16384,0.49203734211971445
Kimi-K3,64,256,mesh,512,1,7300,14468,21768,2.1768e-05,5376,30,14,16384,0.24696802646085997
Kimi-K3,64,256,mesh,512,2,7314,14482,21796,2.1796e-05,5376,30,14,16384,0.24665076160763444
Kimi-K3,64,256,mesh,512,4,7342,14510,21852,2.1852e-05,5376,30,14,16384,0.24601867105985722
