cycle	event	ordinal	job_identity47	producer	phase
2568	JOB	0	2147483648	2534	I63
2569	P	0	2147483648	2534	I63
2569	KV	0	2147483648	2534	I63
2569	Q	0	2147483648	2534	I63
2570	P	1	2147483648	2534	I63
2570	KV	1	2147483648	2534	I63
2570	Q	1	2147483648	2534	I63
2571	P	2	2147483648	2534	I63
2571	KV	2	2147483648	2534	I63
2571	Q	2	2147483648	2534	I63
2572	P	3	2147483648	2534	I63
2572	KV	3	2147483648	2534	I63
2572	Q	3	2147483648	2534	I63
2573	P	4	2147483648	2534	I63
2573	KV	4	2147483648	2534	I63
2573	Q	4	2147483648	2534	I63
2574	P	5	2147483648	2534	I63
2574	KV	5	2147483648	2534	I63
2574	Q	5	2147483648	2534	I63
2575	P	6	2147483648	2534	I63
2575	KV	6	2147483648	2534	I63
2575	Q	6	2147483648	2534	I63
2576	P	7	2147483648	2534	I63
2576	KV	7	2147483648	2534	I63
2576	Q	7	2147483648	2534	I63
2577	P	8	2147483648	2534	I63
2577	KV	8	2147483648	2534	I63
2577	Q	8	2147483648	2534	I63
2578	P	9	2147483648	2534	I63
2578	KV	9	2147483648	2534	I63
2578	Q	9	2147483648	2534	I63
2579	P	10	2147483648	2534	I63
2579	KV	10	2147483648	2534	I63
2579	Q	10	2147483648	2534	I63
2580	P	11	2147483648	2534	I63
2580	KV	11	2147483648	2534	I63
2580	Q	11	2147483648	2534	I63
2581	P	12	2147483648	2534	I63
2581	KV	12	2147483648	2534	I63
2581	Q	12	2147483648	2534	I63
2582	P	13	2147483648	2534	I63
2582	KV	13	2147483648	2534	I63
2582	Q	13	2147483648	2534	I63
2583	P	14	2147483648	2534	I63
2583	KV	14	2147483648	2534	I63
2583	Q	14	2147483648	2534	I63
2584	P	15	2147483648	2534	I63
2584	KV	15	2147483648	2534	I63
2584	Q	15	2147483648	2534	I63
2585	P	16	2147483648	2534	I63
2585	KV	16	2147483648	2534	I63
2586	P	17	2147483648	2534	I63
2586	KV	17	2147483648	2534	I63
2587	P	18	2147483648	2534	I63
2587	KV	18	2147483648	2534	I63
2588	P	19	2147483648	2534	I63
2588	KV	19	2147483648	2534	I63
2589	P	20	2147483648	2534	I63
2589	KV	20	2147483648	2534	I63
2590	P	21	2147483648	2534	I63
2590	KV	21	2147483648	2534	I63
2591	P	22	2147483648	2534	I63
2591	KV	22	2147483648	2534	I63
2592	P	23	2147483648	2534	I63
2592	KV	23	2147483648	2534	I63
2593	P	24	2147483648	2534	I63
2593	KV	24	2147483648	2534	I63
2594	P	25	2147483648	2534	I63
2594	KV	25	2147483648	2534	I63
2595	P	26	2147483648	2534	I63
2595	KV	26	2147483648	2534	I63
2596	P	27	2147483648	2534	I63
2596	KV	27	2147483648	2534	I63
2597	P	28	2147483648	2534	I63
2597	KV	28	2147483648	2534	I63
2598	P	29	2147483648	2534	I63
2598	KV	29	2147483648	2534	I63
2599	P	30	2147483648	2534	I63
2599	KV	30	2147483648	2534	I63
2600	P	31	2147483648	2534	I63
2600	KV	31	2147483648	2534	I63
2601	P	32	2147483648	2534	I63
2601	KV	32	2147483648	2534	I63
2602	P	33	2147483648	2534	I63
2602	KV	33	2147483648	2534	I63
2603	P	34	2147483648	2534	I63
2603	KV	34	2147483648	2534	I63
2604	P	35	2147483648	2534	I63
2604	KV	35	2147483648	2534	I63
2605	P	36	2147483648	2534	I63
2605	KV	36	2147483648	2534	I63
2606	P	37	2147483648	2534	I63
2606	KV	37	2147483648	2534	I63
2607	P	38	2147483648	2534	I63
2607	KV	38	2147483648	2534	I63
2608	P	39	2147483648	2534	I63
2608	KV	39	2147483648	2534	I63
2609	P	40	2147483648	2534	I63
2609	KV	40	2147483648	2534	I63
2610	P	41	2147483648	2534	I63
2610	KV	41	2147483648	2534	I63
2611	P	42	2147483648	2534	I63
2611	KV	42	2147483648	2534	I63
2612	P	43	2147483648	2534	I63
2612	KV	43	2147483648	2534	I63
2613	P	44	2147483648	2534	I63
2613	KV	44	2147483648	2534	I63
2614	P	45	2147483648	2534	I63
2614	KV	45	2147483648	2534	I63
2615	P	46	2147483648	2534	I63
2615	KV	46	2147483648	2534	I63
2616	P	47	2147483648	2534	I63
2616	KV	47	2147483648	2534	I63
2617	P	48	2147483648	2534	I63
2617	KV	48	2147483648	2534	I63
2618	P	49	2147483648	2534	I63
2618	KV	49	2147483648	2534	I63
2619	P	50	2147483648	2534	I63
2619	KV	50	2147483648	2534	I63
2620	P	51	2147483648	2534	I63
2620	KV	51	2147483648	2534	I63
2621	P	52	2147483648	2534	I63
2621	KV	52	2147483648	2534	I63
2622	P	53	2147483648	2534	I63
2622	KV	53	2147483648	2534	I63
2623	P	54	2147483648	2534	I63
2623	KV	54	2147483648	2534	I63
2624	P	55	2147483648	2534	I63
2624	KV	55	2147483648	2534	I63
2625	P	56	2147483648	2534	I63
2625	KV	56	2147483648	2534	I63
2626	P	57	2147483648	2534	I63
2626	KV	57	2147483648	2534	I63
2627	P	58	2147483648	2534	I63
2627	KV	58	2147483648	2534	I63
2628	P	59	2147483648	2534	I63
2628	KV	59	2147483648	2534	I63
2629	P	60	2147483648	2534	I63
2629	KV	60	2147483648	2534	I63
2630	P	61	2147483648	2534	I63
2630	KV	61	2147483648	2534	I63
2631	P	62	2147483648	2534	I63
2631	KV	62	2147483648	2534	I63
2632	P	63	2147483648	2534	I63
2632	KV	63	2147483648	2534	I63
2633	P	64	2147483648	2534	I63
2633	KV	64	2147483648	2534	I63
2634	P	65	2147483648	2534	I63
2634	KV	65	2147483648	2534	I63
2635	P	66	2147483648	2534	I63
2635	KV	66	2147483648	2534	I63
2636	P	67	2147483648	2534	I63
2636	KV	67	2147483648	2534	I63
2637	P	68	2147483648	2534	I63
2637	KV	68	2147483648	2534	I63
2638	P	69	2147483648	2534	I63
2638	KV	69	2147483648	2534	I63
2639	P	70	2147483648	2534	I63
2639	KV	70	2147483648	2534	I63
2640	P	71	2147483648	2534	I63
2640	KV	71	2147483648	2534	I63
2641	P	72	2147483648	2534	I63
2641	KV	72	2147483648	2534	I63
2642	P	73	2147483648	2534	I63
2642	KV	73	2147483648	2534	I63
2643	P	74	2147483648	2534	I63
2643	KV	74	2147483648	2534	I63
2644	P	75	2147483648	2534	I63
2644	KV	75	2147483648	2534	I63
2645	P	76	2147483648	2534	I63
2645	KV	76	2147483648	2534	I63
2646	P	77	2147483648	2534	I63
2646	KV	77	2147483648	2534	I63
2647	P	78	2147483648	2534	I63
2647	KV	78	2147483648	2534	I63
2648	P	79	2147483648	2534	I63
2648	KV	79	2147483648	2534	I63
2649	P	80	2147483648	2534	I63
2649	KV	80	2147483648	2534	I63
2650	P	81	2147483648	2534	I63
2650	KV	81	2147483648	2534	I63
2651	P	82	2147483648	2534	I63
2651	KV	82	2147483648	2534	I63
2652	P	83	2147483648	2534	I63
2652	KV	83	2147483648	2534	I63
2653	P	84	2147483648	2534	I63
2653	KV	84	2147483648	2534	I63
2654	P	85	2147483648	2534	I63
2654	KV	85	2147483648	2534	I63
2655	P	86	2147483648	2534	I63
2655	KV	86	2147483648	2534	I63
2656	P	87	2147483648	2534	I63
2656	KV	87	2147483648	2534	I63
2657	P	88	2147483648	2534	I63
2657	KV	88	2147483648	2534	I63
2658	P	89	2147483648	2534	I63
2658	KV	89	2147483648	2534	I63
2659	P	90	2147483648	2534	I63
2659	KV	90	2147483648	2534	I63
2660	P	91	2147483648	2534	I63
2660	KV	91	2147483648	2534	I63
2661	P	92	2147483648	2534	I63
2661	KV	92	2147483648	2534	I63
2662	P	93	2147483648	2534	I63
2662	KV	93	2147483648	2534	I63
2663	P	94	2147483648	2534	I63
2663	KV	94	2147483648	2534	I63
2664	P	95	2147483648	2534	I63
2664	KV	95	2147483648	2534	I63
2665	P	96	2147483648	2534	I63
2665	KV	96	2147483648	2534	I63
2666	P	97	2147483648	2534	I63
2666	KV	97	2147483648	2534	I63
2667	P	98	2147483648	2534	I63
2667	KV	98	2147483648	2534	I63
2668	P	99	2147483648	2534	I63
2668	KV	99	2147483648	2534	I63
2669	P	100	2147483648	2534	I63
2669	KV	100	2147483648	2534	I63
2670	P	101	2147483648	2534	I63
2670	KV	101	2147483648	2534	I63
2671	P	102	2147483648	2534	I63
2671	KV	102	2147483648	2534	I63
2672	P	103	2147483648	2534	I63
2672	KV	103	2147483648	2534	I63
2673	P	104	2147483648	2534	I63
2673	KV	104	2147483648	2534	I63
2674	P	105	2147483648	2534	I63
2674	KV	105	2147483648	2534	I63
2675	P	106	2147483648	2534	I63
2675	KV	106	2147483648	2534	I63
2676	P	107	2147483648	2534	I63
2676	KV	107	2147483648	2534	I63
2677	P	108	2147483648	2534	I63
2677	KV	108	2147483648	2534	I63
2678	P	109	2147483648	2534	I63
2678	KV	109	2147483648	2534	I63
2679	P	110	2147483648	2534	I63
2679	KV	110	2147483648	2534	I63
2680	P	111	2147483648	2534	I63
2680	KV	111	2147483648	2534	I63
2681	P	112	2147483648	2534	I63
2681	KV	112	2147483648	2534	I63
2682	P	113	2147483648	2534	I63
2682	KV	113	2147483648	2534	I63
2683	P	114	2147483648	2534	I63
2683	KV	114	2147483648	2534	I63
2684	P	115	2147483648	2534	I63
2684	KV	115	2147483648	2534	I63
2685	P	116	2147483648	2534	I63
2685	KV	116	2147483648	2534	I63
2686	P	117	2147483648	2534	I63
2686	KV	117	2147483648	2534	I63
2687	P	118	2147483648	2534	I63
2687	KV	118	2147483648	2534	I63
2688	P	119	2147483648	2534	I63
2688	KV	119	2147483648	2534	I63
2689	P	120	2147483648	2534	I63
2689	KV	120	2147483648	2534	I63
2690	P	121	2147483648	2534	I63
2690	KV	121	2147483648	2534	I63
2691	P	122	2147483648	2534	I63
2691	KV	122	2147483648	2534	I63
2692	P	123	2147483648	2534	I63
2692	KV	123	2147483648	2534	I63
2693	P	124	2147483648	2534	I63
2693	KV	124	2147483648	2534	I63
2694	P	125	2147483648	2534	I63
2694	KV	125	2147483648	2534	I63
2695	P	126	2147483648	2534	I63
2695	KV	126	2147483648	2534	I63
2696	P	127	2147483648	2534	I63
2696	KV	127	2147483648	2534	I63
2697	P	128	2147483648	2534	I63
2697	KV	128	2147483648	2534	I63
2698	P	129	2147483648	2534	I63
2698	KV	129	2147483648	2534	I63
2699	P	130	2147483648	2534	I63
2699	KV	130	2147483648	2534	I63
2700	P	131	2147483648	2534	I63
2700	KV	131	2147483648	2534	I63
2701	P	132	2147483648	2534	I63
2701	KV	132	2147483648	2534	I63
2702	P	133	2147483648	2534	I63
2702	KV	133	2147483648	2534	I63
2703	P	134	2147483648	2534	I63
2703	KV	134	2147483648	2534	I63
2704	P	135	2147483648	2534	I63
2704	KV	135	2147483648	2534	I63
2705	P	136	2147483648	2534	I63
2705	KV	136	2147483648	2534	I63
2706	P	137	2147483648	2534	I63
2706	KV	137	2147483648	2534	I63
2707	P	138	2147483648	2534	I63
2707	KV	138	2147483648	2534	I63
2708	P	139	2147483648	2534	I63
2708	KV	139	2147483648	2534	I63
2709	P	140	2147483648	2534	I63
2709	KV	140	2147483648	2534	I63
2710	P	141	2147483648	2534	I63
2710	KV	141	2147483648	2534	I63
2711	P	142	2147483648	2534	I63
2711	KV	142	2147483648	2534	I63
2712	P	143	2147483648	2534	I63
2712	KV	143	2147483648	2534	I63
2713	P	144	2147483648	2534	I63
2713	KV	144	2147483648	2534	I63
2714	P	145	2147483648	2534	I63
2714	KV	145	2147483648	2534	I63
2715	P	146	2147483648	2534	I63
2715	KV	146	2147483648	2534	I63
2716	P	147	2147483648	2534	I63
2716	KV	147	2147483648	2534	I63
2717	P	148	2147483648	2534	I63
2717	KV	148	2147483648	2534	I63
2718	P	149	2147483648	2534	I63
2718	KV	149	2147483648	2534	I63
2719	P	150	2147483648	2534	I63
2719	KV	150	2147483648	2534	I63
2720	P	151	2147483648	2534	I63
2720	KV	151	2147483648	2534	I63
2721	P	152	2147483648	2534	I63
2721	KV	152	2147483648	2534	I63
2722	P	153	2147483648	2534	I63
2722	KV	153	2147483648	2534	I63
2723	P	154	2147483648	2534	I63
2723	KV	154	2147483648	2534	I63
2724	P	155	2147483648	2534	I63
2724	KV	155	2147483648	2534	I63
2725	P	156	2147483648	2534	I63
2725	KV	156	2147483648	2534	I63
2726	P	157	2147483648	2534	I63
2726	KV	157	2147483648	2534	I63
2727	P	158	2147483648	2534	I63
2727	KV	158	2147483648	2534	I63
2728	P	159	2147483648	2534	I63
2728	KV	159	2147483648	2534	I63
2729	P	160	2147483648	2534	I63
2730	P	161	2147483648	2534	I63
2731	P	162	2147483648	2534	I63
2732	P	163	2147483648	2534	I63
2733	P	164	2147483648	2534	I63
2734	P	165	2147483648	2534	I63
2735	P	166	2147483648	2534	I63
2736	P	167	2147483648	2534	I63
2737	P	168	2147483648	2534	I63
2738	P	169	2147483648	2534	I63
2739	P	170	2147483648	2534	I63
2740	P	171	2147483648	2534	I63
2741	P	172	2147483648	2534	I63
2742	P	173	2147483648	2534	I63
2743	P	174	2147483648	2534	I63
2744	P	175	2147483648	2534	I63
2745	P	176	2147483648	2534	I63
2746	P	177	2147483648	2534	I63
2747	P	178	2147483648	2534	I63
2748	P	179	2147483648	2534	I63
2749	P	180	2147483648	2534	I63
2750	P	181	2147483648	2534	I63
2751	P	182	2147483648	2534	I63
2752	P	183	2147483648	2534	I63
2753	P	184	2147483648	2534	I63
2754	P	185	2147483648	2534	I63
2755	P	186	2147483648	2534	I63
2756	P	187	2147483648	2534	I63
2757	P	188	2147483648	2534	I63
2758	P	189	2147483648	2534	I63
2759	P	190	2147483648	2534	I63
2760	P	191	2147483648	2534	I63
2761	P	192	2147483648	2534	I63
2762	P	193	2147483648	2534	I63
2763	P	194	2147483648	2534	I63
2764	P	195	2147483648	2534	I63
2765	P	196	2147483648	2534	I63
2766	P	197	2147483648	2534	I63
2767	P	198	2147483648	2534	I63
2768	P	199	2147483648	2534	I63
2769	P	200	2147483648	2534	I63
2770	P	201	2147483648	2534	I63
2771	P	202	2147483648	2534	I63
2772	P	203	2147483648	2534	I63
2773	P	204	2147483648	2534	I63
2774	P	205	2147483648	2534	I63
2775	P	206	2147483648	2534	I63
2776	P	207	2147483648	2534	I63
2777	P	208	2147483648	2534	I63
2778	P	209	2147483648	2534	I63
2779	P	210	2147483648	2534	I63
2780	P	211	2147483648	2534	I63
2781	P	212	2147483648	2534	I63
2782	P	213	2147483648	2534	I63
2783	P	214	2147483648	2534	I63
2784	P	215	2147483648	2534	I63
2785	P	216	2147483648	2534	I63
2786	P	217	2147483648	2534	I63
2787	P	218	2147483648	2534	I63
2788	P	219	2147483648	2534	I63
2789	P	220	2147483648	2534	I63
2790	P	221	2147483648	2534	I63
2791	P	222	2147483648	2534	I63
2792	P	223	2147483648	2534	I63
2793	P	224	2147483648	2534	I63
2794	P	225	2147483648	2534	I63
2795	P	226	2147483648	2534	I63
2796	P	227	2147483648	2534	I63
2797	P	228	2147483648	2534	I63
2798	P	229	2147483648	2534	I63
2799	P	230	2147483648	2534	I63
2800	P	231	2147483648	2534	I63
2801	P	232	2147483648	2534	I63
2802	P	233	2147483648	2534	I63
2803	P	234	2147483648	2534	I63
2804	P	235	2147483648	2534	I63
2805	P	236	2147483648	2534	I63
2806	P	237	2147483648	2534	I63
2807	P	238	2147483648	2534	I63
2808	P	239	2147483648	2534	I63
2809	P	240	2147483648	2534	I63
2810	P	241	2147483648	2534	I63
2811	P	242	2147483648	2534	I63
2812	P	243	2147483648	2534	I63
2813	P	244	2147483648	2534	I63
2814	P	245	2147483648	2534	I63
2815	P	246	2147483648	2534	I63
2816	P	247	2147483648	2534	I63
2817	P	248	2147483648	2534	I63
2818	P	249	2147483648	2534	I63
2819	P	250	2147483648	2534	I63
2820	P	251	2147483648	2534	I63
2821	P	252	2147483648	2534	I63
2822	P	253	2147483648	2534	I63
2823	P	254	2147483648	2534	I63
2824	P	255	2147483648	2534	I63
2825	P	256	2147483648	2534	I63
2826	P	257	2147483648	2534	I63
2827	P	258	2147483648	2534	I63
2828	P	259	2147483648	2534	I63
2829	P	260	2147483648	2534	I63
2830	P	261	2147483648	2534	I63
2831	P	262	2147483648	2534	I63
2832	P	263	2147483648	2534	I63
2833	P	264	2147483648	2534	I63
2834	P	265	2147483648	2534	I63
2835	P	266	2147483648	2534	I63
2836	P	267	2147483648	2534	I63
2837	P	268	2147483648	2534	I63
2838	P	269	2147483648	2534	I63
2839	P	270	2147483648	2534	I63
2840	P	271	2147483648	2534	I63
2841	P	272	2147483648	2534	I63
2842	P	273	2147483648	2534	I63
2843	P	274	2147483648	2534	I63
2844	P	275	2147483648	2534	I63
2845	P	276	2147483648	2534	I63
2846	P	277	2147483648	2534	I63
2847	P	278	2147483648	2534	I63
2848	P	279	2147483648	2534	I63
2849	P	280	2147483648	2534	I63
2850	P	281	2147483648	2534	I63
2851	P	282	2147483648	2534	I63
2852	P	283	2147483648	2534	I63
2853	P	284	2147483648	2534	I63
2854	P	285	2147483648	2534	I63
2855	P	286	2147483648	2534	I63
2856	P	287	2147483648	2534	I63
2857	P	288	2147483648	2534	I63
2858	P	289	2147483648	2534	I63
2859	P	290	2147483648	2534	I63
2860	P	291	2147483648	2534	I63
2861	P	292	2147483648	2534	I63
2862	P	293	2147483648	2534	I63
2863	P	294	2147483648	2534	I63
2864	P	295	2147483648	2534	I63
2865	P	296	2147483648	2534	I63
2866	P	297	2147483648	2534	I63
2867	P	298	2147483648	2534	I63
2868	P	299	2147483648	2534	I63
2869	P	300	2147483648	2534	I63
2870	P	301	2147483648	2534	I63
2871	P	302	2147483648	2534	I63
2872	P	303	2147483648	2534	I63
2873	P	304	2147483648	2534	I63
2874	P	305	2147483648	2534	I63
2875	P	306	2147483648	2534	I63
2876	P	307	2147483648	2534	I63
2877	P	308	2147483648	2534	I63
2878	P	309	2147483648	2534	I63
2879	P	310	2147483648	2534	I63
2880	P	311	2147483648	2534	I63
2881	P	312	2147483648	2534	I63
2882	P	313	2147483648	2534	I63
2883	P	314	2147483648	2534	I63
2884	P	315	2147483648	2534	I63
2885	P	316	2147483648	2534	I63
2886	P	317	2147483648	2534	I63
2887	P	318	2147483648	2534	I63
2888	P	319	2147483648	2534	I63
2889	PV	0	2147483648	2534	I63
2890	PV	1	2147483648	2534	I63
2891	PV	2	2147483648	2534	I63
2892	PV	3	2147483648	2534	I63
2893	PV	4	2147483648	2534	I63
2894	PV	5	2147483648	2534	I63
2895	PV	6	2147483648	2534	I63
2896	PV	7	2147483648	2534	I63
