10:33:58	9.485GiB / 300GiB 100.13%
10:34:30	36.51GiB / 300GiB 100.02%
10:35:01	41.18GiB / 300GiB 99.42%
10:35:32	45.67GiB / 300GiB 99.91%
10:36:03	48.77GiB / 300GiB 99.73%
10:36:34	52.75GiB / 300GiB 100.17%
10:37:05	65.57GiB / 300GiB 100.12%
10:37:36	70.52GiB / 300GiB 100.20%
10:38:07	72.26GiB / 300GiB 100.15%
10:38:38	76.39GiB / 300GiB 99.80%
10:39:09	80.15GiB / 300GiB 99.92%
10:39:40	80.92GiB / 300GiB 100.15%
10:40:11	83.34GiB / 300GiB 99.98%
10:40:42	83.92GiB / 300GiB 100.14%
10:41:13	83.97GiB / 300GiB 99.97%
10:41:44	87.49GiB / 300GiB 100.20%
10:42:15	88.01GiB / 300GiB 99.86%
10:42:46	88.34GiB / 300GiB 100.06%
10:43:18	88.68GiB / 300GiB 100.31%
10:43:49	88.79GiB / 300GiB 99.95%
10:44:20	88.82GiB / 300GiB 99.93%
10:44:51	88.85GiB / 300GiB 100.18%
10:45:22	88.88GiB / 300GiB 100.10%
10:45:53	88.91GiB / 300GiB 99.97%
10:46:24	88.93GiB / 300GiB 100.06%
10:46:55	88.94GiB / 300GiB 100.04%
10:47:26	88.94GiB / 300GiB 100.21%
10:47:57	88.95GiB / 300GiB 100.34%
10:48:28	88.97GiB / 300GiB 99.83%
10:48:59	88.28GiB / 300GiB 100.18%
10:49:30	88.28GiB / 300GiB 99.72%
10:50:01	88.28GiB / 300GiB 100.21%
10:50:32	88.28GiB / 300GiB 99.74%
10:51:03	88.28GiB / 300GiB 99.94%
10:51:34	88.28GiB / 300GiB 100.03%
10:52:05	88.28GiB / 300GiB 100.14%
10:52:36	88.28GiB / 300GiB 99.99%
10:53:07	88.28GiB / 300GiB 100.04%
10:53:38	88.28GiB / 300GiB 95.50%
10:54:09	88.28GiB / 300GiB 100.03%
10:54:40	88.28GiB / 300GiB 99.18%
10:55:12	88.28GiB / 300GiB 100.27%
10:55:43	88.28GiB / 300GiB 99.94%
10:56:14	88.28GiB / 300GiB 99.98%
10:56:45	88.28GiB / 300GiB 100.12%
10:57:16	88.28GiB / 300GiB 100.02%
10:57:47	88.28GiB / 300GiB 99.93%
10:58:18	88.28GiB / 300GiB 100.03%
10:58:49	88.28GiB / 300GiB 100.04%
10:59:20	88.28GiB / 300GiB 99.69%
10:59:51	88.28GiB / 300GiB 100.07%
11:00:23	88.28GiB / 300GiB 100.12%
11:00:54	88.28GiB / 300GiB 99.76%
11:01:25	88.28GiB / 300GiB 97.86%
11:01:56	88.28GiB / 300GiB 100.17%
11:02:27	88.28GiB / 300GiB 100.15%
11:02:58	88.28GiB / 300GiB 99.17%
11:03:29	88.28GiB / 300GiB 100.05%
11:04:00	88.28GiB / 300GiB 100.07%
11:04:31	88.28GiB / 300GiB 99.95%
11:05:02	88.28GiB / 300GiB 100.12%
11:05:33	88.28GiB / 300GiB 99.98%
11:06:04	88.28GiB / 300GiB 99.86%
11:06:35	88.28GiB / 300GiB 100.06%
11:07:06	88.28GiB / 300GiB 100.10%
11:07:37	88.28GiB / 300GiB 99.90%
11:08:08	88.28GiB / 300GiB 96.08%
11:08:39	88.28GiB / 300GiB 100.10%
11:09:10	88.28GiB / 300GiB 100.07%
11:09:41	88.28GiB / 300GiB 100.05%
11:10:12	88.28GiB / 300GiB 100.16%
11:10:43	88.28GiB / 300GiB 100.10%
11:11:14	88.28GiB / 300GiB 100.00%
11:11:45	88.28GiB / 300GiB 100.21%
11:12:16	88.28GiB / 300GiB 98.62%
11:12:47	88.28GiB / 300GiB 100.41%
11:13:18	88.28GiB / 300GiB 100.39%
11:13:49	88.29GiB / 300GiB 100.09%
11:14:21	88.29GiB / 300GiB 100.24%
11:14:52	88.29GiB / 300GiB 100.50%
11:15:23	88.29GiB / 300GiB 100.61%
11:15:54	88.29GiB / 300GiB 100.48%
11:16:25	88.29GiB / 300GiB 100.33%
11:16:56	88.29GiB / 300GiB 100.10%
11:17:27	88.29GiB / 300GiB 100.21%
11:17:58	88.29GiB / 300GiB 100.02%
11:18:29	88.29GiB / 300GiB 100.15%
11:19:00	88.29GiB / 300GiB 100.33%
11:19:31	88.29GiB / 300GiB 100.53%
11:20:02	88.29GiB / 300GiB 99.74%
11:20:33	88.29GiB / 300GiB 100.42%
11:21:04	88.29GiB / 300GiB 100.52%
11:21:35	88.29GiB / 300GiB 99.59%
11:22:06	88.29GiB / 300GiB 100.53%
11:22:37	88.29GiB / 300GiB 100.25%
11:23:08	88.29GiB / 300GiB 100.21%
11:23:39	88.29GiB / 300GiB 99.99%
11:24:10	88.29GiB / 300GiB 100.25%
11:24:41	88.29GiB / 300GiB 100.01%
11:25:12	88.29GiB / 300GiB 100.14%
11:25:43	88.29GiB / 300GiB 99.95%
11:26:14	88.29GiB / 300GiB 100.09%
11:26:45	88.29GiB / 300GiB 100.13%
11:27:16	88.29GiB / 300GiB 99.94%
11:27:47	88.29GiB / 300GiB 100.06%
11:28:18	88.29GiB / 300GiB 100.06%
11:28:50	88.29GiB / 300GiB 100.05%
11:29:21	88.29GiB / 300GiB 100.19%
11:29:52	88.29GiB / 300GiB 100.08%
11:30:23	88.29GiB / 300GiB 100.07%
11:30:54	88.29GiB / 300GiB 100.06%
11:31:25	88.29GiB / 300GiB 99.45%
11:31:56	88.29GiB / 300GiB 100.03%
11:32:27	88.29GiB / 300GiB 100.09%
11:32:58	88.29GiB / 300GiB 100.11%
11:33:29	88.29GiB / 300GiB 99.96%
11:34:00	88.29GiB / 300GiB 100.16%
11:34:31	88.29GiB / 300GiB 100.20%
11:35:02	88.29GiB / 300GiB 100.01%
11:35:33	88.29GiB / 300GiB 100.03%
11:36:04	88.29GiB / 300GiB 100.12%
11:36:35	88.29GiB / 300GiB 100.15%
11:37:06	88.29GiB / 300GiB 100.02%
11:37:37	88.29GiB / 300GiB 100.02%
11:38:08	88.29GiB / 300GiB 100.05%
11:38:39	88.29GiB / 300GiB 100.21%
11:39:10	88.29GiB / 300GiB 100.12%
11:39:41	88.29GiB / 300GiB 100.04%
11:40:12	88.29GiB / 300GiB 99.95%
11:40:43	88.29GiB / 300GiB 100.01%
11:41:14	88.29GiB / 300GiB 100.00%
11:41:45	88.29GiB / 300GiB 100.01%
11:42:16	88.29GiB / 300GiB 99.91%
11:42:48	88.29GiB / 300GiB 100.00%
11:43:19	88.29GiB / 300GiB 100.12%
11:43:50	88.29GiB / 300GiB 100.02%
11:44:21	88.29GiB / 300GiB 100.48%
11:44:52	88.3GiB / 300GiB 99.92%
11:45:23	88.3GiB / 300GiB 99.79%
11:45:54	88.3GiB / 300GiB 100.01%
11:46:25	88.3GiB / 300GiB 100.00%
11:46:56	88.3GiB / 300GiB 100.27%
11:47:27	88.3GiB / 300GiB 99.93%
11:47:58	88.3GiB / 300GiB 100.10%
11:48:29	88.3GiB / 300GiB 99.79%
11:49:00	88.3GiB / 300GiB 100.13%
11:49:31	88.3GiB / 300GiB 100.00%
11:50:02	88.3GiB / 300GiB 100.02%
11:50:33	88.3GiB / 300GiB 100.10%
11:51:04	88.3GiB / 300GiB 99.42%
11:51:35	88.3GiB / 300GiB 100.01%
11:52:06	88.3GiB / 300GiB 99.90%
11:52:37	88.3GiB / 300GiB 100.02%
11:53:08	88.3GiB / 300GiB 100.00%
11:53:39	88.3GiB / 300GiB 100.01%
11:54:10	88.3GiB / 300GiB 99.92%
11:54:41	88.3GiB / 300GiB 100.02%
11:55:12	88.3GiB / 300GiB 100.02%
11:55:43	88.3GiB / 300GiB 100.11%
11:56:15	88.3GiB / 300GiB 100.01%
11:56:46	88.3GiB / 300GiB 99.89%
11:57:17	88.3GiB / 300GiB 98.37%
11:57:48	88.3GiB / 300GiB 99.99%
11:58:19	88.3GiB / 300GiB 100.03%
11:58:50	88.3GiB / 300GiB 100.06%
11:59:21	88.3GiB / 300GiB 100.01%
11:59:52	88.3GiB / 300GiB 99.81%
12:00:23	88.3GiB / 300GiB 100.11%
12:00:54	88.3GiB / 300GiB 100.02%
12:01:25	88.3GiB / 300GiB 100.05%
12:01:56	88.3GiB / 300GiB 100.11%
12:02:27	88.3GiB / 300GiB 100.09%
12:02:58	88.3GiB / 300GiB 100.13%
12:03:29	88.3GiB / 300GiB 100.00%
12:04:00	88.3GiB / 300GiB 100.00%
12:04:31	88.3GiB / 300GiB 99.90%
12:05:02	88.3GiB / 300GiB 100.02%
12:05:33	88.3GiB / 300GiB 100.00%
12:06:04	88.3GiB / 300GiB 100.01%
12:06:35	88.3GiB / 300GiB 100.21%
12:07:06	88.3GiB / 300GiB 99.85%
12:07:37	88.3GiB / 300GiB 99.62%
12:08:08	88.3GiB / 300GiB 100.02%
12:08:39	88.3GiB / 300GiB 99.93%
12:09:10	88.3GiB / 300GiB 99.43%
12:09:42	88.3GiB / 300GiB 100.01%
12:10:13	88.3GiB / 300GiB 100.12%
12:10:44	88.3GiB / 300GiB 99.91%
12:11:15	88.3GiB / 300GiB 100.02%
12:11:46	88.3GiB / 300GiB 100.10%
12:12:17	88.31GiB / 300GiB 100.00%
12:12:48	88.31GiB / 300GiB 99.36%
12:13:19	88.31GiB / 300GiB 99.60%
12:13:50	88.31GiB / 300GiB 100.10%
12:14:21	88.31GiB / 300GiB 99.24%
12:14:52	88.31GiB / 300GiB 100.33%
12:15:23	88.31GiB / 300GiB 100.13%
12:15:54	88.31GiB / 300GiB 100.00%
12:16:25	88.31GiB / 300GiB 99.71%
12:16:56	88.31GiB / 300GiB 97.84%
12:17:27	88.31GiB / 300GiB 99.91%
12:17:58	88.31GiB / 300GiB 100.15%
12:18:29	88.31GiB / 300GiB 100.02%
12:19:00	88.31GiB / 300GiB 100.01%
12:19:31	88.31GiB / 300GiB 100.22%
12:20:02	88.31GiB / 300GiB 100.07%
12:20:33	88.31GiB / 300GiB 100.01%
12:21:04	88.31GiB / 300GiB 100.01%
12:21:35	88.31GiB / 300GiB 100.21%
12:22:06	88.31GiB / 300GiB 100.11%
12:22:37	88.31GiB / 300GiB 99.81%
12:23:09	88.31GiB / 300GiB 100.02%
12:23:40	88.31GiB / 300GiB 100.11%
12:24:11	88.31GiB / 300GiB 100.00%
12:24:42	88.31GiB / 300GiB 100.14%
12:25:13	88.31GiB / 300GiB 100.13%
12:25:44	88.31GiB / 300GiB 100.08%
12:26:15	88.31GiB / 300GiB 99.76%
12:26:46	88.31GiB / 300GiB 100.06%
12:27:17	88.31GiB / 300GiB 100.10%
12:27:48	88.31GiB / 300GiB 100.02%
12:28:19	88.31GiB / 300GiB 100.02%
12:28:50	88.31GiB / 300GiB 100.11%
12:29:21	88.31GiB / 300GiB 100.00%
12:29:52	88.31GiB / 300GiB 100.01%
12:30:23	88.31GiB / 300GiB 100.09%
12:30:54	88.31GiB / 300GiB 100.02%
12:31:25	88.31GiB / 300GiB 100.01%
12:31:56	88.31GiB / 300GiB 100.11%
12:32:27	88.31GiB / 300GiB 100.11%
12:32:58	88.31GiB / 300GiB 100.11%
12:33:29	88.31GiB / 300GiB 100.22%
12:34:00	88.31GiB / 300GiB 100.01%
12:34:31	88.31GiB / 300GiB 100.11%
12:35:02	88.31GiB / 300GiB 100.01%
12:35:33	88.31GiB / 300GiB 100.07%
12:36:04	88.31GiB / 300GiB 100.22%
12:36:35	88.31GiB / 300GiB 99.78%
12:37:07	88.31GiB / 300GiB 99.93%
12:37:38	88.31GiB / 300GiB 99.67%
12:38:09	88.31GiB / 300GiB 99.71%
12:38:40	88.31GiB / 300GiB 100.26%
12:39:11	88.31GiB / 300GiB 99.91%
12:39:42	88.31GiB / 300GiB 99.61%
12:40:13	88.31GiB / 300GiB 100.01%
12:40:44	88.31GiB / 300GiB 99.99%
12:41:15	88.31GiB / 300GiB 99.30%
12:41:46	88.31GiB / 300GiB 98.54%
12:42:17	88.31GiB / 300GiB 100.01%
12:42:48	88.31GiB / 300GiB 100.12%
12:43:19	88.31GiB / 300GiB 100.19%
12:43:50	88.31GiB / 300GiB 99.92%
12:44:21	88.31GiB / 300GiB 100.02%
12:44:52	88.31GiB / 300GiB 98.45%
12:45:23	88.31GiB / 300GiB 99.72%
12:45:54	88.31GiB / 300GiB 99.89%
12:46:25	88.31GiB / 300GiB 98.73%
12:46:56	88.31GiB / 300GiB 99.90%
12:47:27	88.31GiB / 300GiB 100.08%
12:47:58	88.31GiB / 300GiB 100.01%
12:48:29	88.31GiB / 300GiB 100.01%
12:49:00	88.31GiB / 300GiB 100.03%
12:49:31	88.31GiB / 300GiB 99.92%
12:50:03	88.32GiB / 300GiB 99.91%
12:50:34	88.32GiB / 300GiB 100.06%
12:51:05	88.32GiB / 300GiB 100.02%
12:51:36	88.32GiB / 300GiB 99.82%
12:52:07	88.32GiB / 300GiB 100.17%
12:52:38	88.32GiB / 300GiB 100.12%
12:53:09	88.32GiB / 300GiB 100.00%
12:53:40	88.32GiB / 300GiB 100.10%
12:54:11	88.32GiB / 300GiB 99.94%
12:54:42	88.32GiB / 300GiB 100.01%
12:55:13	88.32GiB / 300GiB 100.01%
12:55:44	88.32GiB / 300GiB 99.70%
12:56:15	88.32GiB / 300GiB 100.20%
12:56:46	88.32GiB / 300GiB 99.14%
12:57:17	88.32GiB / 300GiB 100.10%
12:57:48	88.32GiB / 300GiB 100.01%
12:58:19	88.32GiB / 300GiB 100.11%
12:58:50	88.32GiB / 300GiB 100.03%
12:59:21	88.32GiB / 300GiB 100.11%
12:59:52	88.32GiB / 300GiB 100.04%
13:00:23	88.32GiB / 300GiB 99.81%
13:00:54	88.32GiB / 300GiB 100.10%
13:01:25	88.32GiB / 300GiB 99.72%
13:01:56	88.32GiB / 300GiB 99.70%
13:02:27	88.32GiB / 300GiB 99.91%
13:02:58	88.32GiB / 300GiB 100.00%
13:03:30	88.32GiB / 300GiB 100.01%
13:04:01	88.32GiB / 300GiB 100.11%
13:04:32	88.32GiB / 300GiB 99.99%
13:05:03	88.32GiB / 300GiB 100.00%
13:05:34	88.32GiB / 300GiB 100.01%
13:06:05	88.32GiB / 300GiB 99.94%
13:06:36	88.32GiB / 300GiB 99.94%
13:07:07	88.32GiB / 300GiB 99.93%
13:07:38	88.32GiB / 300GiB 99.90%
13:08:09	88.32GiB / 300GiB 100.09%
13:08:40	88.32GiB / 300GiB 100.11%
13:09:11	88.32GiB / 300GiB 98.62%
13:09:42	88.32GiB / 300GiB 100.01%
13:10:13	88.32GiB / 300GiB 100.00%
13:10:44	88.32GiB / 300GiB 99.71%
13:11:15	88.32GiB / 300GiB 100.07%
13:11:46	88.32GiB / 300GiB 99.95%
13:12:17	88.32GiB / 300GiB 99.88%
13:12:48	88.32GiB / 300GiB 100.02%
13:13:19	88.32GiB / 300GiB 99.91%
13:13:50	88.32GiB / 300GiB 100.12%
13:14:21	88.32GiB / 300GiB 100.03%
13:14:52	88.32GiB / 300GiB 100.00%
13:15:23	88.32GiB / 300GiB 100.11%
13:15:54	88.32GiB / 300GiB 99.81%
13:16:25	88.33GiB / 300GiB 99.83%
13:16:57	88.33GiB / 300GiB 100.11%
13:17:28	88.33GiB / 300GiB 100.15%
13:17:59	88.33GiB / 300GiB 99.90%
13:18:30	88.33GiB / 300GiB 99.43%
13:19:01	88.33GiB / 300GiB 100.15%
13:19:32	88.33GiB / 300GiB 99.42%
13:20:03	88.33GiB / 300GiB 100.12%
13:20:34	88.33GiB / 300GiB 100.12%
13:21:05	88.33GiB / 300GiB 100.14%
13:21:36	88.33GiB / 300GiB 99.65%
13:22:07	88.33GiB / 300GiB 99.67%
13:22:38	88.33GiB / 300GiB 99.91%
13:23:09	88.33GiB / 300GiB 100.09%
13:23:40	88.33GiB / 300GiB 100.02%
13:24:11	88.33GiB / 300GiB 99.05%
13:24:42	88.33GiB / 300GiB 100.12%
13:25:13	88.33GiB / 300GiB 100.12%
13:25:44	88.33GiB / 300GiB 100.25%
13:26:15	88.33GiB / 300GiB 99.61%
13:26:46	88.33GiB / 300GiB 99.52%
13:27:17	88.33GiB / 300GiB 99.67%
13:27:48	88.33GiB / 300GiB 100.04%
13:28:19	88.33GiB / 300GiB 99.88%
13:28:50	88.33GiB / 300GiB 100.10%
13:29:22	88.33GiB / 300GiB 100.01%
13:29:53	88.33GiB / 300GiB 99.95%
13:30:24	88.33GiB / 300GiB 100.03%
13:30:55	88.33GiB / 300GiB 99.83%
13:31:26	88.33GiB / 300GiB 99.89%
13:31:57	88.33GiB / 300GiB 99.79%
13:32:28	88.33GiB / 300GiB 100.00%
13:32:59	88.33GiB / 300GiB 99.91%
13:33:30	88.33GiB / 300GiB 100.12%
13:34:01	88.33GiB / 300GiB 99.83%
13:34:32	88.33GiB / 300GiB 100.02%
13:35:03	88.33GiB / 300GiB 99.90%
13:35:34	88.33GiB / 300GiB 99.13%
13:36:05	88.33GiB / 300GiB 99.81%
13:36:36	88.34GiB / 300GiB 99.88%
13:37:07	88.34GiB / 300GiB 100.01%
13:37:38	88.34GiB / 300GiB 99.95%
13:38:09	88.34GiB / 300GiB 99.48%
13:38:40	88.34GiB / 300GiB 98.39%
13:39:11	88.34GiB / 300GiB 100.09%
13:39:42	88.34GiB / 300GiB 100.14%
13:40:13	88.34GiB / 300GiB 99.28%
13:40:44	88.34GiB / 300GiB 99.83%
13:41:15	88.34GiB / 300GiB 100.01%
13:41:46	88.34GiB / 300GiB 99.94%
13:42:17	88.34GiB / 300GiB 99.95%
13:42:49	88.34GiB / 300GiB 100.10%
13:43:20	88.34GiB / 300GiB 100.02%
13:43:51	88.34GiB / 300GiB 100.09%
13:44:22	88.34GiB / 300GiB 99.03%
13:44:53	88.34GiB / 300GiB 99.92%
13:45:24	88.34GiB / 300GiB 100.03%
13:45:55	88.34GiB / 300GiB 100.05%
13:46:26	88.34GiB / 300GiB 99.90%
13:46:57	88.34GiB / 300GiB 99.81%
13:47:28	88.34GiB / 300GiB 99.91%
13:47:59	88.34GiB / 300GiB 96.42%
13:48:30	88.34GiB / 300GiB 100.11%
13:49:01	88.34GiB / 300GiB 100.02%
13:49:32	88.34GiB / 300GiB 100.12%
13:50:03	88.34GiB / 300GiB 99.91%
13:50:34	88.34GiB / 300GiB 96.16%
13:51:05	88.34GiB / 300GiB 99.81%
13:51:36	88.34GiB / 300GiB 99.98%
13:52:07	88.34GiB / 300GiB 100.01%
13:52:38	88.34GiB / 300GiB 100.02%
13:53:09	88.34GiB / 300GiB 98.05%
13:53:40	88.34GiB / 300GiB 97.64%
13:54:11	88.34GiB / 300GiB 100.11%
13:54:42	88.34GiB / 300GiB 100.03%
13:55:13	88.34GiB / 300GiB 98.06%
13:55:45	88.34GiB / 300GiB 99.68%
13:56:16	88.34GiB / 300GiB 97.15%
13:56:47	88.34GiB / 300GiB 99.71%
13:57:18	88.34GiB / 300GiB 99.14%
13:57:49	88.34GiB / 300GiB 99.70%
13:58:20	88.34GiB / 300GiB 99.10%
13:58:51	88.34GiB / 300GiB 99.53%
13:59:22	88.34GiB / 300GiB 100.11%
13:59:53	88.34GiB / 300GiB 99.75%
14:00:24	88.34GiB / 300GiB 100.20%
14:00:55	88.34GiB / 300GiB 99.59%
14:01:26	88.34GiB / 300GiB 99.96%
14:01:57	88.34GiB / 300GiB 99.88%
14:02:28	88.34GiB / 300GiB 100.01%
14:02:59	88.34GiB / 300GiB 98.97%
14:03:30	88.34GiB / 300GiB 100.02%
14:04:01	88.34GiB / 300GiB 100.12%
14:04:32	88.34GiB / 300GiB 99.86%
14:05:03	88.34GiB / 300GiB 99.77%
14:05:34	88.34GiB / 300GiB 100.01%
14:06:05	88.34GiB / 300GiB 99.91%
14:06:36	88.34GiB / 300GiB 100.01%
14:07:07	88.34GiB / 300GiB 99.93%
14:07:38	88.34GiB / 300GiB 99.47%
14:08:09	88.34GiB / 300GiB 99.82%
14:08:40	88.34GiB / 300GiB 99.53%
14:09:12	88.34GiB / 300GiB 99.91%
14:09:43	88.34GiB / 300GiB 100.02%
14:10:14	88.34GiB / 300GiB 99.99%
14:10:45	88.34GiB / 300GiB 100.09%
14:11:16	88.34GiB / 300GiB 100.02%
14:11:47	88.34GiB / 300GiB 100.03%
14:12:18	88.34GiB / 300GiB 99.93%
14:12:49	88.34GiB / 300GiB 99.93%
14:13:20	88.34GiB / 300GiB 99.96%
14:13:51	88.34GiB / 300GiB 100.21%
14:14:22	88.35GiB / 300GiB 99.92%
14:14:53	88.35GiB / 300GiB 100.00%
14:15:24	88.35GiB / 300GiB 99.87%
14:15:55	88.35GiB / 300GiB 99.93%
14:16:26	88.35GiB / 300GiB 99.72%
14:16:57	88.35GiB / 300GiB 100.27%
14:17:28	88.35GiB / 300GiB 100.11%
14:17:59	88.35GiB / 300GiB 100.02%
14:18:30	88.35GiB / 300GiB 99.47%
14:19:01	88.35GiB / 300GiB 100.07%
14:19:32	88.35GiB / 300GiB 100.02%
14:20:03	88.35GiB / 300GiB 99.69%
14:20:34	88.35GiB / 300GiB 100.02%
14:21:05	88.35GiB / 300GiB 100.02%
14:21:36	88.35GiB / 300GiB 100.10%
14:22:08	88.35GiB / 300GiB 100.20%
14:22:39	88.35GiB / 300GiB 99.72%
14:23:10	88.35GiB / 300GiB 99.83%
14:23:41	88.35GiB / 300GiB 100.01%
14:24:12	88.35GiB / 300GiB 99.94%
14:24:43	88.35GiB / 300GiB 100.11%
14:25:14	88.35GiB / 300GiB 100.02%
14:25:45	88.35GiB / 300GiB 99.86%
14:26:16	88.35GiB / 300GiB 100.13%
14:26:47	88.35GiB / 300GiB 99.67%
14:27:18	88.35GiB / 300GiB 99.93%
14:27:49	88.35GiB / 300GiB 99.19%
14:28:20	88.35GiB / 300GiB 100.18%
14:28:51	88.35GiB / 300GiB 100.00%
14:29:22	88.35GiB / 300GiB 100.09%
14:29:53	88.35GiB / 300GiB 100.02%
14:30:24	88.35GiB / 300GiB 99.41%
14:30:55	88.35GiB / 300GiB 99.98%
14:31:26	88.35GiB / 300GiB 99.80%
14:31:57	88.35GiB / 300GiB 100.17%
14:32:28	88.35GiB / 300GiB 99.24%
14:32:59	88.35GiB / 300GiB 100.06%
14:33:30	88.35GiB / 300GiB 100.03%
14:34:01	88.35GiB / 300GiB 99.45%
14:34:32	88.35GiB / 300GiB 100.21%
14:35:03	88.35GiB / 300GiB 99.95%
14:35:35	88.35GiB / 300GiB 100.11%
14:36:06	88.35GiB / 300GiB 100.12%
14:36:37	88.35GiB / 300GiB 100.01%
14:37:08	88.35GiB / 300GiB 100.15%
14:37:39	88.35GiB / 300GiB 99.93%
14:38:10	88.35GiB / 300GiB 100.02%
14:38:41	88.35GiB / 300GiB 100.21%
14:39:12	88.35GiB / 300GiB 99.92%
14:39:43	88.35GiB / 300GiB 100.02%
14:40:14	88.35GiB / 300GiB 99.96%
14:40:45	88.35GiB / 300GiB 99.90%
14:41:16	88.35GiB / 300GiB 99.45%
14:41:47	88.35GiB / 300GiB 99.34%
14:42:18	88.35GiB / 300GiB 99.72%
14:42:49	88.35GiB / 300GiB 100.05%
14:43:20	88.35GiB / 300GiB 100.02%
14:43:51	88.35GiB / 300GiB 100.01%
14:44:22	88.35GiB / 300GiB 99.41%
14:44:53	88.35GiB / 300GiB 99.86%
14:45:24	88.35GiB / 300GiB 99.95%
14:45:55	88.35GiB / 300GiB 100.14%
14:46:26	88.35GiB / 300GiB 100.06%
14:46:57	88.35GiB / 300GiB 100.16%
14:47:28	88.35GiB / 300GiB 99.92%
14:47:59	88.35GiB / 300GiB 100.02%
14:48:30	88.35GiB / 300GiB 100.03%
14:49:02	88.35GiB / 300GiB 100.02%
14:49:33	88.35GiB / 300GiB 98.52%
14:50:04	88.35GiB / 300GiB 100.21%
14:50:35	88.35GiB / 300GiB 100.03%
14:51:06	88.35GiB / 300GiB 98.66%
14:51:37	88.35GiB / 300GiB 99.65%
14:52:08	88.35GiB / 300GiB 100.20%
14:52:39	88.35GiB / 300GiB 99.92%
14:53:10	88.35GiB / 300GiB 98.31%
14:53:41	88.35GiB / 300GiB 99.91%
14:54:12	88.35GiB / 300GiB 100.00%
14:54:43	88.35GiB / 300GiB 100.11%
14:55:14	88.35GiB / 300GiB 99.91%
14:55:45	88.35GiB / 300GiB 100.00%
14:56:16	88.35GiB / 300GiB 100.22%
14:56:47	88.35GiB / 300GiB 99.91%
14:57:18	88.36GiB / 300GiB 99.99%
14:57:49	88.36GiB / 300GiB 100.01%
14:58:20	88.36GiB / 300GiB 99.88%
14:58:51	88.36GiB / 300GiB 99.92%
14:59:22	88.36GiB / 300GiB 99.99%
14:59:53	88.36GiB / 300GiB 100.21%
15:00:24	88.36GiB / 300GiB 99.91%
15:00:55	88.36GiB / 300GiB 100.03%
15:01:26	88.36GiB / 300GiB 100.02%
15:01:57	88.36GiB / 300GiB 99.91%
15:02:29	88.36GiB / 300GiB 100.11%
15:03:00	88.36GiB / 300GiB 100.36%
15:03:31	88.36GiB / 300GiB 99.89%
15:04:02	88.36GiB / 300GiB 100.12%
15:04:33	88.36GiB / 300GiB 100.03%
15:05:04	88.36GiB / 300GiB 100.00%
15:05:35	88.36GiB / 300GiB 99.93%
15:06:06	88.36GiB / 300GiB 100.12%
15:06:37	88.36GiB / 300GiB 100.03%
15:07:08	88.36GiB / 300GiB 100.10%
15:07:39	88.36GiB / 300GiB 99.97%
15:08:10	88.36GiB / 300GiB 100.01%
15:08:41	88.36GiB / 300GiB 100.01%
15:09:12	88.36GiB / 300GiB 100.02%
15:09:43	88.36GiB / 300GiB 100.01%
15:10:14	88.36GiB / 300GiB 100.00%
15:10:45	88.36GiB / 300GiB 99.98%
15:11:16	88.36GiB / 300GiB 99.43%
15:11:47	88.36GiB / 300GiB 100.04%
15:12:18	88.36GiB / 300GiB 100.01%
15:12:49	88.36GiB / 300GiB 99.92%
15:13:20	88.36GiB / 300GiB 100.02%
15:13:51	88.36GiB / 300GiB 100.03%
15:14:22	88.36GiB / 300GiB 100.02%
15:14:53	88.36GiB / 300GiB 100.01%
15:15:24	88.36GiB / 300GiB 100.01%
15:15:55	88.36GiB / 300GiB 100.12%
15:16:27	88.36GiB / 300GiB 100.11%
15:16:58	88.36GiB / 300GiB 99.73%
15:17:29	88.36GiB / 300GiB 99.99%
15:18:00	88.36GiB / 300GiB 100.11%
15:18:31	88.36GiB / 300GiB 100.09%
15:19:02	88.36GiB / 300GiB 100.11%
15:19:33	88.36GiB / 300GiB 100.11%
15:20:04	88.36GiB / 300GiB 99.67%
15:20:35	88.36GiB / 300GiB 100.03%
15:21:06	88.36GiB / 300GiB 99.81%
15:21:37	88.36GiB / 300GiB 100.00%
15:22:08	88.36GiB / 300GiB 99.67%
15:22:39	88.36GiB / 300GiB 99.91%
15:23:10	88.36GiB / 300GiB 100.01%
15:23:41	88.36GiB / 300GiB 99.62%
15:24:12	88.36GiB / 300GiB 100.13%
15:24:43	88.36GiB / 300GiB 99.89%
15:25:14	88.36GiB / 300GiB 100.02%
15:25:45	88.36GiB / 300GiB 100.20%
15:26:16	88.36GiB / 300GiB 100.00%
15:26:47	88.36GiB / 300GiB 100.11%
15:27:18	88.36GiB / 300GiB 99.90%
15:27:49	88.36GiB / 300GiB 99.91%
15:28:20	88.36GiB / 300GiB 100.12%
15:28:51	88.36GiB / 300GiB 99.80%
15:29:22	88.36GiB / 300GiB 100.01%
15:29:54	88.36GiB / 300GiB 100.09%
15:30:25	88.36GiB / 300GiB 100.13%
15:30:56	88.36GiB / 300GiB 99.91%
15:31:27	88.36GiB / 300GiB 100.11%
15:31:58	88.36GiB / 300GiB 99.91%
15:32:29	88.36GiB / 300GiB 100.00%
15:33:00	88.36GiB / 300GiB 99.93%
15:33:31	88.36GiB / 300GiB 100.02%
15:34:02	88.36GiB / 300GiB 100.01%
15:34:33	88.36GiB / 300GiB 100.02%
15:35:04	88.36GiB / 300GiB 100.19%
15:35:35	88.36GiB / 300GiB 99.86%
15:36:06	88.36GiB / 300GiB 100.10%
15:36:37	88.36GiB / 300GiB 100.02%
15:37:08	88.36GiB / 300GiB 100.00%
15:37:39	88.36GiB / 300GiB 100.10%
15:38:10	88.36GiB / 300GiB 99.63%
15:38:41	88.36GiB / 300GiB 100.01%
15:39:12	88.36GiB / 300GiB 100.03%
15:39:43	88.36GiB / 300GiB 99.95%
15:40:14	88.36GiB / 300GiB 100.01%
15:40:45	88.36GiB / 300GiB 100.11%
15:41:16	88.36GiB / 300GiB 100.11%
15:41:47	88.36GiB / 300GiB 100.03%
15:42:18	88.36GiB / 300GiB 100.06%
15:42:49	88.36GiB / 300GiB 99.93%
15:43:21	88.36GiB / 300GiB 100.02%
15:43:52	88.36GiB / 300GiB 100.11%
15:44:23	88.36GiB / 300GiB 100.10%
15:44:54	88.36GiB / 300GiB 100.20%
15:45:25	88.36GiB / 300GiB 99.87%
15:45:56	88.36GiB / 300GiB 100.01%
15:46:27	88.36GiB / 300GiB 100.29%
15:46:58	88.37GiB / 300GiB 100.01%
15:47:29	88.37GiB / 300GiB 100.02%
15:48:00	88.37GiB / 300GiB 100.00%
15:48:31	88.37GiB / 300GiB 100.05%
15:49:02	88.37GiB / 300GiB 99.28%
15:49:33	88.37GiB / 300GiB 99.94%
15:50:04	88.37GiB / 300GiB 99.78%
15:50:35	88.37GiB / 300GiB 99.12%
15:51:06	88.37GiB / 300GiB 100.21%
15:51:37	88.37GiB / 300GiB 99.72%
15:52:08	88.37GiB / 300GiB 99.61%
15:52:39	88.37GiB / 300GiB 100.02%
15:53:10	88.37GiB / 300GiB 99.34%
15:53:41	88.37GiB / 300GiB 100.12%
15:54:12	88.37GiB / 300GiB 100.10%
15:54:43	88.37GiB / 300GiB 99.91%
15:55:14	88.37GiB / 300GiB 99.90%
15:55:45	88.37GiB / 300GiB 100.06%
15:56:17	88.37GiB / 300GiB 99.91%
15:56:48	88.37GiB / 300GiB 99.92%
15:57:19	88.37GiB / 300GiB 100.12%
15:57:50	88.37GiB / 300GiB 100.10%
15:58:21	88.37GiB / 300GiB 100.01%
15:58:52	88.37GiB / 300GiB 99.92%
15:59:23	88.37GiB / 300GiB 100.03%
15:59:54	88.37GiB / 300GiB 100.02%
16:00:25	88.37GiB / 300GiB 100.02%
16:00:56	88.37GiB / 300GiB 100.12%
16:01:27	88.37GiB / 300GiB 100.01%
16:01:58	88.37GiB / 300GiB 100.02%
16:02:29	88.37GiB / 300GiB 100.04%
16:03:00	88.37GiB / 300GiB 100.02%
16:03:31	88.37GiB / 300GiB 100.13%
16:04:02	88.37GiB / 300GiB 100.03%
16:04:33	88.37GiB / 300GiB 100.02%
16:05:04	88.37GiB / 300GiB 100.01%
16:05:35	88.37GiB / 300GiB 100.02%
16:06:06	88.37GiB / 300GiB 100.00%
16:06:37	88.37GiB / 300GiB 100.20%
16:07:08	88.37GiB / 300GiB 100.01%
16:07:39	88.37GiB / 300GiB 100.11%
16:08:10	88.37GiB / 300GiB 100.24%
16:08:41	88.37GiB / 300GiB 100.12%
16:09:12	88.37GiB / 300GiB 100.12%
16:09:44	88.37GiB / 300GiB 100.10%
16:10:15	88.37GiB / 300GiB 100.00%
16:10:46	88.37GiB / 300GiB 100.02%
16:11:17	88.37GiB / 300GiB 100.06%
16:11:48	88.37GiB / 300GiB 100.03%
16:12:19	88.37GiB / 300GiB 100.11%
16:12:50	88.37GiB / 300GiB 99.58%
16:13:21	88.37GiB / 300GiB 100.02%
16:13:52	88.37GiB / 300GiB 100.02%
16:14:23	88.37GiB / 300GiB 100.08%
16:14:54	88.37GiB / 300GiB 99.92%
16:15:25	88.37GiB / 300GiB 99.99%
16:15:56	88.37GiB / 300GiB 100.33%
16:16:27	88.37GiB / 300GiB 100.01%
16:16:58	88.37GiB / 300GiB 100.15%
16:17:29	88.37GiB / 300GiB 99.91%
16:18:00	88.37GiB / 300GiB 100.02%
16:18:31	88.37GiB / 300GiB 100.06%
16:19:02	88.37GiB / 300GiB 100.20%
16:19:33	88.37GiB / 300GiB 100.03%
16:20:04	88.37GiB / 300GiB 100.03%
16:20:35	88.37GiB / 300GiB 100.12%
16:21:06	88.37GiB / 300GiB 99.91%
16:21:37	88.37GiB / 300GiB 100.01%
16:22:08	88.37GiB / 300GiB 100.02%
16:22:39	88.37GiB / 300GiB 99.81%
16:23:10	88.37GiB / 300GiB 99.99%
16:23:42	88.37GiB / 300GiB 100.01%
16:24:13	88.37GiB / 300GiB 100.01%
16:24:44	88.37GiB / 300GiB 99.90%
16:25:15	88.37GiB / 300GiB 99.91%
16:25:46	88.37GiB / 300GiB 99.89%
16:26:17	88.37GiB / 300GiB 99.90%
16:26:48	88.37GiB / 300GiB 100.01%
16:27:19	88.37GiB / 300GiB 99.32%
16:27:50	88.37GiB / 300GiB 99.90%
16:28:21	88.37GiB / 300GiB 99.90%
16:28:52	88.37GiB / 300GiB 99.81%
16:29:23	88.37GiB / 300GiB 100.12%
16:29:54	88.37GiB / 300GiB 99.91%
16:30:25	88.37GiB / 300GiB 100.10%
16:30:56	88.37GiB / 300GiB 100.00%
16:31:27	88.37GiB / 300GiB 100.00%
16:31:58	88.37GiB / 300GiB 99.91%
16:32:29	88.37GiB / 300GiB 99.81%
16:33:00	88.37GiB / 300GiB 100.00%
16:33:31	88.37GiB / 300GiB 99.90%
16:34:02	88.37GiB / 300GiB 100.00%
16:34:33	88.38GiB / 300GiB 100.10%
16:35:04	88.38GiB / 300GiB 100.20%
16:35:35	88.38GiB / 300GiB 100.11%
16:36:07	88.38GiB / 300GiB 100.01%
16:36:38	88.38GiB / 300GiB 100.10%
16:37:09	88.38GiB / 300GiB 100.10%
16:37:40	88.38GiB / 300GiB 100.01%
16:38:11	88.38GiB / 300GiB 100.16%
16:38:42	88.38GiB / 300GiB 100.02%
16:39:13	88.38GiB / 300GiB 100.01%
16:39:44	88.38GiB / 300GiB 99.91%
16:40:15	88.38GiB / 300GiB 99.31%
16:40:46	88.38GiB / 300GiB 100.11%
16:41:17	88.38GiB / 300GiB 99.12%
16:41:48	88.38GiB / 300GiB 99.68%
16:42:19	88.38GiB / 300GiB 100.11%
16:42:50	88.38GiB / 300GiB 100.03%
16:43:21	88.38GiB / 300GiB 99.83%
16:43:52	88.38GiB / 300GiB 100.20%
16:44:23	88.38GiB / 300GiB 100.10%
16:44:54	88.38GiB / 300GiB 99.70%
16:45:25	88.38GiB / 300GiB 100.12%
16:45:56	88.38GiB / 300GiB 99.89%
16:46:27	88.38GiB / 300GiB 100.11%
16:46:58	88.38GiB / 300GiB 100.01%
16:47:29	88.38GiB / 300GiB 99.91%
16:48:00	88.38GiB / 300GiB 99.90%
16:48:31	88.38GiB / 300GiB 100.19%
16:49:03	88.38GiB / 300GiB 99.99%
16:49:34	88.38GiB / 300GiB 100.01%
16:50:05	88.38GiB / 300GiB 100.10%
16:50:36	88.38GiB / 300GiB 100.10%
16:51:07	88.38GiB / 300GiB 99.89%
16:51:38	88.38GiB / 300GiB 100.09%
16:52:09	88.38GiB / 300GiB 100.01%
16:52:40	88.38GiB / 300GiB 99.70%
16:53:11	88.38GiB / 300GiB 96.81%
16:53:42	88.38GiB / 300GiB 99.90%
16:54:13	88.38GiB / 300GiB 99.90%
16:54:44	88.38GiB / 300GiB 99.73%
16:55:15	88.38GiB / 300GiB 100.03%
16:55:46	88.38GiB / 300GiB 100.01%
16:56:17	88.38GiB / 300GiB 99.71%
16:56:48	88.38GiB / 300GiB 100.21%
16:57:19	88.38GiB / 300GiB 99.81%
16:57:50	88.38GiB / 300GiB 100.00%
16:58:21	88.38GiB / 300GiB 100.20%
16:58:52	88.38GiB / 300GiB 100.00%
16:59:23	88.38GiB / 300GiB 100.40%
16:59:54	88.38GiB / 300GiB 100.00%
17:00:25	88.38GiB / 300GiB 100.19%
17:00:56	88.38GiB / 300GiB 99.11%
17:01:27	88.38GiB / 300GiB 100.30%
17:01:58	88.38GiB / 300GiB 100.01%
17:02:30	88.38GiB / 300GiB 100.10%
17:03:01	88.38GiB / 300GiB 100.01%
17:03:32	88.38GiB / 300GiB 99.80%
17:04:03	88.38GiB / 300GiB 100.00%
17:04:34	88.38GiB / 300GiB 99.61%
17:05:05	88.38GiB / 300GiB 100.00%
17:05:36	88.38GiB / 300GiB 99.89%
17:06:07	88.38GiB / 300GiB 99.86%
17:06:38	88.38GiB / 300GiB 99.87%
17:07:09	88.38GiB / 300GiB 100.00%
17:07:40	88.38GiB / 300GiB 99.93%
17:08:11	88.38GiB / 300GiB 100.10%
17:08:42	88.38GiB / 300GiB 100.21%
17:09:13	88.38GiB / 300GiB 100.11%
17:09:44	88.38GiB / 300GiB 100.00%
17:10:15	88.38GiB / 300GiB 99.71%
17:10:46	88.38GiB / 300GiB 100.02%
17:11:17	88.38GiB / 300GiB 100.10%
17:11:48	88.38GiB / 300GiB 100.01%
17:12:19	88.38GiB / 300GiB 99.99%
17:12:50	88.38GiB / 300GiB 100.02%
17:13:21	88.38GiB / 300GiB 100.00%
17:13:52	88.38GiB / 300GiB 100.10%
17:14:23	88.38GiB / 300GiB 99.91%
17:14:54	88.38GiB / 300GiB 100.01%
17:15:26	88.38GiB / 300GiB 99.81%
17:15:57	88.38GiB / 300GiB 100.11%
17:16:28	88.38GiB / 300GiB 100.11%
17:16:59	88.38GiB / 300GiB 100.12%
17:17:30	88.38GiB / 300GiB 100.00%
17:18:01	88.38GiB / 300GiB 100.01%
17:18:32	88.38GiB / 300GiB 100.02%
17:19:03	88.38GiB / 300GiB 100.10%
17:19:34	88.38GiB / 300GiB 100.11%
17:20:05	88.38GiB / 300GiB 99.91%
17:20:36	88.38GiB / 300GiB 100.13%
17:21:07	88.38GiB / 300GiB 100.10%
17:21:38	88.38GiB / 300GiB 100.09%
17:22:09	88.38GiB / 300GiB 100.01%
17:22:40	88.38GiB / 300GiB 100.01%
17:23:11	88.38GiB / 300GiB 100.01%
17:23:42	88.38GiB / 300GiB 99.90%
17:24:13	88.38GiB / 300GiB 100.02%
17:24:44	88.38GiB / 300GiB 99.91%
17:25:15	88.38GiB / 300GiB 100.19%
17:25:46	88.38GiB / 300GiB 99.82%
17:26:17	88.38GiB / 300GiB 100.02%
17:26:48	88.38GiB / 300GiB 100.12%
17:27:19	88.38GiB / 300GiB 100.02%
17:27:50	88.38GiB / 300GiB 100.04%
17:28:21	88.38GiB / 300GiB 100.01%
17:28:52	88.38GiB / 300GiB 100.00%
17:29:24	88.38GiB / 300GiB 100.11%
17:29:55	88.38GiB / 300GiB 99.99%
17:30:26	88.38GiB / 300GiB 100.03%
17:30:57	88.38GiB / 300GiB 100.21%
17:31:28	88.38GiB / 300GiB 100.02%
17:31:59	88.38GiB / 300GiB 100.03%
17:32:30	88.38GiB / 300GiB 99.94%
17:33:01	88.38GiB / 300GiB 100.06%
17:33:32	88.38GiB / 300GiB 100.17%
17:34:03	88.38GiB / 300GiB 99.91%
17:34:34	88.38GiB / 300GiB 100.03%
17:35:05	88.38GiB / 300GiB 100.04%
17:35:36	88.38GiB / 300GiB 100.16%
17:36:07	88.38GiB / 300GiB 99.93%
17:36:38	88.38GiB / 300GiB 100.13%
17:37:09	88.38GiB / 300GiB 100.13%
17:37:40	88.39GiB / 300GiB 100.13%
17:38:11	88.39GiB / 300GiB 100.10%
17:38:42	88.39GiB / 300GiB 100.11%
17:39:13	88.39GiB / 300GiB 100.02%
17:39:44	88.39GiB / 300GiB 100.15%
17:40:15	88.39GiB / 300GiB 100.20%
17:40:46	88.39GiB / 300GiB 99.97%
17:41:17	88.39GiB / 300GiB 100.01%
17:41:48	88.39GiB / 300GiB 100.01%
17:42:19	88.39GiB / 300GiB 99.89%
17:42:50	88.39GiB / 300GiB 99.85%
17:43:22	88.39GiB / 300GiB 100.26%
17:43:53	88.39GiB / 300GiB 100.18%
17:44:24	88.39GiB / 300GiB 100.11%
17:44:55	88.39GiB / 300GiB 100.39%
17:45:26	88.39GiB / 300GiB 100.20%
17:45:57	88.39GiB / 300GiB 100.19%
17:46:28	88.39GiB / 300GiB 100.12%
17:46:59	88.39GiB / 300GiB 100.13%
17:47:30	88.39GiB / 300GiB 100.04%
17:48:01	88.39GiB / 300GiB 100.01%
17:48:32	88.39GiB / 300GiB 99.91%
17:49:03	88.39GiB / 300GiB 99.92%
17:49:34	88.39GiB / 300GiB 100.09%
17:50:05	88.39GiB / 300GiB 100.03%
17:50:36	88.39GiB / 300GiB 100.11%
17:51:07	88.39GiB / 300GiB 99.84%
17:51:38	88.39GiB / 300GiB 99.92%
17:52:09	88.39GiB / 300GiB 100.01%
17:52:40	88.39GiB / 300GiB 100.02%
17:53:11	88.39GiB / 300GiB 99.83%
17:53:42	88.39GiB / 300GiB 99.98%
17:54:13	88.39GiB / 300GiB 99.90%
17:54:44	88.39GiB / 300GiB 100.11%
17:55:15	88.39GiB / 300GiB 99.90%
17:55:46	88.39GiB / 300GiB 99.92%
17:56:17	88.39GiB / 300GiB 100.06%
17:56:48	88.39GiB / 300GiB 100.02%
17:57:20	88.39GiB / 300GiB 100.04%
17:57:51	88.39GiB / 300GiB 100.05%
17:58:22	88.39GiB / 300GiB 99.72%
17:58:53	88.39GiB / 300GiB 99.92%
17:59:24	88.39GiB / 300GiB 100.18%
17:59:55	88.39GiB / 300GiB 99.86%
18:00:26	88.39GiB / 300GiB 99.72%
18:00:57	88.39GiB / 300GiB 99.65%
18:01:28	88.39GiB / 300GiB 100.01%
18:01:59	88.39GiB / 300GiB 100.18%
18:02:30	88.39GiB / 300GiB 100.02%
18:03:01	88.39GiB / 300GiB 100.01%
18:03:32	88.39GiB / 300GiB 98.89%
18:04:03	88.39GiB / 300GiB 100.02%
18:04:34	88.39GiB / 300GiB 100.01%
18:05:05	88.39GiB / 300GiB 100.01%
18:05:36	88.39GiB / 300GiB 100.02%
18:06:07	88.39GiB / 300GiB 99.95%
18:06:38	88.39GiB / 300GiB 99.95%
18:07:09	88.39GiB / 300GiB 100.11%
18:07:40	88.39GiB / 300GiB 100.04%
18:08:11	88.39GiB / 300GiB 100.00%
18:08:42	88.39GiB / 300GiB 100.01%
18:09:13	88.39GiB / 300GiB 100.16%
18:09:44	88.39GiB / 300GiB 100.02%
18:10:15	88.39GiB / 300GiB 100.08%
18:10:46	88.39GiB / 300GiB 100.27%
18:11:18	88.39GiB / 300GiB 100.02%
18:11:49	88.39GiB / 300GiB 100.04%
18:12:20	88.39GiB / 300GiB 100.03%
18:12:51	88.39GiB / 300GiB 100.00%
18:13:22	88.39GiB / 300GiB 99.85%
18:13:53	88.39GiB / 300GiB 100.11%
18:14:24	88.39GiB / 300GiB 100.10%
18:14:55	88.39GiB / 300GiB 100.26%
18:15:26	88.39GiB / 300GiB 100.13%
18:15:57	88.39GiB / 300GiB 100.09%
18:16:28	88.39GiB / 300GiB 100.19%
18:16:59	88.4GiB / 300GiB 100.32%
18:17:30	88.4GiB / 300GiB 100.09%
18:18:01	88.4GiB / 300GiB 100.17%
18:18:32	88.4GiB / 300GiB 100.11%
18:19:03	88.4GiB / 300GiB 100.21%
18:19:34	88.4GiB / 300GiB 100.21%
18:20:05	88.4GiB / 300GiB 100.01%
18:20:36	88.4GiB / 300GiB 100.25%
18:21:07	88.4GiB / 300GiB 100.02%
18:21:38	88.4GiB / 300GiB 100.24%
18:22:09	88.4GiB / 300GiB 100.27%
18:22:40	88.4GiB / 300GiB 100.18%
18:23:11	88.4GiB / 300GiB 99.71%
18:23:42	88.4GiB / 300GiB 100.15%
18:24:13	88.4GiB / 300GiB 100.14%
18:24:44	88.4GiB / 300GiB 100.02%
18:25:15	88.4GiB / 300GiB 100.04%
18:25:46	88.4GiB / 300GiB 100.14%
18:26:17	88.4GiB / 300GiB 100.22%
18:26:48	88.4GiB / 300GiB 100.20%
18:27:19	88.4GiB / 300GiB 100.07%
18:27:51	88.4GiB / 300GiB 100.11%
18:28:22	88.4GiB / 300GiB 100.14%
18:28:53	88.4GiB / 300GiB 99.99%
18:29:24	88.4GiB / 300GiB 100.08%
18:29:55	88.4GiB / 300GiB 100.08%
18:30:26	88.4GiB / 300GiB 100.20%
18:30:57	88.4GiB / 300GiB 100.25%
18:31:28	88.4GiB / 300GiB 100.11%
18:31:59	88.4GiB / 300GiB 100.17%
18:32:30	88.4GiB / 300GiB 100.21%
18:33:01	88.4GiB / 300GiB 100.20%
18:33:32	88.4GiB / 300GiB 100.11%
18:34:03	88.4GiB / 300GiB 100.05%
18:34:34	88.4GiB / 300GiB 100.05%
18:35:05	88.4GiB / 300GiB 100.33%
18:35:36	88.4GiB / 300GiB 100.02%
18:36:07	88.4GiB / 300GiB 100.10%
18:36:38	88.4GiB / 300GiB 100.13%
18:37:09	88.4GiB / 300GiB 100.07%
18:37:40	88.4GiB / 300GiB 99.97%
18:38:11	88.4GiB / 300GiB 100.20%
18:38:42	88.4GiB / 300GiB 100.23%
18:39:13	88.4GiB / 300GiB 99.86%
18:39:44	88.4GiB / 300GiB 100.30%
18:40:15	88.4GiB / 300GiB 100.03%
18:40:46	88.4GiB / 300GiB 100.13%
18:41:17	88.4GiB / 300GiB 100.20%
18:41:48	88.4GiB / 300GiB 100.06%
18:42:19	88.4GiB / 300GiB 100.10%
18:42:50	88.4GiB / 300GiB 100.18%
18:43:21	88.4GiB / 300GiB 100.49%
18:43:53	88.4GiB / 300GiB 100.26%
18:44:24	88.4GiB / 300GiB 100.07%
18:44:55	88.4GiB / 300GiB 100.10%
18:45:26	88.4GiB / 300GiB 100.16%
18:45:57	88.4GiB / 300GiB 100.00%
18:46:28	88.4GiB / 300GiB 100.13%
18:46:59	88.4GiB / 300GiB 100.20%
18:47:30	88.4GiB / 300GiB 100.24%
18:48:01	88.4GiB / 300GiB 100.16%
18:48:32	88.4GiB / 300GiB 100.00%
18:49:03	88.4GiB / 300GiB 100.09%
18:49:34	88.4GiB / 300GiB 100.04%
18:50:05	88.4GiB / 300GiB 100.37%
18:50:36	88.4GiB / 300GiB 100.01%
18:51:07	88.4GiB / 300GiB 99.98%
18:51:38	88.4GiB / 300GiB 100.10%
18:52:09	88.4GiB / 300GiB 100.21%
18:52:40	88.4GiB / 300GiB 100.20%
18:53:11	88.4GiB / 300GiB 100.26%
18:53:42	88.4GiB / 300GiB 100.28%
18:54:13	88.4GiB / 300GiB 100.23%
18:54:44	88.4GiB / 300GiB 100.19%
18:55:15	88.4GiB / 300GiB 100.02%
18:55:46	88.4GiB / 300GiB 99.98%
18:56:17	88.4GiB / 300GiB 100.29%
18:56:48	88.4GiB / 300GiB 100.38%
18:57:19	88.4GiB / 300GiB 100.45%
18:57:50	88.4GiB / 300GiB 100.34%
18:58:21	88.4GiB / 300GiB 100.28%
18:58:52	88.4GiB / 300GiB 100.25%
18:59:23	88.4GiB / 300GiB 100.20%
18:59:54	88.4GiB / 300GiB 100.08%
19:00:25	88.4GiB / 300GiB 100.02%
19:00:57	88.4GiB / 300GiB 100.18%
19:01:28	88.4GiB / 300GiB 100.41%
19:01:59	88.4GiB / 300GiB 100.14%
19:02:30	88.4GiB / 300GiB 100.13%
19:03:01	88.4GiB / 300GiB 100.01%
19:03:32	88.4GiB / 300GiB 100.15%
19:04:03	88.4GiB / 300GiB 99.95%
19:04:34	88.4GiB / 300GiB 99.93%
19:05:05	88.4GiB / 300GiB 100.43%
19:05:36	88.4GiB / 300GiB 100.09%
19:06:07	88.4GiB / 300GiB 100.15%
19:06:38	88.4GiB / 300GiB 100.11%
19:07:09	88.4GiB / 300GiB 100.18%
19:07:40	88.4GiB / 300GiB 100.15%
19:08:11	88.4GiB / 300GiB 99.95%
19:08:42	88.4GiB / 300GiB 100.11%
19:09:13	88.4GiB / 300GiB 100.43%
19:09:44	88.4GiB / 300GiB 100.07%
19:10:15	88.4GiB / 300GiB 100.25%
19:10:46	88.4GiB / 300GiB 100.04%
19:11:17	88.4GiB / 300GiB 100.14%
19:11:48	88.4GiB / 300GiB 100.17%
19:12:19	88.4GiB / 300GiB 100.04%
19:12:50	88.4GiB / 300GiB 100.05%
19:13:21	88.4GiB / 300GiB 100.00%
19:13:52	88.4GiB / 300GiB 99.71%
19:14:23	88.4GiB / 300GiB 100.04%
19:14:54	88.4GiB / 300GiB 100.01%
19:15:25	88.4GiB / 300GiB 100.11%
19:15:57	88.4GiB / 300GiB 100.02%
19:16:28	88.4GiB / 300GiB 100.03%
19:16:59	88.4GiB / 300GiB 100.12%
19:17:30	88.4GiB / 300GiB 100.02%
19:18:01	88.4GiB / 300GiB 100.00%
19:18:32	88.4GiB / 300GiB 100.31%
19:19:03	88.4GiB / 300GiB 100.03%
19:19:34	88.4GiB / 300GiB 100.11%
19:20:05	88.4GiB / 300GiB 99.99%
19:20:36	88.4GiB / 300GiB 100.41%
19:21:07	88.4GiB / 300GiB 99.96%
19:21:38	88.4GiB / 300GiB 100.04%
19:22:09	88.4GiB / 300GiB 100.07%
19:22:40	88.4GiB / 300GiB 99.91%
19:23:11	88.4GiB / 300GiB 99.77%
19:23:42	88.4GiB / 300GiB 99.93%
19:24:13	88.4GiB / 300GiB 100.02%
19:24:44	88.4GiB / 300GiB 100.13%
19:25:15	88.4GiB / 300GiB 100.02%
19:25:46	88.4GiB / 300GiB 100.16%
19:26:17	88.4GiB / 300GiB 100.32%
19:26:48	88.4GiB / 300GiB 100.17%
19:27:19	88.4GiB / 300GiB 100.10%
19:27:50	88.4GiB / 300GiB 100.24%
19:28:21	88.4GiB / 300GiB 100.51%
19:28:52	88.4GiB / 300GiB 100.03%
19:29:23	88.4GiB / 300GiB 100.21%
19:29:54	88.4GiB / 300GiB 100.42%
19:30:25	88.4GiB / 300GiB 100.10%
19:30:57	88.4GiB / 300GiB 99.95%
19:31:28	88.4GiB / 300GiB 100.14%
19:31:59	88.4GiB / 300GiB 99.93%
19:32:30	88.4GiB / 300GiB 100.31%
19:33:01	88.4GiB / 300GiB 100.12%
19:33:32	88.4GiB / 300GiB 100.10%
19:34:03	88.4GiB / 300GiB 99.89%
19:34:34	88.4GiB / 300GiB 99.99%
19:35:05	88.4GiB / 300GiB 99.97%
19:35:36	88.4GiB / 300GiB 100.09%
19:36:07	88.4GiB / 300GiB 100.19%
19:36:38	88.4GiB / 300GiB 100.16%
19:37:09	88.4GiB / 300GiB 100.24%
19:37:40	88.4GiB / 300GiB 100.23%
19:38:11	88.4GiB / 300GiB 100.12%
19:38:42	88.4GiB / 300GiB 100.04%
19:39:13	88.4GiB / 300GiB 100.04%
19:39:44	88.4GiB / 300GiB 100.06%
19:40:15	88.4GiB / 300GiB 100.33%
19:40:46	88.4GiB / 300GiB 99.94%
19:41:17	88.4GiB / 300GiB 100.78%
19:41:48	88.4GiB / 300GiB 100.64%
19:42:19	88.4GiB / 300GiB 100.58%
19:42:50	88.4GiB / 300GiB 99.94%
19:43:21	88.4GiB / 300GiB 100.31%
19:43:52	88.4GiB / 300GiB 100.35%
19:44:23	88.4GiB / 300GiB 100.06%
19:44:54	88.4GiB / 300GiB 100.02%
19:45:25	88.4GiB / 300GiB 100.03%
19:45:56	88.4GiB / 300GiB 100.11%
19:46:28	88.41GiB / 300GiB 100.03%
19:46:59	88.41GiB / 300GiB 100.06%
19:47:30	88.41GiB / 300GiB 100.09%
19:48:01	88.41GiB / 300GiB 100.05%
19:48:32	88.41GiB / 300GiB 100.24%
19:49:03	88.41GiB / 300GiB 100.00%
19:49:34	88.41GiB / 300GiB 100.27%
19:50:05	88.41GiB / 300GiB 100.18%
19:50:36	88.41GiB / 300GiB 100.06%
19:51:07	88.41GiB / 300GiB 100.07%
19:51:38	88.41GiB / 300GiB 100.19%
19:52:09	88.41GiB / 300GiB 100.33%
19:52:40	88.41GiB / 300GiB 100.14%
19:53:11	88.41GiB / 300GiB 100.32%
19:53:42	88.41GiB / 300GiB 100.21%
19:54:13	88.41GiB / 300GiB 100.35%
19:54:44	88.41GiB / 300GiB 100.33%
19:55:15	88.41GiB / 300GiB 100.43%
19:55:46	88.41GiB / 300GiB 100.32%
19:56:17	88.41GiB / 300GiB 100.13%
19:56:48	88.41GiB / 300GiB 100.10%
19:57:19	88.41GiB / 300GiB 100.31%
19:57:50	88.41GiB / 300GiB 100.31%
19:58:21	88.41GiB / 300GiB 100.15%
19:58:52	88.41GiB / 300GiB 100.36%
19:59:23	88.41GiB / 300GiB 100.24%
19:59:54	88.41GiB / 300GiB 100.34%
20:00:25	88.41GiB / 300GiB 100.16%
20:00:56	88.41GiB / 300GiB 100.29%
20:01:27	88.41GiB / 300GiB 100.22%
20:01:58	88.41GiB / 300GiB 100.03%
20:02:30	88.41GiB / 300GiB 100.22%
20:03:01	88.41GiB / 300GiB 100.11%
20:03:32	88.41GiB / 300GiB 99.81%
20:04:03	88.41GiB / 300GiB 100.09%
20:04:34	88.41GiB / 300GiB 99.98%
20:05:05	88.41GiB / 300GiB 100.28%
20:05:36	88.41GiB / 300GiB 100.14%
20:06:07	88.41GiB / 300GiB 100.13%
20:06:38	88.41GiB / 300GiB 100.05%
20:07:09	88.41GiB / 300GiB 100.14%
20:07:40	88.41GiB / 300GiB 100.14%
20:08:11	88.41GiB / 300GiB 99.96%
20:08:42	88.41GiB / 300GiB 100.17%
20:09:13	88.41GiB / 300GiB 99.88%
20:09:44	88.41GiB / 300GiB 100.20%
20:10:15	88.41GiB / 300GiB 100.07%
20:10:46	88.41GiB / 300GiB 100.25%
20:11:17	88.41GiB / 300GiB 100.09%
20:11:48	88.41GiB / 300GiB 100.08%
20:12:19	88.41GiB / 300GiB 100.19%
20:12:50	88.41GiB / 300GiB 100.09%
20:13:21	88.41GiB / 300GiB 100.07%
20:13:52	88.41GiB / 300GiB 100.37%
20:14:23	88.41GiB / 300GiB 100.20%
20:14:54	88.41GiB / 300GiB 100.11%
20:15:25	88.41GiB / 300GiB 100.22%
20:15:56	88.41GiB / 300GiB 100.04%
20:16:27	88.41GiB / 300GiB 100.14%
20:16:58	88.41GiB / 300GiB 100.13%
20:17:29	88.41GiB / 300GiB 100.12%
20:18:01	88.41GiB / 300GiB 100.10%
20:18:32	88.41GiB / 300GiB 100.20%
20:19:03	88.41GiB / 300GiB 100.09%
20:19:34	88.41GiB / 300GiB 99.96%
20:20:05	88.41GiB / 300GiB 99.84%
20:20:36	88.41GiB / 300GiB 99.76%
20:21:07	88.41GiB / 300GiB 100.17%
20:21:38	88.41GiB / 300GiB 100.13%
20:22:09	88.41GiB / 300GiB 99.97%
20:22:40	88.41GiB / 300GiB 100.09%
20:23:11	88.41GiB / 300GiB 100.14%
20:23:42	88.41GiB / 300GiB 100.17%
20:24:13	88.41GiB / 300GiB 100.06%
20:24:44	88.41GiB / 300GiB 100.06%
20:25:15	88.41GiB / 300GiB 100.04%
20:25:46	88.41GiB / 300GiB 100.04%
20:26:17	88.41GiB / 300GiB 100.02%
20:26:48	89.87GiB / 300GiB 100.08%
20:27:19	97.36GiB / 300GiB 100.00%
20:27:50	103.7GiB / 300GiB 100.13%
20:28:21	121.2GiB / 300GiB 100.06%
20:28:52	121.3GiB / 300GiB 100.18%
20:29:23	121.4GiB / 300GiB 100.09%
20:29:54	121.6GiB / 300GiB 100.04%
20:30:25	121.6GiB / 300GiB 100.09%
20:30:56	121.7GiB / 300GiB 100.12%
20:31:27	121.9GiB / 300GiB 100.00%
20:31:58	122GiB / 300GiB 100.03%
20:32:29	122.1GiB / 300GiB 100.04%
20:33:00	122.2GiB / 300GiB 100.15%
20:33:31	122.3GiB / 300GiB 100.14%
20:34:02	122.5GiB / 300GiB 100.06%
20:34:33	122.5GiB / 300GiB 100.16%
20:35:05	122.6GiB / 300GiB 100.13%
20:35:36	122.7GiB / 300GiB 100.18%
20:36:07	122.8GiB / 300GiB 100.38%
20:36:38	122.9GiB / 300GiB 100.47%
20:37:09	123GiB / 300GiB 100.22%
20:37:40	123.2GiB / 300GiB 100.09%
20:38:11	123.3GiB / 300GiB 100.03%
20:38:42	123.4GiB / 300GiB 100.03%
20:39:13	123.5GiB / 300GiB 100.26%
20:39:44	123.6GiB / 300GiB 100.14%
20:40:15	123.7GiB / 300GiB 100.04%
20:40:46	123.8GiB / 300GiB 100.04%
20:41:17	123.9GiB / 300GiB 100.17%
20:41:48	124GiB / 300GiB 100.06%
20:42:19	124.1GiB / 300GiB 100.09%
20:42:50	124.2GiB / 300GiB 100.23%
20:43:21	124.3GiB / 300GiB 100.36%
20:43:52	124.3GiB / 300GiB 99.97%
20:44:23	124.7GiB / 300GiB 99.64%
20:44:54	125.2GiB / 300GiB 100.06%
20:45:25	125.8GiB / 300GiB 100.06%
20:45:56	125.9GiB / 300GiB 100.23%
20:46:27	126GiB / 300GiB 100.20%
20:46:58	126.1GiB / 300GiB 100.19%
20:47:29	126.1GiB / 300GiB 100.03%
20:48:00	126.2GiB / 300GiB 100.20%
20:48:31	126.3GiB / 300GiB 99.99%
20:49:02	126.4GiB / 300GiB 100.05%
20:49:33	126.5GiB / 300GiB 100.10%
20:50:04	126.6GiB / 300GiB 100.23%
20:50:35	126.8GiB / 300GiB 100.05%
20:51:06	126.9GiB / 300GiB 100.15%
20:51:37	127GiB / 300GiB 100.08%
20:52:09	127.1GiB / 300GiB 100.17%
20:52:40	127.2GiB / 300GiB 100.04%
20:53:11	127.3GiB / 300GiB 100.06%
20:53:42	127.4GiB / 300GiB 99.75%
20:54:13	127.5GiB / 300GiB 100.09%
20:54:44	127.6GiB / 300GiB 100.10%
20:55:15	127.7GiB / 300GiB 100.26%
20:55:46	127.8GiB / 300GiB 100.06%
20:56:17	127.9GiB / 300GiB 100.03%
20:56:48	128GiB / 300GiB 100.24%
20:57:19	128.1GiB / 300GiB 100.06%
20:57:50	128.2GiB / 300GiB 100.10%
20:58:21	128.3GiB / 300GiB 100.21%
20:58:52	128.4GiB / 300GiB 100.03%
20:59:23	128.5GiB / 300GiB 100.12%
20:59:54	128.6GiB / 300GiB 100.06%
21:00:25	128.7GiB / 300GiB 100.03%
21:00:56	128.8GiB / 300GiB 100.02%
21:01:27	128.9GiB / 300GiB 100.18%
21:01:58	129GiB / 300GiB 100.16%
21:02:29	129.2GiB / 300GiB 100.17%
21:03:00	129.3GiB / 300GiB 100.13%
21:03:31	129.4GiB / 300GiB 100.02%
21:04:02	129.5GiB / 300GiB 100.01%
21:04:33	129.6GiB / 300GiB 100.02%
21:05:04	129.6GiB / 300GiB 100.11%
21:05:35	129.7GiB / 300GiB 100.00%
21:06:06	129.8GiB / 300GiB 100.12%
21:06:37	129.9GiB / 300GiB 100.03%
21:07:08	130GiB / 300GiB 100.00%
21:07:40	130.1GiB / 300GiB 100.02%
21:08:11	130.2GiB / 300GiB 100.01%
21:08:42	130.3GiB / 300GiB 100.12%
21:09:13	130.3GiB / 300GiB 100.18%
21:09:44	130.3GiB / 300GiB 100.02%
21:10:15	130.3GiB / 300GiB 100.20%
21:10:46	130.3GiB / 300GiB 100.06%
21:11:17	130.3GiB / 300GiB 100.21%
21:11:48	130.3GiB / 300GiB 100.04%
21:12:19	130.3GiB / 300GiB 100.11%
21:12:50	130.3GiB / 300GiB 100.04%
21:13:21	130.3GiB / 300GiB 100.08%
21:13:52	130.3GiB / 300GiB 100.06%
21:14:23	130.3GiB / 300GiB 100.18%
21:14:54	130.3GiB / 300GiB 100.10%
21:15:25	130.3GiB / 300GiB 100.04%
21:15:56	130.3GiB / 300GiB 100.08%
21:16:27	130.3GiB / 300GiB 100.04%
21:16:58	130.3GiB / 300GiB 100.06%
21:17:29	130.3GiB / 300GiB 100.15%
21:18:00	130.3GiB / 300GiB 99.85%
21:18:31	130.3GiB / 300GiB 100.15%
21:19:02	130.3GiB / 300GiB 100.20%
21:19:33	130.3GiB / 300GiB 100.02%
21:20:04	130.3GiB / 300GiB 100.00%
21:20:35	130.3GiB / 300GiB 100.11%
21:21:06	130.3GiB / 300GiB 99.99%
21:21:37	130.3GiB / 300GiB 100.10%
21:22:09	130.3GiB / 300GiB 99.99%
21:22:40	130.3GiB / 300GiB 100.00%
21:23:11	130.3GiB / 300GiB 100.11%
21:23:42	130.3GiB / 300GiB 100.03%
21:24:13	130.3GiB / 300GiB 100.00%
21:24:44	130.3GiB / 300GiB 99.91%
21:25:15	130.3GiB / 300GiB 99.91%
21:25:46	130.3GiB / 300GiB 100.03%
21:26:17	130.3GiB / 300GiB 100.03%
21:26:48	130.3GiB / 300GiB 100.01%
21:27:19	130.3GiB / 300GiB 100.01%
21:27:50	130.3GiB / 300GiB 100.02%
21:28:21	130.3GiB / 300GiB 100.12%
21:28:52	130.3GiB / 300GiB 100.11%
21:29:23	130.3GiB / 300GiB 100.03%
21:29:54	130.3GiB / 300GiB 100.00%
21:30:25	130.3GiB / 300GiB 99.94%
21:30:56	130.3GiB / 300GiB 100.12%
21:31:27	130.3GiB / 300GiB 99.93%
21:31:58	130.3GiB / 300GiB 100.00%
21:32:29	130.3GiB / 300GiB 100.04%
21:33:00	130.3GiB / 300GiB 100.00%
21:33:31	130.3GiB / 300GiB 100.00%
21:34:02	130.3GiB / 300GiB 100.01%
21:34:33	130.3GiB / 300GiB 100.06%
21:35:04	130.3GiB / 300GiB 100.12%
21:35:35	130.3GiB / 300GiB 100.01%
21:36:07	130.3GiB / 300GiB 100.01%
21:36:38	130.3GiB / 300GiB 100.02%
21:37:09	130.3GiB / 300GiB 100.08%
21:37:40	130.3GiB / 300GiB 100.09%
21:38:11	130.3GiB / 300GiB 100.04%
21:38:42	130.3GiB / 300GiB 100.13%
21:39:13	130.3GiB / 300GiB 100.03%
21:39:44	130.3GiB / 300GiB 100.00%
21:40:15	130.3GiB / 300GiB 100.21%
21:40:46	130.3GiB / 300GiB 100.00%
21:41:17	130.3GiB / 300GiB 100.04%
21:41:48	130.3GiB / 300GiB 100.02%
21:42:19	130.3GiB / 300GiB 99.92%
21:42:50	130.3GiB / 300GiB 100.02%
21:43:21	130.3GiB / 300GiB 100.11%
21:43:52	130.3GiB / 300GiB 99.95%
21:44:23	130.3GiB / 300GiB 100.01%
21:44:54	130.3GiB / 300GiB 100.02%
21:45:25	130.3GiB / 300GiB 100.00%
21:45:56	130.3GiB / 300GiB 99.94%
21:46:27	130.3GiB / 300GiB 100.10%
21:46:58	130.3GiB / 300GiB 100.41%
21:47:29	130.3GiB / 300GiB 99.93%
21:48:00	130.3GiB / 300GiB 100.11%
21:48:31	130.3GiB / 300GiB 100.01%
21:49:02	130.3GiB / 300GiB 99.92%
21:49:33	130.3GiB / 300GiB 99.80%
21:50:05	130.3GiB / 300GiB 100.00%
21:50:36	130.3GiB / 300GiB 100.03%
21:51:07	130.3GiB / 300GiB 100.00%
21:51:38	130.3GiB / 300GiB 100.02%
21:52:09	130.3GiB / 300GiB 100.02%
21:52:40	130.3GiB / 300GiB 100.00%
21:53:11	130.3GiB / 300GiB 100.05%
21:53:42	130.3GiB / 300GiB 100.02%
21:54:13	130.3GiB / 300GiB 99.70%
21:54:44	130.3GiB / 300GiB 100.09%
21:55:15	130.3GiB / 300GiB 100.02%
21:55:46	130.3GiB / 300GiB 100.20%
21:56:17	130.3GiB / 300GiB 100.01%
21:56:48	130.3GiB / 300GiB 100.02%
21:57:19	130.3GiB / 300GiB 100.02%
21:57:50	130.3GiB / 300GiB 100.11%
21:58:21	130.3GiB / 300GiB 100.12%
21:58:52	130.3GiB / 300GiB 99.89%
21:59:23	130.3GiB / 300GiB 100.02%
21:59:54	130.3GiB / 300GiB 99.93%
22:00:25	130.3GiB / 300GiB 99.80%
22:00:56	130.3GiB / 300GiB 99.58%
22:01:27	130.3GiB / 300GiB 99.92%
22:01:58	130.3GiB / 300GiB 100.02%
22:02:29	130.3GiB / 300GiB 99.91%
22:03:01	130.3GiB / 300GiB 100.00%
22:03:32	130.3GiB / 300GiB 99.99%
22:04:03	130.3GiB / 300GiB 100.11%
22:04:34	130.3GiB / 300GiB 100.00%
22:05:05	130.3GiB / 300GiB 100.02%
22:05:36	130.3GiB / 300GiB 100.01%
22:06:07	130.3GiB / 300GiB 100.07%
22:06:38	130.3GiB / 300GiB 100.12%
22:07:09	130.3GiB / 300GiB 100.01%
22:07:40	130.3GiB / 300GiB 100.11%
22:08:11	130.3GiB / 300GiB 100.13%
22:08:42	130.3GiB / 300GiB 98.89%
22:09:13	130.3GiB / 300GiB 99.90%
22:09:44	130.3GiB / 300GiB 99.72%
22:10:15	130.3GiB / 300GiB 100.11%
22:10:46	130.3GiB / 300GiB 100.13%
22:11:17	130.3GiB / 300GiB 100.04%
22:11:48	130.3GiB / 300GiB 99.71%
22:12:19	130.3GiB / 300GiB 100.01%
22:12:50	130.3GiB / 300GiB 100.06%
22:13:21	130.3GiB / 300GiB 100.02%
22:13:52	130.3GiB / 300GiB 99.96%
22:14:23	130.3GiB / 300GiB 99.94%
22:14:54	130.3GiB / 300GiB 100.07%
22:15:25	130.3GiB / 300GiB 99.93%
22:15:56	130.3GiB / 300GiB 100.06%
22:16:27	130.3GiB / 300GiB 100.09%
22:16:59	130.3GiB / 300GiB 100.10%
22:17:30	130.3GiB / 300GiB 100.02%
22:18:01	130.3GiB / 300GiB 100.15%
22:18:32	130.3GiB / 300GiB 100.12%
22:19:03	130.3GiB / 300GiB 100.15%
22:19:34	130.3GiB / 300GiB 100.05%
22:20:05	130.3GiB / 300GiB 100.06%
22:20:36	130.3GiB / 300GiB 99.84%
22:21:07	130.3GiB / 300GiB 100.15%
22:21:38	130.3GiB / 300GiB 99.66%
22:22:09	130.3GiB / 300GiB 100.14%
22:22:40	130.3GiB / 300GiB 100.08%
22:23:11	130.3GiB / 300GiB 100.24%
22:23:42	130.3GiB / 300GiB 100.16%
22:24:13	130.3GiB / 300GiB 100.14%
22:24:44	130.3GiB / 300GiB 100.02%
22:25:15	130.3GiB / 300GiB 99.74%
22:25:46	130.3GiB / 300GiB 100.25%
22:26:17	130.3GiB / 300GiB 100.16%
22:26:48	130.3GiB / 300GiB 100.07%
22:27:19	130.3GiB / 300GiB 99.93%
22:27:50	130.3GiB / 300GiB 100.33%
22:28:21	130.3GiB / 300GiB 100.13%
22:28:52	130.3GiB / 300GiB 99.82%
22:29:23	130.3GiB / 300GiB 100.03%
22:29:54	130.3GiB / 300GiB 100.01%
22:30:26	130.3GiB / 300GiB 99.92%
22:30:57	130.3GiB / 300GiB 99.94%
22:31:28	130.3GiB / 300GiB 99.92%
22:31:59	130.3GiB / 300GiB 100.04%
22:32:30	130.3GiB / 300GiB 100.21%
22:33:01	130.3GiB / 300GiB 100.13%
22:33:32	130.3GiB / 300GiB 100.32%
22:34:03	130.3GiB / 300GiB 100.01%
22:34:34	130.3GiB / 300GiB 99.63%
22:35:05	130.3GiB / 300GiB 100.04%
22:35:36	130.3GiB / 300GiB 100.02%
22:36:07	130.3GiB / 300GiB 99.96%
22:36:38	130.3GiB / 300GiB 100.04%
22:37:09	130.3GiB / 300GiB 100.07%
22:37:40	130.3GiB / 300GiB 100.02%
22:38:11	130.3GiB / 300GiB 100.10%
22:38:42	130.3GiB / 300GiB 99.71%
22:39:13	130.3GiB / 300GiB 99.97%
22:39:44	130.3GiB / 300GiB 100.21%
22:40:15	130.3GiB / 300GiB 100.06%
22:40:46	130.3GiB / 300GiB 100.11%
22:41:17	130.3GiB / 300GiB 100.20%
22:41:48	130.3GiB / 300GiB 100.25%
22:42:19	130.3GiB / 300GiB 100.01%
22:42:50	130.3GiB / 300GiB 100.12%
22:43:21	130.3GiB / 300GiB 100.04%
22:43:52	130.3GiB / 300GiB 100.06%
22:44:24	130.3GiB / 300GiB 100.13%
22:44:55	130.3GiB / 300GiB 100.17%
22:45:26	130.3GiB / 300GiB 100.02%
22:45:57	130.3GiB / 300GiB 100.02%
22:46:28	130.3GiB / 300GiB 100.13%
22:46:59	130.3GiB / 300GiB 99.95%
22:47:30	130.3GiB / 300GiB 99.82%
22:48:01	130.3GiB / 300GiB 100.14%
22:48:32	130.3GiB / 300GiB 100.00%
22:49:03	130.3GiB / 300GiB 100.02%
22:49:34	130.3GiB / 300GiB 100.01%
22:50:05	130.3GiB / 300GiB 100.03%
22:50:36	130.3GiB / 300GiB 100.29%
22:51:07	130.3GiB / 300GiB 100.15%
22:51:38	130.3GiB / 300GiB 100.10%
22:52:09	130.3GiB / 300GiB 99.95%
22:52:40	130.3GiB / 300GiB 100.02%
22:53:11	130.3GiB / 300GiB 100.18%
22:53:42	130.3GiB / 300GiB 99.98%
22:54:13	130.3GiB / 300GiB 100.03%
22:54:44	130.3GiB / 300GiB 100.01%
22:55:15	130.3GiB / 300GiB 100.13%
22:55:46	130.3GiB / 300GiB 100.01%
22:56:17	130.3GiB / 300GiB 100.03%
22:56:48	130.3GiB / 300GiB 100.04%
22:57:19	130.3GiB / 300GiB 100.15%
22:57:50	130.3GiB / 300GiB 100.06%
22:58:22	130.3GiB / 300GiB 100.08%
22:58:53	130.3GiB / 300GiB 100.18%
22:59:24	130.3GiB / 300GiB 100.05%
22:59:55	130.3GiB / 300GiB 100.04%
23:00:26	130.3GiB / 300GiB 99.96%
23:00:57	130.3GiB / 300GiB 100.17%
23:01:28	130.3GiB / 300GiB 99.93%
23:01:59	130.3GiB / 300GiB 100.05%
23:02:30	130.3GiB / 300GiB 100.16%
23:03:01	130.3GiB / 300GiB 100.23%
23:03:32	130.3GiB / 300GiB 100.13%
23:04:03	130.3GiB / 300GiB 99.93%
23:04:34	130.3GiB / 300GiB 99.93%
23:05:05	130.3GiB / 300GiB 100.02%
23:05:36	130.3GiB / 300GiB 99.92%
23:06:07	130.3GiB / 300GiB 100.27%
23:06:38	130.3GiB / 300GiB 100.07%
23:07:09	130.3GiB / 300GiB 100.10%
23:07:40	130.3GiB / 300GiB 100.06%
23:08:11	130.3GiB / 300GiB 100.12%
23:08:42	130.3GiB / 300GiB 100.09%
23:09:13	130.3GiB / 300GiB 100.00%
23:09:44	130.3GiB / 300GiB 100.01%
23:10:15	130.3GiB / 300GiB 100.00%
23:10:46	130.3GiB / 300GiB 99.91%
23:11:17	130.3GiB / 300GiB 100.07%
23:11:48	130.3GiB / 300GiB 100.03%
23:12:19	130.3GiB / 300GiB 100.05%
23:12:51	130.3GiB / 300GiB 99.92%
23:13:22	130.3GiB / 300GiB 100.13%
23:13:53	130.3GiB / 300GiB 100.02%
23:14:24	130.3GiB / 300GiB 100.02%
23:14:55	130.3GiB / 300GiB 100.03%
23:15:26	130.3GiB / 300GiB 100.07%
23:15:57	130.3GiB / 300GiB 100.12%
23:16:28	130.3GiB / 300GiB 100.03%
23:16:59	130.3GiB / 300GiB 100.10%
23:17:30	130.3GiB / 300GiB 100.12%
23:18:01	130.3GiB / 300GiB 99.96%
23:18:32	130.3GiB / 300GiB 100.02%
23:19:03	130.3GiB / 300GiB 99.91%
23:19:34	130.3GiB / 300GiB 100.05%
23:20:05	130.3GiB / 300GiB 100.03%
23:20:36	130.3GiB / 300GiB 100.12%
23:21:07	130.3GiB / 300GiB 100.03%
23:21:38	130.3GiB / 300GiB 100.01%
23:22:09	130.3GiB / 300GiB 100.07%
23:22:40	130.3GiB / 300GiB 99.92%
23:23:11	130.3GiB / 300GiB 99.98%
23:23:42	130.3GiB / 300GiB 100.04%
23:24:13	130.3GiB / 300GiB 100.03%
23:24:44	130.3GiB / 300GiB 100.02%
23:25:15	130.3GiB / 300GiB 100.24%
23:25:46	130.3GiB / 300GiB 100.04%
23:26:17	130.3GiB / 300GiB 100.01%
23:26:48	130.3GiB / 300GiB 100.02%
23:27:20	130.3GiB / 300GiB 100.06%
23:27:51	130.3GiB / 300GiB 100.01%
23:28:22	130.3GiB / 300GiB 100.02%
23:28:53	130.3GiB / 300GiB 100.08%
23:29:24	130.3GiB / 300GiB 100.01%
23:29:55	130.3GiB / 300GiB 100.37%
23:30:26	130.3GiB / 300GiB 100.06%
23:30:57	130.3GiB / 300GiB 100.29%
23:31:28	130.3GiB / 300GiB 100.18%
23:31:59	130.3GiB / 300GiB 100.33%
23:32:30	130.3GiB / 300GiB 100.03%
23:33:01	130.3GiB / 300GiB 100.01%
23:33:32	130.3GiB / 300GiB 100.13%
23:34:03	130.3GiB / 300GiB 100.04%
23:34:34	130.3GiB / 300GiB 100.03%
23:35:05	130.3GiB / 300GiB 100.13%
23:35:36	130.3GiB / 300GiB 100.14%
23:36:07	130.3GiB / 300GiB 99.81%
23:36:38	130.3GiB / 300GiB 100.14%
23:37:09	130.3GiB / 300GiB 100.06%
23:37:40	130.3GiB / 300GiB 100.23%
23:38:11	130.3GiB / 300GiB 100.06%
23:38:42	130.3GiB / 300GiB 100.08%
23:39:13	130.3GiB / 300GiB 100.17%
23:39:44	130.3GiB / 300GiB 100.35%
23:40:15	130.3GiB / 300GiB 100.21%
23:40:46	130.3GiB / 300GiB 100.04%
23:41:17	130.3GiB / 300GiB 100.00%
23:41:48	130.3GiB / 300GiB 100.12%
23:42:19	130.3GiB / 300GiB 100.01%
23:42:51	130.3GiB / 300GiB 99.91%
23:43:22	130.3GiB / 300GiB 100.02%
23:43:53	130.3GiB / 300GiB 99.95%
23:44:24	130.3GiB / 300GiB 99.94%
23:44:55	130.3GiB / 300GiB 100.05%
23:45:26	130.3GiB / 300GiB 100.04%
23:45:57	130.3GiB / 300GiB 100.07%
23:46:28	130.3GiB / 300GiB 99.96%
23:46:59	130.3GiB / 300GiB 100.15%
23:47:30	130.3GiB / 300GiB 100.24%
23:48:01	130.3GiB / 300GiB 100.15%
23:48:32	130.3GiB / 300GiB 99.93%
23:49:03	130.3GiB / 300GiB 100.23%
23:49:34	130.3GiB / 300GiB 100.05%
23:50:05	130.3GiB / 300GiB 100.03%
23:50:36	130.3GiB / 300GiB 100.13%
23:51:07	130.3GiB / 300GiB 100.06%
23:51:38	130.3GiB / 300GiB 100.07%
23:52:09	130.3GiB / 300GiB 100.28%
23:52:40	130.3GiB / 300GiB 100.09%
23:53:11	130.3GiB / 300GiB 100.12%
23:53:42	130.3GiB / 300GiB 100.09%
23:54:13	130.3GiB / 300GiB 99.83%
23:54:44	130.3GiB / 300GiB 100.17%
23:55:15	130.3GiB / 300GiB 100.15%
23:55:46	130.3GiB / 300GiB 99.98%
23:56:17	130.3GiB / 300GiB 100.14%
23:56:48	130.3GiB / 300GiB 99.94%
23:57:20	130.3GiB / 300GiB 100.04%
23:57:51	130.3GiB / 300GiB 100.07%
23:58:22	130.3GiB / 300GiB 100.01%
23:58:53	130.3GiB / 300GiB 100.24%
23:59:24	130.3GiB / 300GiB 99.92%
23:59:55	130.3GiB / 300GiB 100.17%
00:00:26	130.3GiB / 300GiB 100.08%
00:00:57	130.3GiB / 300GiB 100.08%
00:01:28	130.3GiB / 300GiB 100.17%
00:01:59	130.3GiB / 300GiB 100.13%
00:02:30	130.3GiB / 300GiB 99.90%
00:03:01	130.3GiB / 300GiB 99.93%
00:03:32	130.3GiB / 300GiB 100.10%
00:04:03	130.3GiB / 300GiB 100.03%
00:04:34	130.3GiB / 300GiB 100.00%
00:05:05	130.3GiB / 300GiB 100.02%
00:05:36	130.3GiB / 300GiB 100.03%
00:06:07	130.3GiB / 300GiB 100.05%
00:06:38	130.3GiB / 300GiB 100.03%
00:07:09	130.3GiB / 300GiB 100.14%
00:07:40	130.3GiB / 300GiB 100.06%
00:08:11	130.3GiB / 300GiB 100.04%
00:08:42	130.3GiB / 300GiB 100.29%
00:09:13	130.3GiB / 300GiB 99.93%
00:09:44	130.3GiB / 300GiB 100.16%
00:10:15	130.3GiB / 300GiB 100.04%
00:10:46	130.3GiB / 300GiB 100.12%
00:11:17	130.3GiB / 300GiB 99.82%
00:11:48	130.3GiB / 300GiB 100.17%
00:12:20	130.3GiB / 300GiB 100.17%
00:12:51	130.3GiB / 300GiB 100.39%
00:13:22	130.3GiB / 300GiB 100.40%
00:13:53	130.3GiB / 300GiB 100.15%
00:14:24	130.3GiB / 300GiB 99.93%
00:14:55	130.3GiB / 300GiB 99.86%
00:15:26	130.3GiB / 300GiB 100.04%
00:15:57	130.3GiB / 300GiB 99.85%
00:16:28	130.3GiB / 300GiB 100.00%
00:16:59	130.3GiB / 300GiB 100.14%
00:17:30	130.3GiB / 300GiB 100.38%
00:18:01	130.3GiB / 300GiB 100.16%
00:18:32	130.3GiB / 300GiB 100.14%
00:19:03	130.3GiB / 300GiB 100.25%
00:19:34	130.3GiB / 300GiB 100.12%
00:20:05	130.3GiB / 300GiB 100.00%
00:20:36	130.3GiB / 300GiB 100.22%
00:21:07	130.3GiB / 300GiB 100.17%
00:21:38	130.3GiB / 300GiB 100.11%
00:22:09	130.3GiB / 300GiB 100.05%
00:22:40	130.3GiB / 300GiB 100.01%
00:23:11	130.3GiB / 300GiB 100.11%
00:23:42	130.3GiB / 300GiB 100.04%
00:24:13	130.3GiB / 300GiB 99.93%
00:24:44	130.3GiB / 300GiB 100.11%
00:25:15	130.3GiB / 300GiB 100.03%
00:25:46	130.3GiB / 300GiB 100.12%
00:26:17	130.3GiB / 300GiB 100.20%
00:26:49	130.3GiB / 300GiB 100.04%
00:27:20	130.3GiB / 300GiB 100.04%
00:27:51	130.3GiB / 300GiB 100.21%
00:28:22	130.3GiB / 300GiB 100.01%
00:28:53	130.3GiB / 300GiB 100.02%
00:29:24	130.3GiB / 300GiB 100.03%
00:29:55	130.3GiB / 300GiB 100.23%
00:30:26	130.3GiB / 300GiB 100.11%
00:30:57	130.3GiB / 300GiB 100.03%
00:31:28	130.3GiB / 300GiB 100.06%
00:31:59	130.3GiB / 300GiB 100.16%
00:32:30	130.3GiB / 300GiB 100.30%
00:33:01	130.3GiB / 300GiB 100.07%
00:33:32	130.3GiB / 300GiB 100.06%
00:34:03	130.3GiB / 300GiB 100.26%
00:34:34	130.3GiB / 300GiB 100.01%
00:35:05	130.3GiB / 300GiB 100.04%
00:35:36	130.3GiB / 300GiB 100.05%
00:36:07	130.3GiB / 300GiB 100.04%
00:36:38	130.3GiB / 300GiB 100.07%
00:37:09	130.3GiB / 300GiB 100.18%
00:37:40	130.3GiB / 300GiB 99.84%
00:38:11	130.3GiB / 300GiB 100.16%
00:38:42	130.3GiB / 300GiB 100.07%
00:39:13	130.3GiB / 300GiB 99.79%
00:39:44	130.3GiB / 300GiB 100.04%
00:40:15	130.3GiB / 300GiB 100.02%
00:40:46	130.3GiB / 300GiB 100.17%
00:41:17	130.3GiB / 300GiB 100.02%
00:41:48	130.3GiB / 300GiB 100.03%
00:42:20	130.3GiB / 300GiB 100.10%
00:42:51	130.3GiB / 300GiB 100.03%
00:43:22	130.3GiB / 300GiB 100.16%
00:43:53	130.3GiB / 300GiB 100.13%
00:44:24	130.3GiB / 300GiB 100.08%
00:44:55	130.3GiB / 300GiB 100.04%
00:45:26	130.3GiB / 300GiB 100.38%
00:45:57	130.3GiB / 300GiB 100.34%
00:46:28	130.3GiB / 300GiB 100.02%
00:46:59	130.3GiB / 300GiB 100.07%
00:47:30	130.3GiB / 300GiB 100.14%
00:48:01	130.3GiB / 300GiB 100.07%
00:48:32	130.3GiB / 300GiB 100.17%
00:49:03	130.3GiB / 300GiB 100.23%
00:49:34	130.3GiB / 300GiB 100.02%
00:50:05	130.3GiB / 300GiB 100.10%
00:50:36	130.3GiB / 300GiB 100.02%
00:51:07	130.3GiB / 300GiB 100.11%
00:51:38	130.3GiB / 300GiB 100.03%
00:52:09	130.3GiB / 300GiB 100.17%
00:52:40	130.3GiB / 300GiB 100.28%
00:53:11	130.3GiB / 300GiB 100.10%
00:53:42	130.3GiB / 300GiB 99.94%
00:54:13	130.3GiB / 300GiB 100.07%
00:54:44	130.3GiB / 300GiB 100.05%
00:55:15	130.3GiB / 300GiB 99.88%
00:55:46	130.3GiB / 300GiB 99.97%
00:56:17	130.3GiB / 300GiB 100.12%
00:56:48	130.3GiB / 300GiB 100.07%
00:57:19	130.3GiB / 300GiB 100.32%
00:57:50	130.3GiB / 300GiB 100.12%
00:58:21	130.3GiB / 300GiB 99.93%
00:58:52	130.3GiB / 300GiB 100.24%
00:59:23	130.3GiB / 300GiB 100.00%
00:59:55	130.3GiB / 300GiB 99.99%
01:00:26	130.3GiB / 300GiB 100.11%
01:00:57	130.3GiB / 300GiB 100.15%
01:01:28	130.3GiB / 300GiB 99.99%
01:01:59	130.3GiB / 300GiB 100.03%
01:02:30	130.3GiB / 300GiB 100.04%
01:03:01	130.3GiB / 300GiB 100.00%
01:03:32	130.3GiB / 300GiB 100.10%
01:04:03	130.3GiB / 300GiB 100.20%
01:04:34	130.3GiB / 300GiB 100.22%
01:05:05	130.3GiB / 300GiB 100.07%
01:05:36	130.3GiB / 300GiB 100.17%
01:06:07	130.3GiB / 300GiB 100.13%
01:06:38	130.3GiB / 300GiB 100.14%
01:07:09	130.3GiB / 300GiB 100.56%
01:07:40	130.3GiB / 300GiB 100.40%
01:08:11	130.3GiB / 300GiB 100.19%
01:08:42	130.3GiB / 300GiB 100.13%
01:09:13	130.3GiB / 300GiB 100.05%
01:09:44	130.3GiB / 300GiB 100.14%
01:10:15	130.3GiB / 300GiB 100.11%
01:10:46	130.3GiB / 300GiB 100.47%
01:11:17	130.3GiB / 300GiB 100.70%
01:11:48	130.3GiB / 300GiB 100.13%
01:12:19	130.3GiB / 300GiB 100.05%
01:12:50	130.3GiB / 300GiB 100.02%
01:13:21	130.3GiB / 300GiB 100.15%
01:13:52	130.3GiB / 300GiB 100.08%
01:14:23	130.3GiB / 300GiB 100.04%
01:14:54	130.3GiB / 300GiB 100.10%
01:15:25	130.3GiB / 300GiB 100.13%
01:15:56	130.3GiB / 300GiB 99.98%
01:16:27	130.3GiB / 300GiB 100.10%
01:16:58	130.3GiB / 300GiB 100.28%
01:17:30	130.3GiB / 300GiB 100.03%
01:18:01	130.3GiB / 300GiB 100.58%
01:18:32	130.3GiB / 300GiB 100.25%
01:19:03	130.3GiB / 300GiB 100.34%
01:19:34	130.3GiB / 300GiB 100.24%
01:20:05	130.3GiB / 300GiB 100.04%
01:20:36	130.3GiB / 300GiB 100.22%
01:21:07	130.3GiB / 300GiB 100.19%
01:21:38	130.3GiB / 300GiB 100.11%
01:22:09	130.3GiB / 300GiB 100.18%
01:22:40	130.3GiB / 300GiB 100.31%
01:23:11	130.3GiB / 300GiB 100.56%
01:23:42	130.3GiB / 300GiB 100.57%
01:24:13	130.3GiB / 300GiB 100.37%
01:24:44	130.3GiB / 300GiB 100.58%
01:25:15	130.3GiB / 300GiB 100.10%
01:25:46	130.3GiB / 300GiB 100.37%
01:26:17	130.3GiB / 300GiB 100.15%
01:26:48	130.3GiB / 300GiB 100.35%
01:27:19	130.3GiB / 300GiB 100.62%
01:27:50	130.3GiB / 300GiB 100.28%
01:28:21	130.3GiB / 300GiB 100.17%
01:28:52	130.3GiB / 300GiB 100.22%
01:29:23	130.3GiB / 300GiB 100.16%
01:29:54	130.3GiB / 300GiB 100.08%
01:30:25	130.3GiB / 300GiB 100.24%
01:30:56	130.3GiB / 300GiB 100.21%
01:31:27	130.3GiB / 300GiB 100.12%
01:31:58	130.3GiB / 300GiB 100.10%
01:32:29	130.3GiB / 300GiB 99.88%
01:33:00	130.3GiB / 300GiB 99.40%
01:33:31	130.3GiB / 300GiB 100.56%
01:34:02	130.3GiB / 300GiB 100.10%
01:34:33	130.3GiB / 300GiB 100.31%
01:35:04	130.3GiB / 300GiB 100.11%
01:35:36	130.3GiB / 300GiB 100.28%
01:36:07	130.3GiB / 300GiB 100.09%
01:36:38	130.3GiB / 300GiB 100.13%
01:37:09	130.3GiB / 300GiB 100.32%
01:37:40	130.3GiB / 300GiB 100.20%
01:38:11	130.3GiB / 300GiB 100.20%
01:38:42	130.3GiB / 300GiB 100.18%
01:39:13	130.3GiB / 300GiB 100.30%
01:39:44	130.3GiB / 300GiB 100.32%
01:40:15	130.3GiB / 300GiB 100.12%
01:40:46	130.3GiB / 300GiB 100.24%
01:41:17	130.3GiB / 300GiB 100.08%
01:41:48	130.3GiB / 300GiB 100.21%
01:42:19	130.3GiB / 300GiB 100.29%
01:42:50	130.3GiB / 300GiB 100.69%
01:43:21	130.3GiB / 300GiB 100.31%
01:43:52	130.3GiB / 300GiB 100.18%
01:44:23	130.3GiB / 300GiB 100.10%
01:44:54	130.3GiB / 300GiB 99.96%
01:45:25	130.3GiB / 300GiB 100.11%
01:45:56	130.3GiB / 300GiB 100.10%
01:46:27	130.3GiB / 300GiB 100.03%
01:46:58	130.3GiB / 300GiB 100.40%
01:47:29	130.3GiB / 300GiB 100.06%
01:48:00	130.3GiB / 300GiB 100.11%
01:48:31	130.3GiB / 300GiB 100.29%
01:49:02	130.3GiB / 300GiB 100.15%
01:49:33	130.3GiB / 300GiB 100.16%
01:50:04	130.3GiB / 300GiB 100.12%
01:50:35	130.3GiB / 300GiB 100.19%
01:51:06	130.3GiB / 300GiB 99.83%
01:51:37	130.3GiB / 300GiB 100.24%
01:52:08	130.3GiB / 300GiB 100.02%
01:52:40	130.3GiB / 300GiB 100.15%
01:53:11	130.3GiB / 300GiB 100.10%
01:53:42	130.3GiB / 300GiB 100.09%
01:54:13	130.3GiB / 300GiB 100.10%
01:54:44	130.3GiB / 300GiB 100.20%
01:55:15	130.3GiB / 300GiB 100.01%
01:55:46	130.3GiB / 300GiB 100.22%
01:56:17	130.3GiB / 300GiB 100.05%
01:56:48	130.3GiB / 300GiB 100.26%
01:57:19	130.3GiB / 300GiB 100.60%
01:57:50	130.3GiB / 300GiB 100.03%
01:58:21	130.3GiB / 300GiB 100.11%
01:58:52	130.3GiB / 300GiB 100.04%
01:59:23	130.3GiB / 300GiB 100.05%
01:59:54	130.3GiB / 300GiB 100.12%
02:00:25	130.3GiB / 300GiB 100.06%
02:00:56	130.3GiB / 300GiB 100.13%
02:01:27	130.3GiB / 300GiB 100.23%
02:01:58	130.3GiB / 300GiB 100.07%
02:02:29	130.3GiB / 300GiB 100.16%
02:03:00	130.3GiB / 300GiB 100.26%
02:03:31	130.3GiB / 300GiB 100.08%
02:04:02	130.3GiB / 300GiB 100.21%
02:04:33	130.3GiB / 300GiB 100.04%
02:05:04	130.3GiB / 300GiB 99.75%
02:05:35	130.3GiB / 300GiB 100.06%
02:06:06	130.3GiB / 300GiB 100.16%
02:06:37	130.3GiB / 300GiB 100.14%
02:07:08	130.3GiB / 300GiB 100.14%
02:07:39	130.3GiB / 300GiB 100.06%
02:08:10	130.3GiB / 300GiB 100.05%
02:08:41	130.3GiB / 300GiB 100.06%
02:09:13	130.3GiB / 300GiB 100.00%
02:09:44	130.3GiB / 300GiB 100.11%
02:10:15	130.3GiB / 300GiB 100.04%
02:10:46	130.3GiB / 300GiB 98.55%
02:11:17	130.3GiB / 300GiB 100.02%
02:11:48	130.3GiB / 300GiB 99.95%
02:12:19	130.3GiB / 300GiB 100.04%
02:12:50	130.3GiB / 300GiB 100.03%
02:13:21	130.3GiB / 300GiB 100.03%
02:13:52	130.3GiB / 300GiB 100.05%
02:14:23	130.3GiB / 300GiB 100.04%
02:14:54	130.3GiB / 300GiB 100.20%
02:15:25	130.3GiB / 300GiB 100.03%
02:15:56	130.3GiB / 300GiB 100.03%
02:16:27	130.3GiB / 300GiB 100.14%
02:16:58	130.3GiB / 300GiB 100.05%
02:17:29	130.3GiB / 300GiB 100.12%
02:18:00	130.3GiB / 300GiB 100.08%
02:18:31	130.3GiB / 300GiB 100.03%
02:19:02	130.3GiB / 300GiB 100.05%
02:19:33	130.3GiB / 300GiB 100.00%
02:20:04	130.3GiB / 300GiB 100.10%
02:20:35	130.3GiB / 300GiB 100.13%
02:21:06	130.3GiB / 300GiB 99.96%
02:21:37	130.3GiB / 300GiB 100.24%
02:22:08	130.3GiB / 300GiB 100.06%
02:22:39	130.3GiB / 300GiB 100.14%
02:23:10	130.3GiB / 300GiB 100.22%
02:23:41	130.3GiB / 300GiB 100.05%
02:24:12	130.3GiB / 300GiB 100.05%
02:24:43	130.3GiB / 300GiB 100.38%
02:25:14	130.3GiB / 300GiB 100.19%
02:25:45	130.3GiB / 300GiB 99.99%
02:26:16	130.3GiB / 300GiB 100.13%
02:26:48	130.3GiB / 300GiB 100.14%
02:27:19	130.3GiB / 300GiB 100.21%
02:27:50	130.3GiB / 300GiB 100.09%
02:28:21	130.3GiB / 300GiB 100.53%
02:28:52	130.3GiB / 300GiB 100.16%
02:29:23	130.3GiB / 300GiB 100.16%
02:29:54	130.3GiB / 300GiB 100.17%
02:30:25	130.3GiB / 300GiB 100.02%
02:30:56	130.3GiB / 300GiB 100.05%
02:31:27	130.3GiB / 300GiB 100.15%
02:31:58	130.3GiB / 300GiB 99.97%
02:32:29	130.3GiB / 300GiB 100.19%
02:33:00	130.3GiB / 300GiB 100.04%
02:33:31	130.3GiB / 300GiB 100.06%
02:34:02	130.3GiB / 300GiB 100.04%
02:34:33	130.3GiB / 300GiB 100.12%
02:35:04	130.3GiB / 300GiB 99.98%
02:35:35	130.3GiB / 300GiB 100.14%
02:36:06	130.3GiB / 300GiB 99.98%
02:36:37	130.3GiB / 300GiB 100.00%
02:37:08	130.3GiB / 300GiB 100.58%
02:37:39	130.3GiB / 300GiB 100.43%
02:38:10	130.3GiB / 300GiB 100.22%
02:38:41	130.3GiB / 300GiB 100.15%
02:39:12	130.3GiB / 300GiB 100.05%
02:39:43	130.3GiB / 300GiB 100.88%
02:40:14	130.3GiB / 300GiB 100.42%
02:40:45	130.3GiB / 300GiB 100.01%
02:41:16	130.3GiB / 300GiB 100.02%
02:41:47	130.3GiB / 300GiB 100.06%
02:42:18	130.3GiB / 300GiB 100.13%
02:42:49	130.3GiB / 300GiB 99.97%
02:43:20	130.3GiB / 300GiB 100.17%
02:43:51	130.3GiB / 300GiB 100.14%
02:44:22	130.3GiB / 300GiB 99.95%
02:44:53	130.3GiB / 300GiB 100.64%
02:45:25	130.3GiB / 300GiB 100.12%
02:45:56	130.3GiB / 300GiB 100.21%
02:46:27	130.3GiB / 300GiB 100.05%
02:46:58	130.3GiB / 300GiB 100.07%
02:47:29	130.3GiB / 300GiB 99.93%
02:48:00	130.3GiB / 300GiB 100.07%
02:48:31	130.3GiB / 300GiB 100.03%
02:49:02	130.3GiB / 300GiB 100.06%
02:49:33	130.3GiB / 300GiB 100.00%
02:50:04	130.3GiB / 300GiB 99.90%
02:50:35	130.3GiB / 300GiB 100.05%
02:51:06	130.3GiB / 300GiB 100.08%
02:51:37	130.3GiB / 300GiB 100.11%
02:52:08	130.3GiB / 300GiB 99.96%
02:52:39	130.3GiB / 300GiB 100.05%
02:53:10	130.3GiB / 300GiB 100.54%
02:53:41	130.3GiB / 300GiB 99.95%
02:54:12	130.3GiB / 300GiB 100.03%
02:54:43	130.3GiB / 300GiB 100.47%
02:55:14	130.3GiB / 300GiB 99.96%
02:55:45	130.3GiB / 300GiB 100.06%
02:56:16	130.3GiB / 300GiB 100.53%
02:56:47	130.3GiB / 300GiB 100.03%
02:57:18	130.3GiB / 300GiB 100.67%
02:57:49	130.3GiB / 300GiB 100.09%
02:58:20	130.3GiB / 300GiB 100.13%
02:58:51	130.3GiB / 300GiB 100.07%
02:59:22	130.3GiB / 300GiB 100.04%
02:59:53	130.3GiB / 300GiB 99.98%
03:00:24	130.3GiB / 300GiB 100.40%
03:00:55	130.3GiB / 300GiB 100.08%
03:01:26	130.3GiB / 300GiB 100.17%
03:01:57	130.3GiB / 300GiB 97.93%
03:02:29	130.3GiB / 300GiB 100.15%
03:03:00	130.3GiB / 300GiB 100.01%
03:03:31	130.3GiB / 300GiB 99.97%
03:04:02	130.3GiB / 300GiB 100.04%
03:04:33	130.3GiB / 300GiB 100.11%
03:05:04	130.3GiB / 300GiB 99.83%
03:05:35	130.3GiB / 300GiB 100.01%
03:06:06	130.3GiB / 300GiB 99.98%
03:06:37	130.3GiB / 300GiB 100.03%
03:07:08	130.3GiB / 300GiB 100.28%
03:07:39	130.3GiB / 300GiB 100.26%
03:08:10	130.3GiB / 300GiB 100.26%
03:08:41	130.3GiB / 300GiB 100.04%
03:09:12	130.3GiB / 300GiB 100.33%
03:09:43	130.3GiB / 300GiB 100.14%
03:10:14	130.3GiB / 300GiB 99.97%
03:10:45	130.3GiB / 300GiB 100.22%
03:11:16	130.3GiB / 300GiB 99.92%
03:11:47	130.3GiB / 300GiB 100.05%
03:12:18	130.3GiB / 300GiB 100.57%
03:12:49	130.3GiB / 300GiB 100.16%
03:13:20	130.3GiB / 300GiB 100.31%
03:13:51	130.3GiB / 300GiB 99.94%
03:14:22	130.3GiB / 300GiB 100.02%
03:14:53	130.3GiB / 300GiB 100.03%
03:15:24	130.3GiB / 300GiB 100.05%
03:15:55	130.3GiB / 300GiB 100.17%
03:16:26	130.3GiB / 300GiB 100.49%
03:16:57	130.3GiB / 300GiB 100.06%
03:17:28	130.3GiB / 300GiB 99.84%
03:17:59	130.3GiB / 300GiB 100.01%
03:18:30	130.3GiB / 300GiB 99.99%
03:19:01	130.3GiB / 300GiB 100.01%
03:19:33	130.3GiB / 300GiB 100.19%
03:20:04	130.3GiB / 300GiB 99.74%
03:20:35	130.3GiB / 300GiB 99.87%
03:21:06	130.3GiB / 300GiB 100.01%
03:21:37	130.3GiB / 300GiB 100.12%
03:22:08	130.3GiB / 300GiB 100.31%
03:22:39	130.3GiB / 300GiB 100.33%
03:23:10	130.3GiB / 300GiB 99.90%
03:23:41	130.3GiB / 300GiB 100.36%
03:24:12	130.3GiB / 300GiB 100.16%
03:24:43	130.3GiB / 300GiB 100.08%
03:25:14	130.3GiB / 300GiB 100.09%
03:25:45	130.3GiB / 300GiB 100.47%
03:26:16	130.3GiB / 300GiB 100.09%
03:26:47	130.3GiB / 300GiB 100.14%
03:27:18	130.3GiB / 300GiB 100.36%
03:27:49	130.3GiB / 300GiB 100.37%
03:28:20	130.3GiB / 300GiB 100.08%
03:28:51	130.3GiB / 300GiB 99.96%
03:29:22	130.3GiB / 300GiB 100.18%
03:29:53	130.3GiB / 300GiB 100.19%
03:30:24	130.3GiB / 300GiB 100.37%
03:30:55	130.3GiB / 300GiB 100.45%
03:31:26	130.3GiB / 300GiB 100.04%
03:31:57	130.3GiB / 300GiB 100.07%
03:32:28	130.3GiB / 300GiB 100.17%
03:32:59	130.3GiB / 300GiB 100.60%
03:33:30	130.3GiB / 300GiB 100.29%
03:34:01	130.3GiB / 300GiB 100.16%
03:34:32	130.3GiB / 300GiB 100.15%
03:35:03	130.3GiB / 300GiB 100.02%
03:35:34	130.3GiB / 300GiB 100.33%
03:36:05	130.3GiB / 300GiB 100.05%
03:36:36	130.3GiB / 300GiB 100.15%
03:37:07	130.3GiB / 300GiB 100.05%
03:37:39	130.3GiB / 300GiB 100.12%
03:38:10	130.3GiB / 300GiB 100.16%
03:38:41	130.3GiB / 300GiB 99.93%
03:39:12	130.3GiB / 300GiB 100.54%
03:39:43	130.3GiB / 300GiB 100.12%
03:40:14	130.3GiB / 300GiB 100.11%
03:40:45	130.3GiB / 300GiB 99.97%
03:41:16	130.3GiB / 300GiB 100.15%
03:41:47	130.3GiB / 300GiB 99.98%
03:42:18	130.3GiB / 300GiB 99.94%
03:42:49	130.3GiB / 300GiB 99.97%
03:43:20	130.3GiB / 300GiB 100.13%
03:43:51	130.3GiB / 300GiB 100.04%
03:44:22	130.3GiB / 300GiB 100.19%
03:44:53	130.3GiB / 300GiB 100.20%
03:45:24	130.3GiB / 300GiB 100.06%
03:45:55	130.3GiB / 300GiB 100.13%
03:46:26	130.3GiB / 300GiB 100.12%
03:46:57	130.3GiB / 300GiB 100.27%
03:47:28	130.3GiB / 300GiB 100.04%
03:47:59	130.3GiB / 300GiB 100.09%
03:48:30	130.3GiB / 300GiB 100.70%
03:49:01	130.3GiB / 300GiB 100.03%
03:49:32	130.3GiB / 300GiB 100.20%
03:50:03	130.3GiB / 300GiB 100.21%
03:50:34	130.3GiB / 300GiB 99.95%
03:51:05	130.3GiB / 300GiB 100.64%
03:51:36	130.3GiB / 300GiB 100.05%
03:52:07	130.3GiB / 300GiB 100.12%
03:52:38	130.3GiB / 300GiB 100.35%
03:53:09	130.3GiB / 300GiB 100.36%
03:53:40	130.3GiB / 300GiB 100.17%
03:54:11	130.3GiB / 300GiB 100.11%
03:54:42	130.3GiB / 300GiB 100.14%
03:55:13	130.3GiB / 300GiB 100.76%
03:55:44	130.3GiB / 300GiB 100.17%
03:56:16	130.3GiB / 300GiB 100.04%
03:56:47	130.3GiB / 300GiB 100.06%
03:57:18	130.3GiB / 300GiB 100.05%
03:57:49	130.3GiB / 300GiB 100.17%
03:58:20	130.3GiB / 300GiB 100.05%
03:58:51	130.3GiB / 300GiB 100.09%
03:59:22	130.3GiB / 300GiB 100.06%
03:59:53	130.3GiB / 300GiB 100.05%
04:00:24	130.3GiB / 300GiB 100.03%
04:00:55	130.3GiB / 300GiB 100.09%
04:01:26	130.3GiB / 300GiB 100.09%
04:01:57	130.3GiB / 300GiB 100.08%
04:02:28	130.3GiB / 300GiB 100.03%
04:02:59	130.3GiB / 300GiB 100.59%
04:03:30	130.3GiB / 300GiB 100.04%
04:04:01	130.3GiB / 300GiB 100.89%
04:04:32	130.3GiB / 300GiB 100.33%
04:05:03	130.3GiB / 300GiB 100.04%
04:05:34	130.3GiB / 300GiB 100.02%
04:06:05	130.3GiB / 300GiB 100.10%
04:06:36	130.3GiB / 300GiB 100.97%
04:07:07	130.3GiB / 300GiB 100.09%
04:07:38	130.3GiB / 300GiB 100.15%
04:08:09	130.3GiB / 300GiB 100.28%
04:08:40	130.3GiB / 300GiB 100.09%
04:09:11	130.3GiB / 300GiB 100.15%
04:09:42	130.3GiB / 300GiB 100.18%
04:10:13	130.3GiB / 300GiB 100.76%
04:10:44	130.3GiB / 300GiB 100.09%
04:11:15	130.3GiB / 300GiB 100.02%
04:11:46	130.3GiB / 300GiB 100.43%
04:12:17	130.3GiB / 300GiB 99.96%
04:12:48	130.3GiB / 300GiB 100.05%
04:13:19	130.3GiB / 300GiB 100.11%
04:13:50	130.3GiB / 300GiB 100.39%
04:14:22	130.3GiB / 300GiB 100.18%
04:14:53	130.3GiB / 300GiB 100.39%
04:15:24	130.3GiB / 300GiB 100.18%
04:15:55	130.3GiB / 300GiB 100.07%
04:16:26	130.3GiB / 300GiB 100.06%
04:16:57	130.3GiB / 300GiB 100.12%
04:17:28	130.3GiB / 300GiB 100.03%
04:17:59	130.3GiB / 300GiB 100.04%
04:18:30	130.3GiB / 300GiB 100.07%
04:19:01	130.3GiB / 300GiB 100.19%
04:19:32	130.3GiB / 300GiB 100.18%
04:20:03	130.3GiB / 300GiB 100.06%
04:20:34	130.3GiB / 300GiB 100.05%
04:21:05	130.3GiB / 300GiB 100.12%
04:21:36	130.3GiB / 300GiB 100.03%
04:22:07	130.3GiB / 300GiB 100.06%
04:22:38	130.3GiB / 300GiB 100.11%
04:23:09	130.3GiB / 300GiB 100.18%
04:23:40	130.3GiB / 300GiB 100.25%
04:24:11	130.3GiB / 300GiB 100.37%
04:24:42	130.3GiB / 300GiB 100.06%
04:25:13	130.3GiB / 300GiB 100.32%
04:25:44	130.3GiB / 300GiB 100.39%
04:26:15	130.3GiB / 300GiB 101.03%
04:26:46	130.3GiB / 300GiB 99.96%
04:27:17	130.3GiB / 300GiB 100.19%
04:27:48	130.3GiB / 300GiB 100.18%
04:28:19	130.3GiB / 300GiB 100.18%
04:28:50	130.3GiB / 300GiB 100.21%
04:29:21	130.3GiB / 300GiB 100.52%
04:29:52	130.3GiB / 300GiB 100.20%
04:30:23	130.3GiB / 300GiB 100.15%
04:30:54	130.3GiB / 300GiB 100.53%
04:31:25	130.3GiB / 300GiB 101.01%
04:31:56	130.3GiB / 300GiB 100.34%
04:32:27	130.3GiB / 300GiB 100.56%
04:32:58	130.3GiB / 300GiB 100.86%
04:33:30	130.3GiB / 300GiB 100.39%
04:34:01	130.3GiB / 300GiB 100.42%
04:34:32	130.3GiB / 300GiB 100.52%
04:35:03	130.3GiB / 300GiB 100.26%
04:35:34	130.3GiB / 300GiB 100.37%
04:36:05	130.3GiB / 300GiB 100.66%
04:36:36	130.3GiB / 300GiB 100.81%
04:37:07	130.3GiB / 300GiB 100.56%
04:37:38	130.3GiB / 300GiB 100.84%
04:38:09	130.3GiB / 300GiB 100.54%
04:38:40	130.3GiB / 300GiB 100.37%
04:39:11	130.3GiB / 300GiB 100.89%
04:39:42	130.3GiB / 300GiB 100.37%
04:40:13	130.3GiB / 300GiB 100.45%
04:40:44	130.3GiB / 300GiB 100.20%
04:41:15	130.3GiB / 300GiB 100.35%
04:41:46	130.3GiB / 300GiB 100.14%
04:42:17	130.3GiB / 300GiB 100.58%
04:42:48	130.3GiB / 300GiB 100.18%
04:43:19	130.3GiB / 300GiB 100.06%
04:43:50	130.3GiB / 300GiB 100.63%
04:44:21	130.3GiB / 300GiB 100.42%
04:44:52	130.3GiB / 300GiB 100.96%
04:45:23	130.3GiB / 300GiB 100.31%
04:45:54	130.3GiB / 300GiB 100.13%
04:46:25	130.3GiB / 300GiB 100.44%
04:46:56	130.3GiB / 300GiB 100.18%
04:47:27	130.3GiB / 300GiB 100.70%
04:47:58	130.3GiB / 300GiB 100.35%
04:48:29	130.3GiB / 300GiB 100.59%
04:49:00	130.3GiB / 300GiB 100.64%
04:49:31	130.3GiB / 300GiB 100.83%
04:50:02	130.3GiB / 300GiB 100.35%
04:50:33	130.3GiB / 300GiB 100.53%
04:51:04	130.3GiB / 300GiB 100.14%
04:51:35	130.3GiB / 300GiB 100.69%
04:52:06	130.3GiB / 300GiB 100.24%
04:52:37	130.3GiB / 300GiB 101.09%
04:53:08	130.3GiB / 300GiB 100.50%
04:53:39	130.3GiB / 300GiB 100.83%
04:54:10	130.3GiB / 300GiB 100.28%
04:54:41	130.3GiB / 300GiB 100.11%
04:55:13	130.3GiB / 300GiB 100.27%
04:55:44	130.3GiB / 300GiB 100.07%
04:56:15	130.3GiB / 300GiB 100.52%
04:56:46	130.3GiB / 300GiB 100.25%
04:57:17	130.3GiB / 300GiB 100.44%
04:57:48	130.3GiB / 300GiB 100.53%
04:58:19	130.3GiB / 300GiB 100.26%
04:58:50	130.3GiB / 300GiB 100.31%
04:59:21	130.3GiB / 300GiB 100.15%
04:59:52	130.3GiB / 300GiB 100.16%
05:00:23	130.3GiB / 300GiB 100.17%
05:00:54	130.3GiB / 300GiB 100.47%
05:01:25	130.3GiB / 300GiB 101.01%
05:01:56	130.3GiB / 300GiB 100.52%
05:02:27	130.3GiB / 300GiB 100.68%
05:02:58	130.3GiB / 300GiB 100.43%
05:03:29	130.3GiB / 300GiB 100.55%
05:04:00	130.3GiB / 300GiB 100.29%
05:04:31	130.3GiB / 300GiB 100.31%
05:05:02	130.3GiB / 300GiB 100.48%
05:05:33	130.3GiB / 300GiB 100.76%
05:06:04	130.3GiB / 300GiB 100.17%
05:06:35	130.3GiB / 300GiB 100.35%
05:07:06	130.3GiB / 300GiB 100.56%
05:07:37	130.3GiB / 300GiB 100.12%
05:08:08	130.3GiB / 300GiB 100.57%
05:08:39	130.3GiB / 300GiB 100.25%
05:09:10	130.3GiB / 300GiB 100.18%
05:09:41	130.3GiB / 300GiB 100.27%
05:10:12	130.3GiB / 300GiB 100.30%
05:10:43	130.3GiB / 300GiB 100.30%
05:11:14	130.3GiB / 300GiB 100.32%
05:11:45	130.3GiB / 300GiB 100.34%
05:12:16	130.3GiB / 300GiB 100.26%
05:12:47	130.3GiB / 300GiB 100.42%
05:13:18	130.3GiB / 300GiB 100.61%
05:13:49	130.3GiB / 300GiB 100.68%
05:14:20	130.3GiB / 300GiB 100.35%
05:14:51	130.3GiB / 300GiB 100.35%
05:15:22	130.3GiB / 300GiB 100.45%
05:15:53	130.3GiB / 300GiB 100.40%
05:16:25	130.3GiB / 300GiB 100.32%
05:16:56	130.3GiB / 300GiB 100.64%
05:17:27	130.3GiB / 300GiB 100.28%
05:17:58	130.3GiB / 300GiB 100.32%
05:18:29	130.3GiB / 300GiB 101.40%
05:19:00	130.3GiB / 300GiB 100.64%
05:19:31	130.3GiB / 300GiB 100.30%
05:20:02	130.3GiB / 300GiB 100.28%
05:20:33	130.3GiB / 300GiB 100.22%
05:21:04	130.3GiB / 300GiB 100.47%
05:21:35	130.3GiB / 300GiB 100.10%
05:22:06	130.3GiB / 300GiB 100.18%
05:22:37	130.3GiB / 300GiB 100.41%
05:23:08	130.3GiB / 300GiB 100.86%
05:23:39	130.3GiB / 300GiB 100.42%
05:24:10	130.3GiB / 300GiB 100.51%
05:24:41	130.3GiB / 300GiB 100.58%
05:25:12	130.3GiB / 300GiB 100.36%
05:25:43	130.3GiB / 300GiB 100.42%
05:26:14	130.3GiB / 300GiB 101.09%
05:26:45	130.3GiB / 300GiB 100.67%
05:27:16	130.3GiB / 300GiB 100.69%
05:27:47	130.3GiB / 300GiB 100.92%
05:28:18	130.3GiB / 300GiB 100.42%
05:28:49	130.3GiB / 300GiB 100.28%
05:29:20	130.3GiB / 300GiB 100.13%
05:29:51	130.3GiB / 300GiB 100.42%
05:30:22	130.3GiB / 300GiB 100.33%
05:30:53	130.3GiB / 300GiB 100.51%
05:31:24	130.3GiB / 300GiB 100.55%
05:31:55	130.3GiB / 300GiB 100.87%
05:32:26	130.3GiB / 300GiB 99.93%
05:32:57	130.3GiB / 300GiB 100.23%
05:33:28	130.3GiB / 300GiB 100.14%
05:33:59	130.3GiB / 300GiB 100.09%
05:34:30	130.3GiB / 300GiB 99.62%
05:35:02	130.3GiB / 300GiB 100.53%
05:35:33	130.3GiB / 300GiB 100.16%
05:36:04	130.3GiB / 300GiB 100.12%
05:36:35	130.3GiB / 300GiB 100.15%
05:37:06	130.3GiB / 300GiB 100.06%
05:37:37	130.3GiB / 300GiB 100.34%
05:38:08	130.3GiB / 300GiB 100.03%
05:38:39	130.3GiB / 300GiB 100.06%
05:39:10	130.3GiB / 300GiB 100.12%
05:39:41	130.3GiB / 300GiB 99.66%
05:40:12	130.3GiB / 300GiB 99.94%
05:40:43	130.3GiB / 300GiB 100.10%
05:41:14	130.3GiB / 300GiB 99.85%
05:41:45	130.3GiB / 300GiB 100.06%
05:42:16	130.3GiB / 300GiB 100.12%
05:42:47	130.3GiB / 300GiB 100.14%
05:43:18	130.3GiB / 300GiB 100.07%
05:43:49	130.3GiB / 300GiB 99.95%
05:44:20	130.3GiB / 300GiB 100.05%
05:44:51	130.3GiB / 300GiB 100.08%
05:45:22	130.3GiB / 300GiB 99.99%
05:45:53	130.3GiB / 300GiB 99.95%
05:46:25	130.3GiB / 300GiB 98.13%
05:46:56	130.3GiB / 300GiB 100.07%
05:47:27	130.3GiB / 300GiB 100.04%
05:47:58	130.3GiB / 300GiB 100.07%
05:48:29	130.3GiB / 300GiB 100.17%
05:49:00	130.3GiB / 300GiB 100.19%
05:49:31	130.3GiB / 300GiB 99.99%
05:50:02	130.3GiB / 300GiB 99.65%
05:50:33	130.3GiB / 300GiB 100.30%
05:51:04	130.3GiB / 300GiB 99.50%
05:51:35	130.3GiB / 300GiB 100.03%
05:52:06	130.3GiB / 300GiB 100.09%
05:52:37	130.3GiB / 300GiB 100.16%
05:53:08	130.3GiB / 300GiB 100.11%
05:53:39	130.3GiB / 300GiB 100.26%
05:54:10	130.3GiB / 300GiB 100.07%
05:54:41	130.3GiB / 300GiB 99.67%
05:55:12	130.3GiB / 300GiB 99.71%
05:55:43	130.3GiB / 300GiB 100.59%
05:56:15	130.3GiB / 300GiB 99.59%
05:56:46	130.3GiB / 300GiB 99.90%
05:57:17	130.3GiB / 300GiB 99.81%
05:57:48	130.3GiB / 300GiB 100.08%
05:58:19	130.3GiB / 300GiB 100.12%
05:58:50	130.3GiB / 300GiB 100.32%
05:59:21	130.3GiB / 300GiB 100.22%
05:59:52	130.3GiB / 300GiB 100.10%
06:00:23	130.3GiB / 300GiB 100.01%
06:00:54	130.3GiB / 300GiB 100.29%
06:01:25	130.3GiB / 300GiB 100.19%
06:01:56	130.3GiB / 300GiB 100.20%
06:02:27	130.3GiB / 300GiB 100.34%
06:02:58	130.3GiB / 300GiB 100.05%
06:03:29	130.3GiB / 300GiB 100.11%
06:04:00	130.3GiB / 300GiB 100.21%
06:04:31	130.3GiB / 300GiB 100.00%
06:05:02	130.3GiB / 300GiB 100.36%
06:05:33	130.3GiB / 300GiB 100.29%
06:06:05	130.3GiB / 300GiB 100.18%
06:06:36	130.3GiB / 300GiB 99.96%
06:07:07	130.3GiB / 300GiB 100.16%
06:07:38	130.3GiB / 300GiB 99.98%
06:08:09	130.3GiB / 300GiB 99.95%
06:08:40	130.3GiB / 300GiB 100.18%
06:09:11	130.3GiB / 300GiB 99.96%
06:09:42	130.3GiB / 300GiB 99.95%
06:10:13	130.3GiB / 300GiB 100.43%
06:10:44	130.3GiB / 300GiB 100.23%
06:11:15	130.3GiB / 300GiB 100.09%
06:11:46	130.3GiB / 300GiB 100.19%
06:12:17	130.3GiB / 300GiB 100.22%
06:12:48	130.3GiB / 300GiB 100.25%
06:13:19	130.3GiB / 300GiB 99.97%
06:13:50	130.3GiB / 300GiB 100.56%
06:14:21	130.3GiB / 300GiB 100.21%
06:14:52	130.3GiB / 300GiB 100.43%
06:15:23	130.3GiB / 300GiB 100.41%
06:15:54	130.3GiB / 300GiB 100.35%
06:16:25	130.3GiB / 300GiB 100.10%
06:16:57	130.3GiB / 300GiB 100.32%
06:17:28	130.3GiB / 300GiB 100.59%
06:17:59	130.3GiB / 300GiB 100.10%
06:18:30	130.3GiB / 300GiB 100.27%
06:19:01	130.3GiB / 300GiB 100.25%
06:19:32	130.3GiB / 300GiB 100.41%
06:20:03	130.3GiB / 300GiB 100.34%
06:20:34	130.3GiB / 300GiB 100.27%
06:21:05	130.3GiB / 300GiB 100.33%
06:21:36	130.3GiB / 300GiB 100.32%
06:22:07	130.3GiB / 300GiB 100.13%
06:22:38	130.3GiB / 300GiB 100.28%
06:23:09	130.3GiB / 300GiB 100.13%
06:23:40	130.3GiB / 300GiB 100.17%
06:24:11	130.3GiB / 300GiB 100.16%
06:24:42	130.3GiB / 300GiB 100.14%
06:25:13	130.3GiB / 300GiB 100.19%
06:25:44	130.3GiB / 300GiB 100.03%
06:26:15	130.3GiB / 300GiB 100.19%
06:26:46	130.3GiB / 300GiB 100.02%
06:27:17	130.3GiB / 300GiB 100.31%
06:27:48	130.3GiB / 300GiB 100.25%
06:28:19	130.3GiB / 300GiB 100.17%
06:28:50	130.3GiB / 300GiB 100.31%
06:29:22	130.3GiB / 300GiB 100.27%
06:29:53	130.3GiB / 300GiB 100.28%
06:30:24	130.3GiB / 300GiB 100.24%
06:30:55	130.3GiB / 300GiB 100.29%
06:31:26	130.3GiB / 300GiB 100.26%
06:31:57	130.3GiB / 300GiB 100.21%
06:32:28	130.3GiB / 300GiB 100.41%
06:32:59	130.3GiB / 300GiB 100.25%
06:33:30	130.3GiB / 300GiB 100.30%
06:34:01	130.3GiB / 300GiB 100.02%
06:34:32	130.3GiB / 300GiB 100.31%
06:35:03	130.3GiB / 300GiB 100.22%
06:35:34	130.3GiB / 300GiB 100.30%
06:36:05	130.3GiB / 300GiB 100.20%
06:36:36	130.3GiB / 300GiB 99.97%
06:37:07	130.3GiB / 300GiB 100.13%
06:37:38	130.3GiB / 300GiB 100.37%
06:38:09	130.3GiB / 300GiB 100.35%
06:38:40	130.3GiB / 300GiB 100.29%
06:39:11	130.3GiB / 300GiB 100.39%
06:39:42	130.3GiB / 300GiB 100.42%
06:40:13	130.3GiB / 300GiB 100.35%
06:40:44	130.3GiB / 300GiB 100.38%
06:41:15	130.3GiB / 300GiB 100.29%
06:41:46	130.3GiB / 300GiB 100.28%
06:42:18	130.3GiB / 300GiB 100.05%
06:42:49	130.3GiB / 300GiB 100.15%
06:43:20	129.8GiB / 300GiB 100.12%
06:43:51	129.8GiB / 300GiB 100.03%
06:44:22	129GiB / 300GiB 99.97%
06:44:53	128.5GiB / 300GiB 100.08%
06:45:24	127.6GiB / 300GiB 100.12%
06:45:55	127.1GiB / 300GiB 100.06%
06:46:26	126.1GiB / 300GiB 100.29%
06:46:57	126.1GiB / 300GiB 100.09%
06:47:28	126.1GiB / 300GiB 99.97%
06:47:59	126.1GiB / 300GiB 100.17%
06:48:30	126.1GiB / 300GiB 100.02%
06:49:01	126.1GiB / 300GiB 100.18%
06:49:32	126.1GiB / 300GiB 100.21%
06:50:03	126.1GiB / 300GiB 100.00%
06:50:34	126.1GiB / 300GiB 100.25%
06:51:05	126.1GiB / 300GiB 100.04%
06:51:36	126.1GiB / 300GiB 100.25%
06:52:07	126.1GiB / 300GiB 100.15%
06:52:38	126.1GiB / 300GiB 100.25%
06:53:09	126.1GiB / 300GiB 100.22%
06:53:41	126.1GiB / 300GiB 100.15%
06:54:12	126.1GiB / 300GiB 100.24%
06:54:43	126.1GiB / 300GiB 100.29%
06:55:14	126.1GiB / 300GiB 100.32%
06:55:45	126.1GiB / 300GiB 100.29%
06:56:16	126.1GiB / 300GiB 100.22%
06:56:47	126.1GiB / 300GiB 100.12%
06:57:18	126.1GiB / 300GiB 99.58%
06:57:49	126.1GiB / 300GiB 100.14%
06:58:20	126.1GiB / 300GiB 100.28%
06:58:51	126.1GiB / 300GiB 100.28%
06:59:22	126.1GiB / 300GiB 100.06%
06:59:53	126.1GiB / 300GiB 100.07%
07:00:24	126.1GiB / 300GiB 100.13%
07:00:55	126.1GiB / 300GiB 99.76%
07:01:26	126.1GiB / 300GiB 100.19%
07:01:57	126.1GiB / 300GiB 100.02%
07:02:28	126.1GiB / 300GiB 100.07%
07:02:59	126.1GiB / 300GiB 100.09%
07:03:30	126.1GiB / 300GiB 100.16%
07:04:01	126.1GiB / 300GiB 100.13%
07:04:32	126.1GiB / 300GiB 100.08%
07:05:03	126.1GiB / 300GiB 100.05%
07:05:34	126.1GiB / 300GiB 100.20%
07:06:06	126.1GiB / 300GiB 99.98%
07:06:37	126.1GiB / 300GiB 100.11%
07:07:08	126.1GiB / 300GiB 100.07%
07:07:39	126.1GiB / 300GiB 100.14%
07:08:10	126.1GiB / 300GiB 100.06%
07:08:41	126.1GiB / 300GiB 100.16%
07:09:12	126.1GiB / 300GiB 100.17%
07:09:43	126.1GiB / 300GiB 100.04%
07:10:14	126.1GiB / 300GiB 100.03%
07:10:45	126.1GiB / 300GiB 100.15%
07:11:16	126.1GiB / 300GiB 100.16%
07:11:47	126.1GiB / 300GiB 100.04%
07:12:18	126.1GiB / 300GiB 100.17%
07:12:49	126.1GiB / 300GiB 99.95%
07:13:20	126.1GiB / 300GiB 99.73%
07:13:51	126.1GiB / 300GiB 100.14%
07:14:22	126.1GiB / 300GiB 100.03%
07:14:53	126.1GiB / 300GiB 99.77%
07:15:24	126.1GiB / 300GiB 100.03%
07:15:55	126.1GiB / 300GiB 100.13%
07:16:26	126.1GiB / 300GiB 99.93%
07:16:57	126.1GiB / 300GiB 100.17%
07:17:28	126.1GiB / 300GiB 100.27%
07:18:00	126.1GiB / 300GiB 99.87%
07:18:31	126.1GiB / 300GiB 100.04%
07:19:02	126.1GiB / 300GiB 100.09%
07:19:33	126.1GiB / 300GiB 99.97%
07:20:04	126.1GiB / 300GiB 100.06%
07:20:35	126.1GiB / 300GiB 100.06%
07:21:06	126.1GiB / 300GiB 100.12%
07:21:37	126.1GiB / 300GiB 100.18%
07:22:08	126.1GiB / 300GiB 100.15%
07:22:39	126.1GiB / 300GiB 100.52%
07:23:10	126.1GiB / 300GiB 100.16%
07:23:41	126.1GiB / 300GiB 99.96%
07:24:12	126.1GiB / 300GiB 100.02%
07:24:43	126.1GiB / 300GiB 99.92%
07:25:14	126.1GiB / 300GiB 100.02%
07:25:45	126.1GiB / 300GiB 100.13%
07:26:16	126.1GiB / 300GiB 100.03%
07:26:47	126.1GiB / 300GiB 99.13%
07:27:18	126.1GiB / 300GiB 100.12%
07:27:49	126.1GiB / 300GiB 100.05%
07:28:21	126.1GiB / 300GiB 100.03%
07:28:52	126.1GiB / 300GiB 100.16%
07:29:23	126.1GiB / 300GiB 100.25%
07:29:54	126.1GiB / 300GiB 99.52%
07:30:25	126.1GiB / 300GiB 100.12%
07:30:56	126.1GiB / 300GiB 99.93%
07:31:27	126.1GiB / 300GiB 99.92%
07:31:58	126.1GiB / 300GiB 99.93%
07:32:29	126.1GiB / 300GiB 100.05%
07:33:00	126.1GiB / 300GiB 99.57%
07:33:31	126.1GiB / 300GiB 99.74%
07:34:02	126.1GiB / 300GiB 99.35%
07:34:33	126.1GiB / 300GiB 100.03%
07:35:04	126.1GiB / 300GiB 100.14%
07:35:35	126.1GiB / 300GiB 99.99%
07:36:06	126.1GiB / 300GiB 100.02%
07:36:37	126.1GiB / 300GiB 99.93%
07:37:08	126.1GiB / 300GiB 100.08%
07:37:39	126.1GiB / 300GiB 100.03%
07:38:11	126.1GiB / 300GiB 99.87%
07:38:42	125.9GiB / 300GiB 100.46%
07:39:13	125.9GiB / 300GiB 100.13%
07:39:44	125.9GiB / 300GiB 100.04%
07:40:15	125.9GiB / 300GiB 99.75%
07:40:46	125.9GiB / 300GiB 100.13%
07:41:17	125.9GiB / 300GiB 99.42%
07:41:48	125.9GiB / 300GiB 102.28%
07:42:19	125.9GiB / 300GiB 100.67%
07:42:50	125.9GiB / 300GiB 100.47%
07:43:21	125.9GiB / 300GiB 100.04%
07:43:52	125.9GiB / 300GiB 100.02%
07:44:23	125.9GiB / 300GiB 100.21%
07:44:54	125.9GiB / 300GiB 99.76%
07:45:25	125.9GiB / 300GiB 100.15%
07:45:56	125.9GiB / 300GiB 100.02%
07:46:27	125.9GiB / 300GiB 99.47%
07:46:58	125.9GiB / 300GiB 100.04%
07:47:29	125.9GiB / 300GiB 100.03%
07:48:01	125.9GiB / 300GiB 99.65%
07:48:32	125.9GiB / 300GiB 100.02%
07:49:03	125.9GiB / 300GiB 100.11%
07:49:34	125.9GiB / 300GiB 99.20%
07:50:05	111.5GiB / 300GiB 100.32%
