# ot_rb_dump max 562 instances, UI per ps 0.0010000000282819322
L	at_NE_00/ck[0]	1156.2	clk_stream
L	at_NE_01/ck[0]	807.9	clk_stream
L	at_NE_02/ck[0]	807.9	clk_stream
L	at_NE_03/ck[0]	807.9	clk_stream
L	at_NE_10/ck[0]	1156.2	clk_stream
L	at_NE_11/ck[0]	807.9	clk_stream
L	at_NE_12/ck[0]	807.9	clk_stream
L	at_NE_13/ck[0]	807.9	clk_stream
L	at_NE_20/ck[0]	1156.2	clk_stream
L	at_NE_21/ck[0]	808.2	clk_stream
L	at_NE_22/ck[0]	808.2	clk_stream
L	at_NE_23/ck[0]	808.2	clk_stream
L	at_NE_30/ck[0]	1156.2	clk_stream
L	at_NE_31/ck[0]	808.2	clk_stream
L	at_NE_32/ck[0]	808.2	clk_stream
L	at_NE_33/ck[0]	808.2	clk_stream
L	at_NW_00/ck[0]	809.5	clk_stream
L	at_NW_01/ck[0]	809.5	clk_stream
L	at_NW_02/ck[0]	809.5	clk_stream
L	at_NW_03/ck[0]	1157.5	clk_stream
L	at_NW_10/ck[0]	809.5	clk_stream
L	at_NW_11/ck[0]	809.5	clk_stream
L	at_NW_12/ck[0]	809.5	clk_stream
L	at_NW_13/ck[0]	1157.5	clk_stream
L	at_NW_20/ck[0]	809.5	clk_stream
L	at_NW_21/ck[0]	809.5	clk_stream
L	at_NW_22/ck[0]	809.5	clk_stream
L	at_NW_23/ck[0]	1157.5	clk_stream
L	at_NW_30/ck[0]	809.5	clk_stream
L	at_NW_31/ck[0]	809.5	clk_stream
L	at_NW_32/ck[0]	809.5	clk_stream
L	at_NW_33/ck[0]	1157.5	clk_stream
L	at_SE_00/ck[0]	1154.9	clk_stream
L	at_SE_01/ck[0]	808.2	clk_stream
L	at_SE_02/ck[0]	808.2	clk_stream
L	at_SE_03/ck[0]	808.2	clk_stream
L	at_SE_10/ck[0]	1154.9	clk_stream
L	at_SE_11/ck[0]	808.2	clk_stream
L	at_SE_12/ck[0]	808.2	clk_stream
L	at_SE_13/ck[0]	808.2	clk_stream
L	at_SE_20/ck[0]	1154.9	clk_stream
L	at_SE_21/ck[0]	808.2	clk_stream
L	at_SE_22/ck[0]	808.2	clk_stream
L	at_SE_23/ck[0]	808.2	clk_stream
L	at_SE_30/ck[0]	1154.9	clk_stream
L	at_SE_31/ck[0]	808.2	clk_stream
L	at_SE_32/ck[0]	808.2	clk_stream
L	at_SE_33/ck[0]	808.2	clk_stream
L	at_SW_00/ck[0]	809.5	clk_stream
L	at_SW_01/ck[0]	809.5	clk_stream
L	at_SW_02/ck[0]	809.5	clk_stream
L	at_SW_03/ck[0]	1156.2	clk_stream
L	at_SW_10/ck[0]	809.5	clk_stream
L	at_SW_11/ck[0]	809.5	clk_stream
L	at_SW_12/ck[0]	809.5	clk_stream
L	at_SW_13/ck[0]	1156.2	clk_stream
L	at_SW_20/ck[0]	809.5	clk_stream
L	at_SW_21/ck[0]	809.5	clk_stream
L	at_SW_22/ck[0]	809.5	clk_stream
L	at_SW_23/ck[0]	1156.2	clk_stream
L	at_SW_30/ck[0]	809.5	clk_stream
L	at_SW_31/ck[0]	809.5	clk_stream
L	at_SW_32/ck[0]	809.5	clk_stream
L	at_SW_33/ck[0]	1156.2	clk_stream
L	hb_barrier/ck[0]	2658.5	clk_stream
L	hb_cmdproc_n/ck[0]	2134.3	clk_stream
L	hb_cmdproc_s/ck[0]	2129.5	clk_stream
