port	instance	pin	ref	cap_fF
cfg_go	_431_	A	BUFx2_ASAP7_75t_R	0.577042
cfg_np[0]	_660_	B	AND3x1_ASAP7_75t_R	0.612447
cfg_np[1]	_658_	B	AND3x1_ASAP7_75t_R	0.612447
cfg_np[2]	_718_	B	AND3x1_ASAP7_75t_R	0.612447
cfg_ph[0]	_506_	B	OR3x1_ASAP7_75t_R	0.601460
cfg_ph[0]	_505_	A1	OA21x2_ASAP7_75t_R	0.610120
cfg_ph[0]	_502_	A	AND4x1_ASAP7_75t_R	0.656388
cfg_ph[0]	_501_	B	AND2x2_ASAP7_75t_R	0.576139
cfg_ph[0]	_482_	A	INVx1_ASAP7_75t_R	0.683678
cfg_ph[0]	_457_	A	BUFx2_ASAP7_75t_R	0.577042
cfg_ph[0]	_444_	B	OR3x1_ASAP7_75t_R	0.601460
cfg_ph[1]	_506_	C	OR3x1_ASAP7_75t_R	0.633163
cfg_ph[1]	_505_	B	OA21x2_ASAP7_75t_R	0.636321
cfg_ph[1]	_502_	D	AND4x1_ASAP7_75t_R	0.630056
cfg_ph[1]	_500_	B	AO21x1_ASAP7_75t_R	0.626818
cfg_ph[1]	_498_	B	OA21x2_ASAP7_75t_R	0.636321
cfg_ph[1]	_467_	A	INVx1_ASAP7_75t_R	0.683678
cfg_ph[1]	_454_	A	BUFx2_ASAP7_75t_R	0.577042
cfg_ph[1]	_444_	C	OR3x1_ASAP7_75t_R	0.633163
cfg_ph[2]	_453_	A	BUFx2_ASAP7_75t_R	0.577042
cfg_ph[2]	_444_	A	OR3x1_ASAP7_75t_R	0.653695
cfg_ph[3]	_516_	A	MAJx2_ASAP7_75t_R	0.660089
cfg_ph[3]	_509_	B2	AO32x1_ASAP7_75t_R	0.443089
cfg_ph[3]	_471_	A	INVx1_ASAP7_75t_R	0.683678
cfg_ph[3]	_466_	A	NOR2x1_ASAP7_75t_R	1.052750
cfg_ph[3]	_443_	A	BUFx2_ASAP7_75t_R	0.577042
cfg_ph[4]	_445_	A	BUFx2_ASAP7_75t_R	0.577042
cfg_ph[5]	_502_	C	AND4x1_ASAP7_75t_R	0.612111
cfg_ph[5]	_500_	A2	AO21x1_ASAP7_75t_R	0.634173
cfg_ph[5]	_498_	A2	OA21x2_ASAP7_75t_R	0.648490
cfg_ph[5]	_455_	A	INVx1_ASAP7_75t_R	0.683678
cfg_ph[5]	_442_	A	BUFx2_ASAP7_75t_R	0.577042
clk	u_ld.ld_run$_DFF_PN0_	CLK	DFFASRHQNx1_ASAP7_75t_R	0.503152
clk	u_ld.ld_np\[2\]$_DFFE_PP_	CLK	DFFHQNx1_ASAP7_75t_R	0.517449
clk	u_ld.ld_np\[1\]$_DFFE_PP_	CLK	DFFHQNx1_ASAP7_75t_R	0.517449
clk	u_ld.ld_np\[0\]$_DFFE_PP_	CLK	DFFHQNx1_ASAP7_75t_R	0.517449
clk	u_ld.ld_k\[4\]$_DFFE_PN0P_	CLK	DFFASRHQNx1_ASAP7_75t_R	0.503152
clk	u_ld.ld_k\[3\]$_DFFE_PN0P_	CLK	DFFASRHQNx1_ASAP7_75t_R	0.503152
clk	u_ld.ld_k\[2\]$_DFFE_PN0P_	CLK	DFFASRHQNx1_ASAP7_75t_R	0.503152
clk	u_ld.ld_k\[1\]$_DFFE_PN0P_	CLK	DFFASRHQNx1_ASAP7_75t_R	0.503152
clk	u_ld.ld_k\[0\]$_DFFE_PN0P_	CLK	DFFASRHQNx1_ASAP7_75t_R	0.503152
clk	u_ld.cm_a\[9\]$_DFFE_PP_	CLK	DFFHQNx1_ASAP7_75t_R	0.517449
clk	u_ld.cm_a\[8\]$_DFFE_PP_	CLK	DFFHQNx1_ASAP7_75t_R	0.517449
clk	u_ld.cm_a\[7\]$_DFFE_PP_	CLK	DFFHQNx1_ASAP7_75t_R	0.517449
clk	u_ld.cm_a\[6\]$_DFFE_PP_	CLK	DFFHQNx1_ASAP7_75t_R	0.517449
clk	u_ld.cm_a\[5\]$_DFFE_PP_	CLK	DFFHQNx1_ASAP7_75t_R	0.517449
clk	u_ld.cm_a\[4\]$_DFFE_PP_	CLK	DFFHQNx1_ASAP7_75t_R	0.517449
clk	u_ld.cm_a\[3\]$_DFFE_PP_	CLK	DFFHQNx1_ASAP7_75t_R	0.517449
clk	u_ld.cm_a\[2\]$_DFFE_PP_	CLK	DFFHQNx1_ASAP7_75t_R	0.517449
clk	u_ld.cm_a\[1\]$_DFFE_PP_	CLK	DFFHQNx1_ASAP7_75t_R	0.517449
clk	u_ld.cm_a\[10\]$_DFFE_PP_	CLK	DFFHQNx1_ASAP7_75t_R	0.517449
clk	u_ld.cm_a\[0\]$_DFFE_PP_	CLK	DFFHQNx1_ASAP7_75t_R	0.517449
clk	u_ld.c_v$_DFF_PN0_	CLK	DFFASRHQNx1_ASAP7_75t_R	0.503152
clk	u_ld.c_d\[9\]$_DFFE_PP_	CLK	DFFHQNx1_ASAP7_75t_R	0.517449
clk	u_ld.c_d\[8\]$_DFFE_PP_	CLK	DFFHQNx1_ASAP7_75t_R	0.517449
clk	u_ld.c_d\[7\]$_DFFE_PP_	CLK	DFFHQNx1_ASAP7_75t_R	0.517449
clk	u_ld.c_d\[6\]$_DFFE_PP_	CLK	DFFHQNx1_ASAP7_75t_R	0.517449
clk	u_ld.c_d\[5\]$_DFFE_PP_	CLK	DFFHQNx1_ASAP7_75t_R	0.517449
clk	u_ld.c_d\[4\]$_DFFE_PP_	CLK	DFFHQNx1_ASAP7_75t_R	0.517449
clk	u_ld.c_d\[47\]$_DFFE_PP_	CLK	DFFHQNx1_ASAP7_75t_R	0.517449
clk	u_ld.c_d\[46\]$_DFFE_PP_	CLK	DFFHQNx1_ASAP7_75t_R	0.517449
clk	u_ld.c_d\[45\]$_DFFE_PP_	CLK	DFFHQNx1_ASAP7_75t_R	0.517449
clk	u_ld.c_d\[44\]$_DFFE_PP_	CLK	DFFHQNx1_ASAP7_75t_R	0.517449
clk	u_ld.c_d\[43\]$_DFFE_PP_	CLK	DFFHQNx1_ASAP7_75t_R	0.517449
clk	u_ld.c_d\[42\]$_DFFE_PP_	CLK	DFFHQNx1_ASAP7_75t_R	0.517449
clk	u_ld.c_d\[41\]$_DFFE_PP_	CLK	DFFHQNx1_ASAP7_75t_R	0.517449
clk	u_ld.c_d\[40\]$_DFFE_PP_	CLK	DFFHQNx1_ASAP7_75t_R	0.517449
clk	u_ld.c_d\[3\]$_DFFE_PP_	CLK	DFFHQNx1_ASAP7_75t_R	0.517449
clk	u_ld.c_d\[39\]$_DFFE_PP_	CLK	DFFHQNx1_ASAP7_75t_R	0.517449
clk	u_ld.c_d\[38\]$_DFFE_PP_	CLK	DFFHQNx1_ASAP7_75t_R	0.517449
clk	u_ld.c_d\[37\]$_DFFE_PP_	CLK	DFFHQNx1_ASAP7_75t_R	0.517449
clk	u_ld.c_d\[36\]$_DFFE_PP_	CLK	DFFHQNx1_ASAP7_75t_R	0.517449
clk	u_ld.c_d\[35\]$_DFFE_PP_	CLK	DFFHQNx1_ASAP7_75t_R	0.517449
clk	u_ld.c_d\[34\]$_DFFE_PP_	CLK	DFFHQNx1_ASAP7_75t_R	0.517449
clk	u_ld.c_d\[33\]$_DFFE_PP_	CLK	DFFHQNx1_ASAP7_75t_R	0.517449
clk	u_ld.c_d\[32\]$_DFFE_PP_	CLK	DFFHQNx1_ASAP7_75t_R	0.517449
clk	u_ld.c_d\[31\]$_DFFE_PP_	CLK	DFFHQNx1_ASAP7_75t_R	0.517449
clk	u_ld.c_d\[30\]$_DFFE_PP_	CLK	DFFHQNx1_ASAP7_75t_R	0.517449
clk	u_ld.c_d\[2\]$_DFFE_PP_	CLK	DFFHQNx1_ASAP7_75t_R	0.517449
clk	u_ld.c_d\[29\]$_DFFE_PP_	CLK	DFFHQNx1_ASAP7_75t_R	0.517449
clk	u_ld.c_d\[28\]$_DFFE_PP_	CLK	DFFHQNx1_ASAP7_75t_R	0.517449
clk	u_ld.c_d\[27\]$_DFFE_PP_	CLK	DFFHQNx1_ASAP7_75t_R	0.517449
clk	u_ld.c_d\[26\]$_DFFE_PP_	CLK	DFFHQNx1_ASAP7_75t_R	0.517449
clk	u_ld.c_d\[25\]$_DFFE_PP_	CLK	DFFHQNx1_ASAP7_75t_R	0.517449
clk	u_ld.c_d\[24\]$_DFFE_PP_	CLK	DFFHQNx1_ASAP7_75t_R	0.517449
clk	u_ld.c_d\[23\]$_DFFE_PP_	CLK	DFFHQNx1_ASAP7_75t_R	0.517449
clk	u_ld.c_d\[22\]$_DFFE_PP_	CLK	DFFHQNx1_ASAP7_75t_R	0.517449
clk	u_ld.c_d\[21\]$_DFFE_PP_	CLK	DFFHQNx1_ASAP7_75t_R	0.517449
clk	u_ld.c_d\[20\]$_DFFE_PP_	CLK	DFFHQNx1_ASAP7_75t_R	0.517449
clk	u_ld.c_d\[1\]$_DFFE_PP_	CLK	DFFHQNx1_ASAP7_75t_R	0.517449
clk	u_ld.c_d\[19\]$_DFFE_PP_	CLK	DFFHQNx1_ASAP7_75t_R	0.517449
clk	u_ld.c_d\[18\]$_DFFE_PP_	CLK	DFFHQNx1_ASAP7_75t_R	0.517449
clk	u_ld.c_d\[17\]$_DFFE_PP_	CLK	DFFHQNx1_ASAP7_75t_R	0.517449
clk	u_ld.c_d\[16\]$_DFFE_PP_	CLK	DFFHQNx1_ASAP7_75t_R	0.517449
clk	u_ld.c_d\[15\]$_DFFE_PP_	CLK	DFFHQNx1_ASAP7_75t_R	0.517449
clk	u_ld.c_d\[14\]$_DFFE_PP_	CLK	DFFHQNx1_ASAP7_75t_R	0.517449
clk	u_ld.c_d\[13\]$_DFFE_PP_	CLK	DFFHQNx1_ASAP7_75t_R	0.517449
clk	u_ld.c_d\[12\]$_DFFE_PP_	CLK	DFFHQNx1_ASAP7_75t_R	0.517449
clk	u_ld.c_d\[11\]$_DFFE_PP_	CLK	DFFHQNx1_ASAP7_75t_R	0.517449
clk	u_ld.c_d\[10\]$_DFFE_PP_	CLK	DFFHQNx1_ASAP7_75t_R	0.517449
clk	u_ld.c_d\[0\]$_DFFE_PP_	CLK	DFFHQNx1_ASAP7_75t_R	0.517449
clk	u_ld.c_a\[4\]$_DFF_P_	CLK	DFFHQNx1_ASAP7_75t_R	0.517449
clk	u_ld.c_a\[3\]$_DFF_P_	CLK	DFFHQNx1_ASAP7_75t_R	0.517449
clk	u_ld.c_a\[2\]$_DFF_P_	CLK	DFFHQNx1_ASAP7_75t_R	0.517449
clk	u_ld.c_a\[1\]$_DFF_P_	CLK	DFFHQNx1_ASAP7_75t_R	0.517449
clk	u_ld.c_a\[0\]$_DFF_P_	CLK	DFFHQNx1_ASAP7_75t_R	0.517449
clk	u_ld.act$_DFFE_PN0P_	CLK	DFFASRHQNx1_ASAP7_75t_R	0.503152
clk	g_hard_cfg.u_cfg	clk	ot_rom_4096x72_m8	10.373200
go	_731_	B	AND2x2_ASAP7_75t_R	0.576139
rst_n	u_ld.ld_run$_DFF_PN0_	RESETN	DFFASRHQNx1_ASAP7_75t_R	0.802909
rst_n	u_ld.ld_k\[4\]$_DFFE_PN0P_	RESETN	DFFASRHQNx1_ASAP7_75t_R	0.802909
rst_n	u_ld.ld_k\[3\]$_DFFE_PN0P_	RESETN	DFFASRHQNx1_ASAP7_75t_R	0.802909
rst_n	u_ld.ld_k\[2\]$_DFFE_PN0P_	RESETN	DFFASRHQNx1_ASAP7_75t_R	0.802909
rst_n	u_ld.ld_k\[1\]$_DFFE_PN0P_	RESETN	DFFASRHQNx1_ASAP7_75t_R	0.802909
rst_n	u_ld.ld_k\[0\]$_DFFE_PN0P_	RESETN	DFFASRHQNx1_ASAP7_75t_R	0.802909
rst_n	u_ld.c_v$_DFF_PN0_	RESETN	DFFASRHQNx1_ASAP7_75t_R	0.802909
rst_n	u_ld.act$_DFFE_PN0P_	RESETN	DFFASRHQNx1_ASAP7_75t_R	0.802909
rst_n	_723_	B2	AO32x1_ASAP7_75t_R	0.443089
rst_n	_718_	C	AND3x1_ASAP7_75t_R	0.645417
rst_n	_675_	B	OA21x2_ASAP7_75t_R	0.636321
rst_n	_673_	A2	OA211x2_ASAP7_75t_R	0.570067
rst_n	_662_	A	INVx1_ASAP7_75t_R	0.683678
rst_n	_660_	C	AND3x1_ASAP7_75t_R	0.645417
rst_n	_658_	C	AND3x1_ASAP7_75t_R	0.645417
rst_n	_657_	B	NAND2x1_ASAP7_75t_R	1.078940
