kind	instance	pin	net	cap_fF	receivers
macro_input	g_hard_cfg.u_cfg	clk	clk	8.683800	
macro_input	g_hard_cfg.u_cfg	ce_in	cfg_rom_read_ce	0.578800	
macro_input	g_hard_cfg.u_cfg	addr_in[0]	cfg_rom_read_a[0]	0.578800	
macro_input	g_hard_cfg.u_cfg	addr_in[1]	cfg_rom_read_a[1]	0.578800	
macro_input	g_hard_cfg.u_cfg	addr_in[2]	cfg_rom_read_a[2]	0.578800	
macro_input	g_hard_cfg.u_cfg	addr_in[3]	cfg_rom_read_a[3]	0.578800	
macro_input	g_hard_cfg.u_cfg	addr_in[4]	cfg_rom_read_a[4]	0.578800	
macro_input	g_hard_cfg.u_cfg	addr_in[5]	cfg_rom_read_a[5]	0.578800	
macro_input	g_hard_cfg.u_cfg	addr_in[6]	cfg_rom_read_a[6]	0.578800	
macro_input	g_hard_cfg.u_cfg	addr_in[7]	cfg_rom_read_a[7]	0.578800	
macro_input	g_hard_cfg.u_cfg	addr_in[8]	cfg_rom_read_a[8]	0.578800	
macro_input	g_hard_cfg.u_cfg	addr_in[9]	cfg_rom_read_a[9]	0.578800	
macro_input	g_hard_cfg.u_cfg	addr_in[10]	cfg_rom_read_a[10]	0.578800	
macro_input	g_hard_cfg.u_cfg	addr_in[11]	cfg_rom_read_a[11]	0.578800	
macro_output	g_hard_cfg.u_cfg	rd_out[0]	g_hard_cfg.q\[0\]	0.528014	{_656_ A2 v=0.528014}
macro_output	g_hard_cfg.u_cfg	rd_out[1]	g_hard_cfg.q\[1\]	0.528014	{_654_ A2 v=0.528014}
macro_output	g_hard_cfg.u_cfg	rd_out[2]	g_hard_cfg.q\[2\]	0.528014	{_652_ A2 v=0.528014}
macro_output	g_hard_cfg.u_cfg	rd_out[3]	g_hard_cfg.q\[3\]	0.525341	{_648_ B v=0.525341}
macro_output	g_hard_cfg.u_cfg	rd_out[4]	g_hard_cfg.q\[4\]	0.525341	{_644_ B v=0.525341}
macro_output	g_hard_cfg.u_cfg	rd_out[5]	g_hard_cfg.q\[5\]	0.525341	{_640_ B v=0.525341}
macro_output	g_hard_cfg.u_cfg	rd_out[6]	g_hard_cfg.q\[6\]	0.528014	{_637_ A2 v=0.528014}
macro_output	g_hard_cfg.u_cfg	rd_out[7]	g_hard_cfg.q\[7\]	0.528014	{_635_ A2 v=0.528014}
macro_output	g_hard_cfg.u_cfg	rd_out[8]	g_hard_cfg.q\[8\]	0.528014	{_631_ A2 v=0.528014}
macro_output	g_hard_cfg.u_cfg	rd_out[9]	g_hard_cfg.q\[9\]	0.528014	{_629_ A2 v=0.528014}
macro_output	g_hard_cfg.u_cfg	rd_out[10]	g_hard_cfg.q\[10\]	0.528014	{_627_ A2 v=0.528014}
macro_output	g_hard_cfg.u_cfg	rd_out[11]	g_hard_cfg.q\[11\]	0.528014	{_625_ A2 v=0.528014}
macro_output	g_hard_cfg.u_cfg	rd_out[12]	g_hard_cfg.q\[12\]	0.528014	{_623_ A2 v=0.528014}
macro_output	g_hard_cfg.u_cfg	rd_out[13]	g_hard_cfg.q\[13\]	0.528014	{_621_ A2 v=0.528014}
macro_output	g_hard_cfg.u_cfg	rd_out[14]	g_hard_cfg.q\[14\]	0.528014	{_619_ A2 v=0.528014}
macro_output	g_hard_cfg.u_cfg	rd_out[15]	g_hard_cfg.q\[15\]	0.528014	{_617_ A2 v=0.528014}
macro_output	g_hard_cfg.u_cfg	rd_out[16]	g_hard_cfg.q\[16\]	0.528014	{_615_ A2 v=0.528014}
macro_output	g_hard_cfg.u_cfg	rd_out[17]	g_hard_cfg.q\[17\]	0.528014	{_613_ A2 v=0.528014}
macro_output	g_hard_cfg.u_cfg	rd_out[18]	g_hard_cfg.q\[18\]	0.528014	{_609_ A2 v=0.528014}
macro_output	g_hard_cfg.u_cfg	rd_out[19]	g_hard_cfg.q\[19\]	0.528014	{_607_ A2 v=0.528014}
macro_output	g_hard_cfg.u_cfg	rd_out[20]	g_hard_cfg.q\[20\]	0.528014	{_605_ A2 v=0.528014}
macro_output	g_hard_cfg.u_cfg	rd_out[21]	g_hard_cfg.q\[21\]	0.528014	{_603_ A2 v=0.528014}
macro_output	g_hard_cfg.u_cfg	rd_out[22]	g_hard_cfg.q\[22\]	0.528014	{_601_ A2 v=0.528014}
macro_output	g_hard_cfg.u_cfg	rd_out[23]	g_hard_cfg.q\[23\]	0.528014	{_599_ A2 v=0.528014}
macro_output	g_hard_cfg.u_cfg	rd_out[24]	g_hard_cfg.q\[24\]	0.528014	{_597_ A2 v=0.528014}
macro_output	g_hard_cfg.u_cfg	rd_out[25]	g_hard_cfg.q\[25\]	0.528014	{_595_ A2 v=0.528014}
macro_output	g_hard_cfg.u_cfg	rd_out[26]	g_hard_cfg.q\[26\]	0.528014	{_593_ A2 v=0.528014}
macro_output	g_hard_cfg.u_cfg	rd_out[27]	g_hard_cfg.q\[27\]	0.528014	{_591_ A2 v=0.528014}
macro_output	g_hard_cfg.u_cfg	rd_out[28]	g_hard_cfg.q\[28\]	0.528014	{_587_ A2 v=0.528014}
macro_output	g_hard_cfg.u_cfg	rd_out[29]	g_hard_cfg.q\[29\]	0.528014	{_585_ A2 v=0.528014}
macro_output	g_hard_cfg.u_cfg	rd_out[30]	g_hard_cfg.q\[30\]	0.528014	{_583_ A2 v=0.528014}
macro_output	g_hard_cfg.u_cfg	rd_out[31]	g_hard_cfg.q\[31\]	0.528014	{_581_ A2 v=0.528014}
macro_output	g_hard_cfg.u_cfg	rd_out[32]	g_hard_cfg.q\[32\]	0.528014	{_579_ A2 v=0.528014}
macro_output	g_hard_cfg.u_cfg	rd_out[33]	g_hard_cfg.q\[33\]	0.528014	{_577_ A2 v=0.528014}
macro_output	g_hard_cfg.u_cfg	rd_out[34]	g_hard_cfg.q\[34\]	0.528014	{_575_ A2 v=0.528014}
macro_output	g_hard_cfg.u_cfg	rd_out[35]	g_hard_cfg.q\[35\]	0.528014	{_573_ A2 v=0.528014}
macro_output	g_hard_cfg.u_cfg	rd_out[36]	g_hard_cfg.q\[36\]	0.528014	{_571_ A2 v=0.528014}
macro_output	g_hard_cfg.u_cfg	rd_out[37]	g_hard_cfg.q\[37\]	0.528014	{_569_ A2 v=0.528014}
macro_output	g_hard_cfg.u_cfg	rd_out[38]	g_hard_cfg.q\[38\]	0.528014	{_565_ A2 v=0.528014}
macro_output	g_hard_cfg.u_cfg	rd_out[39]	g_hard_cfg.q\[39\]	0.528014	{_563_ A2 v=0.528014}
macro_output	g_hard_cfg.u_cfg	rd_out[40]	g_hard_cfg.q\[40\]	0.528014	{_561_ A2 v=0.528014}
macro_output	g_hard_cfg.u_cfg	rd_out[41]	g_hard_cfg.q\[41\]	0.528014	{_559_ A2 v=0.528014}
macro_output	g_hard_cfg.u_cfg	rd_out[42]	g_hard_cfg.q\[42\]	0.528014	{_557_ A2 v=0.528014}
macro_output	g_hard_cfg.u_cfg	rd_out[43]	g_hard_cfg.q\[43\]	0.528014	{_555_ A2 v=0.528014}
macro_output	g_hard_cfg.u_cfg	rd_out[44]	g_hard_cfg.q\[44\]	0.528014	{_553_ A2 v=0.528014}
macro_output	g_hard_cfg.u_cfg	rd_out[45]	g_hard_cfg.q\[45\]	0.528014	{_551_ A2 v=0.528014}
macro_output	g_hard_cfg.u_cfg	rd_out[46]	g_hard_cfg.q\[46\]	0.528014	{_549_ A2 v=0.528014}
macro_output	g_hard_cfg.u_cfg	rd_out[47]	g_hard_cfg.q\[47\]	0.528014	{_714_ A2 v=0.528014}
macro_output	g_hard_cfg.u_cfg	rd_out[48]	g_hard_cfg.q\[48\]	0.	
macro_output	g_hard_cfg.u_cfg	rd_out[49]	g_hard_cfg.q\[49\]	0.	
macro_output	g_hard_cfg.u_cfg	rd_out[50]	g_hard_cfg.q\[50\]	0.	
macro_output	g_hard_cfg.u_cfg	rd_out[51]	g_hard_cfg.q\[51\]	0.	
macro_output	g_hard_cfg.u_cfg	rd_out[52]	g_hard_cfg.q\[52\]	0.	
macro_output	g_hard_cfg.u_cfg	rd_out[53]	g_hard_cfg.q\[53\]	0.	
macro_output	g_hard_cfg.u_cfg	rd_out[54]	g_hard_cfg.q\[54\]	0.	
macro_output	g_hard_cfg.u_cfg	rd_out[55]	g_hard_cfg.q\[55\]	0.	
macro_output	g_hard_cfg.u_cfg	rd_out[56]	g_hard_cfg.q\[56\]	0.	
macro_output	g_hard_cfg.u_cfg	rd_out[57]	g_hard_cfg.q\[57\]	0.	
macro_output	g_hard_cfg.u_cfg	rd_out[58]	g_hard_cfg.q\[58\]	0.	
macro_output	g_hard_cfg.u_cfg	rd_out[59]	g_hard_cfg.q\[59\]	0.	
macro_output	g_hard_cfg.u_cfg	rd_out[60]	g_hard_cfg.q\[60\]	0.	
macro_output	g_hard_cfg.u_cfg	rd_out[61]	g_hard_cfg.q\[61\]	0.	
macro_output	g_hard_cfg.u_cfg	rd_out[62]	g_hard_cfg.q\[62\]	0.	
macro_output	g_hard_cfg.u_cfg	rd_out[63]	g_hard_cfg.q\[63\]	0.	
macro_output	g_hard_cfg.u_cfg	rd_out[64]	g_hard_cfg.q\[64\]	0.	
macro_output	g_hard_cfg.u_cfg	rd_out[65]	g_hard_cfg.q\[65\]	0.	
macro_output	g_hard_cfg.u_cfg	rd_out[66]	g_hard_cfg.q\[66\]	0.	
macro_output	g_hard_cfg.u_cfg	rd_out[67]	g_hard_cfg.q\[67\]	0.	
macro_output	g_hard_cfg.u_cfg	rd_out[68]	g_hard_cfg.q\[68\]	0.	
macro_output	g_hard_cfg.u_cfg	rd_out[69]	g_hard_cfg.q\[69\]	0.	
macro_output	g_hard_cfg.u_cfg	rd_out[70]	g_hard_cfg.q\[70\]	0.	
macro_output	g_hard_cfg.u_cfg	rd_out[71]	g_hard_cfg.q\[71\]	0.	
loader_address_port		cfg_rom_a[0]	cfg_rom_a[0]	1.022837	{_701_ A1 v=0.508331} {_535_ A1 v=0.514506}
loader_address_port		cfg_rom_a[10]	cfg_rom_a[10]	0.464106	{_723_ A1 v=0.464106}
loader_address_port		cfg_rom_a[1]	cfg_rom_a[1]	1.0425200000000001	{_699_ A1 v=0.514506} {_535_ A2 v=0.528014}
loader_address_port		cfg_rom_a[2]	cfg_rom_a[2]	0.525341	{_535_ B v=0.525341}
loader_address_port		cfg_rom_a[3]	cfg_rom_a[3]	0.	
loader_address_port		cfg_rom_a[4]	cfg_rom_a[4]	0.	
loader_address_port		cfg_rom_a[5]	cfg_rom_a[5]	0.525341	{_689_ B v=0.525341}
loader_address_port		cfg_rom_a[6]	cfg_rom_a[6]	0.	
loader_address_port		cfg_rom_a[7]	cfg_rom_a[7]	1.889684	{_679_ A1 v=0.434319} {_677_ A v=0.553988} {_481_ A v=0.901377}
loader_address_port		cfg_rom_a[8]	cfg_rom_a[8]	0.450054	{_673_ A1 v=0.450054}
loader_address_port		cfg_rom_a[9]	cfg_rom_a[9]	0.901377	{_450_ A v=0.901377}
